name,folder,type,module,owner,variant,rows,columns,size_mb,indexes,has_pk,partitioned,growth_per_month,created,last_updated,fk_refs,derived_from,description
CAL_ATTAINMENT_SNAPSHOT,CORE_COMP,DATA,Calculation,Comp Engineering,BASE,24835127,30,9391.28,4,True,False,165993,2013-12-06,2026-10-07,CAL_MEASURE_RESULT,,Master/reference data: attainment snapshot
CAL_ATTAINMENT_SNAPSHOT_2021,CORE_COMP,DATA,Calculation,Comp Engineering,YEARLY,3300741,30,1719.85,8,True,False,0,2020-12-25,2022-02-14,,CAL_ATTAINMENT_SNAPSHOT,Fiscal-year 2021 split of CAL_ATTAINMENT_SNAPSHOT
CAL_ATTAINMENT_SNAPSHOT_2022,CORE_COMP,DATA,Calculation,Comp Engineering,YEARLY,3612054,30,1336.56,3,True,False,0,2021-12-18,2023-04-28,,CAL_ATTAINMENT_SNAPSHOT,Fiscal-year 2022 split of CAL_ATTAINMENT_SNAPSHOT
CAL_ATTAINMENT_SNAPSHOT_2023,CORE_COMP,DATA,Calculation,Comp Engineering,YEARLY,3511262,30,1531.42,3,True,False,0,2022-12-21,2024-02-23,,CAL_ATTAINMENT_SNAPSHOT,Fiscal-year 2023 split of CAL_ATTAINMENT_SNAPSHOT
CAL_ATTAINMENT_SNAPSHOT_2024,CORE_COMP,DATA,Calculation,Comp Engineering,YEARLY,4383824,30,2851.64,8,True,False,0,2023-12-14,2025-02-17,,CAL_ATTAINMENT_SNAPSHOT,Fiscal-year 2024 split of CAL_ATTAINMENT_SNAPSHOT
CAL_ATTAINMENT_SNAPSHOT_2025,CORE_COMP,DATA,Calculation,Comp Engineering,YEARLY,3918757,30,865.49,2,True,False,0,2024-12-14,2026-02-11,,CAL_ATTAINMENT_SNAPSHOT,Fiscal-year 2025 split of CAL_ATTAINMENT_SNAPSHOT
CAL_ATTAINMENT_SNAPSHOT_2026,CORE_COMP,DATA,Calculation,Comp Engineering,YEARLY,3465091,30,1274.27,8,True,False,519508,2025-12-21,2026-10-06,,CAL_ATTAINMENT_SNAPSHOT,Fiscal-year 2026 split of CAL_ATTAINMENT_SNAPSHOT
CAL_ATTAINMENT_SNAPSHOT_HIST,CORE_COMP,DATA,Calculation,Comp Engineering,HISTORY,146838165,34,63106.72,4,True,True,1078267,2013-12-06,2026-10-07,,CAL_ATTAINMENT_SNAPSHOT,Effective-dated history / audit trail of CAL_ATTAINMENT_SNAPSHOT
CAL_CALC_ERROR,CORE_COMP,SYSTEM,Calculation,Comp Engineering,BASE,1010295,21,210.37,5,False,False,21588,2021-05-05,2026-10-07,CAL_CALC_RUN,,System/operational log of calc error
CAL_CALC_ERROR_2020,CORE_COMP,SYSTEM,Calculation,Comp Engineering,YEARLY,110053,21,24.48,1,False,False,0,2019-12-20,2021-04-25,,CAL_CALC_ERROR,Fiscal-year 2020 split of CAL_CALC_ERROR
CAL_CALC_ERROR_2021,CORE_COMP,SYSTEM,Calculation,Comp Engineering,YEARLY,135106,21,22.68,1,True,False,0,2020-12-31,2022-04-22,,CAL_CALC_ERROR,Fiscal-year 2021 split of CAL_CALC_ERROR
CAL_CALC_ERROR_2022,CORE_COMP,SYSTEM,Calculation,Comp Engineering,YEARLY,153437,21,35.45,4,True,False,0,2021-12-30,2023-04-29,,CAL_CALC_ERROR,Fiscal-year 2022 split of CAL_CALC_ERROR
CAL_CALC_ERROR_2023,CORE_COMP,SYSTEM,Calculation,Comp Engineering,YEARLY,150574,21,32.94,2,True,False,0,2022-12-29,2024-03-15,,CAL_CALC_ERROR,Fiscal-year 2023 split of CAL_CALC_ERROR
CAL_CALC_ERROR_2024,CORE_COMP,SYSTEM,Calculation,Comp Engineering,YEARLY,161460,21,30.64,1,True,False,0,2023-12-22,2025-04-21,,CAL_CALC_ERROR,Fiscal-year 2024 split of CAL_CALC_ERROR
CAL_CALC_ERROR_2025,CORE_COMP,SYSTEM,Calculation,Comp Engineering,YEARLY,219317,21,31.13,1,True,False,0,2024-12-18,2026-04-03,,CAL_CALC_ERROR,Fiscal-year 2025 split of CAL_CALC_ERROR
CAL_CALC_ERROR_2026,CORE_COMP,SYSTEM,Calculation,Comp Engineering,YEARLY,151804,21,48.13,3,True,False,26823,2025-12-26,2026-10-05,,CAL_CALC_ERROR,Fiscal-year 2026 split of CAL_CALC_ERROR
CAL_CALC_ERROR_HIST,CORE_COMP,SYSTEM,Calculation,Comp Engineering,HISTORY,386048,25,94.72,2,True,False,10565,2021-05-05,2026-10-07,,CAL_CALC_ERROR,Effective-dated history / audit trail of CAL_CALC_ERROR
CAL_CALC_ERROR_V2,CORE_COMP,SYSTEM,Calculation,Comp Engineering,VERSIONED,690211,25,259.61,4,False,False,106863,2025-09-13,2026-09-26,,CAL_CALC_ERROR,Re-modelled version of CAL_CALC_ERROR (migration in progress)
CAL_CALC_RUN,CORE_COMP,SYSTEM,Calculation,Comp Engineering,BASE,42990,15,7.09,6,True,False,551,2015-03-15,2026-10-07,PRD_PERIOD,,System/operational log of calc run
CAL_CALC_RUN_HIST,CORE_COMP,SYSTEM,Calculation,Comp Engineering,HISTORY,17966,19,2.8,3,True,False,209,2015-03-15,2026-10-07,,CAL_CALC_RUN,Effective-dated history / audit trail of CAL_CALC_RUN
CAL_CALC_RUN_STEP,CORE_COMP,SYSTEM,Calculation,Comp Engineering,BASE,2443767,11,413.55,3,True,False,28061,2015-05-07,2026-10-07,CAL_CALC_RUN,,System/operational log of calc run step
CAL_CALC_RUN_STEP_HIST,CORE_COMP,SYSTEM,Calculation,Comp Engineering,HISTORY,2231355,15,513.03,4,True,False,21439,2015-05-07,2026-10-07,,CAL_CALC_RUN_STEP,Effective-dated history / audit trail of CAL_CALC_RUN_STEP
CAL_DEPOSIT,CORE_COMP,TRANSACTION,Calculation,Comp Engineering,BASE,57074776,60,58694.13,5,True,True,720109,2014-01-04,2026-10-07,CAL_EARNING,,Transactional records of deposit
CAL_DEPOSIT_APAC,CORE_COMP,TRANSACTION,Calculation,Comp Engineering,REGIONAL,13052037,60,16914.78,10,True,False,153680,2017-05-10,2026-10-04,,CAL_DEPOSIT,Regional partition (APAC) of CAL_DEPOSIT
CAL_DEPOSIT_BKP_20170317,CORE_COMP,TRANSACTION,Calculation,Comp Engineering,BACKUP,13393102,60,6072.96,0,False,False,0,2017-03-17,2017-03-17,,CAL_DEPOSIT,Ad-hoc backup copy of CAL_DEPOSIT taken 2017-03-17
CAL_DEPOSIT_EMEA,CORE_COMP,TRANSACTION,Calculation,Comp Engineering,REGIONAL,19722842,60,14516.09,4,True,False,196463,2017-03-25,2026-10-05,,CAL_DEPOSIT,Regional partition (EMEA) of CAL_DEPOSIT
CAL_DEPOSIT_HIST,CORE_COMP,TRANSACTION,Calculation,Comp Engineering,HISTORY,24799351,64,40033.99,14,True,False,275258,2014-01-04,2026-10-07,,CAL_DEPOSIT,Effective-dated history / audit trail of CAL_DEPOSIT
CAL_DEPOSIT_LATAM,CORE_COMP,TRANSACTION,Calculation,Comp Engineering,REGIONAL,3589700,60,3315.91,5,True,False,44656,2016-11-06,2026-10-04,,CAL_DEPOSIT,Regional partition (LATAM) of CAL_DEPOSIT
CAL_DEPOSIT_NA,CORE_COMP,TRANSACTION,Calculation,Comp Engineering,REGIONAL,26447145,60,17227.67,5,True,False,194067,2016-04-28,2026-10-04,,CAL_DEPOSIT,Regional partition (NA) of CAL_DEPOSIT
CAL_EARNING,CORE_COMP,TRANSACTION,Calculation,Comp Engineering,BASE,69445537,104,142443.65,12,True,False,1278703,2018-02-17,2026-10-06,CAL_INCENTIVE_RESULT;LKP_EARNING_TYPE,,Transactional records of earning
CAL_EARNING_APAC,CORE_COMP,TRANSACTION,Calculation,Comp Engineering,REGIONAL,15631710,104,18654.39,9,True,False,290439,2018-02-17,2026-10-05,,CAL_EARNING,Regional partition (APAC) of CAL_EARNING
CAL_EARNING_DETAIL,CORE_COMP,TRANSACTION,Calculation,Comp Engineering,BASE,1110985057,133,3205042.52,9,True,True,14438092,2014-07-31,2026-10-07,CAL_EARNING;CRD_CREDIT_TXN,,Transactional records of earning detail
CAL_EARNING_DETAIL_2018,CORE_COMP,TRANSACTION,Calculation,Comp Engineering,YEARLY,109701663,133,202228.22,14,True,True,0,2017-12-31,2019-01-11,,CAL_EARNING_DETAIL,Fiscal-year 2018 split of CAL_EARNING_DETAIL
CAL_EARNING_DETAIL_2019,CORE_COMP,TRANSACTION,Calculation,Comp Engineering,YEARLY,145652593,133,525211.17,13,True,True,0,2018-12-23,2020-02-18,,CAL_EARNING_DETAIL,Fiscal-year 2019 split of CAL_EARNING_DETAIL
CAL_EARNING_DETAIL_2020,CORE_COMP,TRANSACTION,Calculation,Comp Engineering,YEARLY,136466124,133,345188.34,9,True,True,0,2019-12-23,2021-04-28,,CAL_EARNING_DETAIL,Fiscal-year 2020 split of CAL_EARNING_DETAIL
CAL_EARNING_DETAIL_2021,CORE_COMP,TRANSACTION,Calculation,Comp Engineering,YEARLY,166659462,133,371776.36,7,True,True,0,2020-12-12,2022-04-01,,CAL_EARNING_DETAIL,Fiscal-year 2021 split of CAL_EARNING_DETAIL
CAL_EARNING_DETAIL_2022,CORE_COMP,TRANSACTION,Calculation,Comp Engineering,YEARLY,183791273,133,659854.51,14,True,True,0,2021-12-29,2023-04-21,,CAL_EARNING_DETAIL,Fiscal-year 2022 split of CAL_EARNING_DETAIL
CAL_EARNING_DETAIL_2023,CORE_COMP,TRANSACTION,Calculation,Comp Engineering,YEARLY,155118906,133,288451.61,14,True,True,0,2022-12-29,2024-02-23,,CAL_EARNING_DETAIL,Fiscal-year 2023 split of CAL_EARNING_DETAIL
CAL_EARNING_DETAIL_2024,CORE_COMP,TRANSACTION,Calculation,Comp Engineering,YEARLY,226060707,133,469176.66,7,True,True,0,2023-12-13,2025-03-16,,CAL_EARNING_DETAIL,Fiscal-year 2024 split of CAL_EARNING_DETAIL
CAL_EARNING_DETAIL_2025,CORE_COMP,TRANSACTION,Calculation,Comp Engineering,YEARLY,198423571,133,512372.8,8,True,True,0,2024-12-27,2026-02-25,,CAL_EARNING_DETAIL,Fiscal-year 2025 split of CAL_EARNING_DETAIL
CAL_EARNING_DETAIL_2026,CORE_COMP,TRANSACTION,Calculation,Comp Engineering,YEARLY,155921409,133,271064.77,12,True,True,28909497,2025-12-19,2026-10-05,,CAL_EARNING_DETAIL,Fiscal-year 2026 split of CAL_EARNING_DETAIL
CAL_EARNING_DETAIL_APAC,CORE_COMP,TRANSACTION,Calculation,Comp Engineering,REGIONAL,193300239,133,467751.97,11,True,True,2788936,2017-02-21,2026-10-07,,CAL_EARNING_DETAIL,Regional partition (APAC) of CAL_EARNING_DETAIL
CAL_EARNING_DETAIL_EMEA,CORE_COMP,TRANSACTION,Calculation,Comp Engineering,REGIONAL,239018616,133,648066.46,9,True,True,2439237,2017-04-18,2026-10-06,,CAL_EARNING_DETAIL,Regional partition (EMEA) of CAL_EARNING_DETAIL
CAL_EARNING_DETAIL_HIST,CORE_COMP,TRANSACTION,Calculation,Comp Engineering,HISTORY,419587478,137,768464.73,14,True,True,3565037,2014-07-31,2026-10-07,,CAL_EARNING_DETAIL,Effective-dated history / audit trail of CAL_EARNING_DETAIL
CAL_EARNING_DETAIL_LATAM,CORE_COMP,TRANSACTION,Calculation,Comp Engineering,REGIONAL,105014588,133,284247.78,11,True,True,1477512,2017-03-03,2026-10-04,,CAL_EARNING_DETAIL,Regional partition (LATAM) of CAL_EARNING_DETAIL
CAL_EARNING_DETAIL_NA,CORE_COMP,TRANSACTION,Calculation,Comp Engineering,REGIONAL,549836749,133,1143391.6,11,True,True,6223069,2017-03-15,2026-10-06,,CAL_EARNING_DETAIL,Regional partition (NA) of CAL_EARNING_DETAIL
CAL_EARNING_EMEA,CORE_COMP,TRANSACTION,Calculation,Comp Engineering,REGIONAL,22412489,104,22806.42,7,True,False,388079,2018-02-17,2026-10-05,,CAL_EARNING,Regional partition (EMEA) of CAL_EARNING
CAL_EARNING_HIST,CORE_COMP,TRANSACTION,Calculation,Comp Engineering,HISTORY,21405658,108,36117.67,12,True,False,371610,2018-02-17,2026-10-06,,CAL_EARNING,Effective-dated history / audit trail of CAL_EARNING
CAL_EARNING_LATAM,CORE_COMP,TRANSACTION,Calculation,Comp Engineering,REGIONAL,6949113,104,12399.0,8,True,False,111816,2018-02-17,2026-10-04,,CAL_EARNING,Regional partition (LATAM) of CAL_EARNING
CAL_EARNING_NA,CORE_COMP,TRANSACTION,Calculation,Comp Engineering,REGIONAL,32596647,104,49134.24,3,True,False,295652,2018-02-17,2026-10-05,,CAL_EARNING,Regional partition (NA) of CAL_EARNING
CAL_FORMULA,CORE_COMP,CONFIG,Calculation,Comp Engineering,BASE,4583,35,1.47,4,True,False,0,2016-09-09,2025-03-28,CMP_PLAN_COMPONENT,,Configuration for formula
CAL_FORMULA_APAC,CORE_COMP,CONFIG,Calculation,Comp Engineering,REGIONAL,882,35,0.29,3,True,False,0,2017-05-02,2025-03-28,,CAL_FORMULA,Regional partition (APAC) of CAL_FORMULA
CAL_FORMULA_BKP_20161207,CORE_COMP,CONFIG,Calculation,Comp Engineering,BACKUP,217,35,0.06,0,False,False,0,2016-12-07,2016-12-07,,CAL_FORMULA,Ad-hoc backup copy of CAL_FORMULA taken 2016-12-07
CAL_FORMULA_EMEA,CORE_COMP,CONFIG,Calculation,Comp Engineering,REGIONAL,1494,35,0.38,1,True,False,0,2017-03-03,2025-03-25,,CAL_FORMULA,Regional partition (EMEA) of CAL_FORMULA
CAL_FORMULA_HIST,CORE_COMP,CONFIG,Calculation,Comp Engineering,HISTORY,27688,39,9.34,3,True,False,0,2016-09-09,2025-03-28,,CAL_FORMULA,Effective-dated history / audit trail of CAL_FORMULA
CAL_FORMULA_LATAM,CORE_COMP,CONFIG,Calculation,Comp Engineering,REGIONAL,275,35,0.19,2,True,False,0,2017-06-30,2025-03-26,,CAL_FORMULA,Regional partition (LATAM) of CAL_FORMULA
CAL_FORMULA_NA,CORE_COMP,CONFIG,Calculation,Comp Engineering,REGIONAL,1678,35,0.77,3,True,False,0,2017-02-11,2025-03-25,,CAL_FORMULA,Regional partition (NA) of CAL_FORMULA
CAL_FORMULA_VARIABLE,CORE_COMP,CONFIG,Calculation,Comp Engineering,BASE,3341,37,1.15,3,True,False,0,2013-08-15,2026-05-14,CAL_FORMULA,,Configuration for formula variable
CAL_FORMULA_VARIABLE_HIST,CORE_COMP,CONFIG,Calculation,Comp Engineering,HISTORY,11559,41,4.48,2,True,False,0,2013-08-15,2026-05-14,,CAL_FORMULA_VARIABLE,Effective-dated history / audit trail of CAL_FORMULA_VARIABLE
CAL_INCENTIVE_RESULT,CORE_COMP,TRANSACTION,Calculation,Comp Engineering,BASE,158627164,39,132740.04,11,True,True,1679721,2014-07-29,2026-10-07,CAL_MEASURE_RESULT,,Transactional records of incentive result
CAL_INCENTIVE_RESULT_APAC,CORE_COMP,TRANSACTION,Calculation,Comp Engineering,REGIONAL,34756513,39,21954.26,6,True,False,389925,2017-02-06,2026-10-06,,CAL_INCENTIVE_RESULT,Regional partition (APAC) of CAL_INCENTIVE_RESULT
CAL_INCENTIVE_RESULT_EMEA,CORE_COMP,TRANSACTION,Calculation,Comp Engineering,REGIONAL,42988697,39,46277.52,13,True,False,480243,2016-05-07,2026-10-07,,CAL_INCENTIVE_RESULT,Regional partition (EMEA) of CAL_INCENTIVE_RESULT
CAL_INCENTIVE_RESULT_HIST,CORE_COMP,TRANSACTION,Calculation,Comp Engineering,HISTORY,71289481,43,41159.69,8,True,False,619576,2014-07-29,2026-10-07,,CAL_INCENTIVE_RESULT,Effective-dated history / audit trail of CAL_INCENTIVE_RESULT
CAL_INCENTIVE_RESULT_LATAM,CORE_COMP,TRANSACTION,Calculation,Comp Engineering,REGIONAL,12110132,39,8366.81,9,True,False,84431,2016-03-17,2026-10-06,,CAL_INCENTIVE_RESULT,Regional partition (LATAM) of CAL_INCENTIVE_RESULT
CAL_INCENTIVE_RESULT_NA,CORE_COMP,TRANSACTION,Calculation,Comp Engineering,REGIONAL,70277163,39,70195.84,11,True,True,0,2016-07-25,2018-09-18,,CAL_INCENTIVE_RESULT,Regional partition (NA) of CAL_INCENTIVE_RESULT
CAL_MEASURE_RESULT,CORE_COMP,TRANSACTION,Calculation,Comp Engineering,BASE,444659497,95,620142.49,11,True,True,5914977,2014-11-15,2026-10-07,CMP_PLAN_COMPONENT_MEASURE;PRT_PARTICIPANT;CAL_CALC_RUN,,Transactional records of measure result
CAL_MEASURE_RESULT_2018,CORE_COMP,TRANSACTION,Calculation,Comp Engineering,YEARLY,41932446,95,83028.26,10,True,False,0,2017-12-19,2019-04-07,,CAL_MEASURE_RESULT,Fiscal-year 2018 split of CAL_MEASURE_RESULT
CAL_MEASURE_RESULT_2019,CORE_COMP,TRANSACTION,Calculation,Comp Engineering,YEARLY,41283639,95,80401.07,11,True,False,0,2018-12-17,2020-02-03,,CAL_MEASURE_RESULT,Fiscal-year 2019 split of CAL_MEASURE_RESULT
CAL_MEASURE_RESULT_2020,CORE_COMP,TRANSACTION,Calculation,Comp Engineering,YEARLY,48273593,95,66831.61,4,True,False,0,2019-12-17,2021-04-22,,CAL_MEASURE_RESULT,Fiscal-year 2020 split of CAL_MEASURE_RESULT
CAL_MEASURE_RESULT_2021,CORE_COMP,TRANSACTION,Calculation,Comp Engineering,YEARLY,50680994,95,95211.38,10,True,False,0,2020-12-27,2022-03-16,,CAL_MEASURE_RESULT,Fiscal-year 2021 split of CAL_MEASURE_RESULT
CAL_MEASURE_RESULT_2022,CORE_COMP,TRANSACTION,Calculation,Comp Engineering,YEARLY,78367721,95,150498.3,8,True,False,0,2021-12-28,2023-04-24,,CAL_MEASURE_RESULT,Fiscal-year 2022 split of CAL_MEASURE_RESULT
CAL_MEASURE_RESULT_2023,CORE_COMP,TRANSACTION,Calculation,Comp Engineering,YEARLY,66965301,95,173834.12,14,True,True,0,2022-12-20,2024-03-05,,CAL_MEASURE_RESULT,Fiscal-year 2023 split of CAL_MEASURE_RESULT
CAL_MEASURE_RESULT_2024,CORE_COMP,TRANSACTION,Calculation,Comp Engineering,YEARLY,63935017,95,60927.62,3,True,False,0,2023-12-29,2025-03-08,,CAL_MEASURE_RESULT,Fiscal-year 2024 split of CAL_MEASURE_RESULT
CAL_MEASURE_RESULT_2025,CORE_COMP,TRANSACTION,Calculation,Comp Engineering,YEARLY,68610882,95,71408.22,8,True,False,0,2024-12-17,2026-02-17,,CAL_MEASURE_RESULT,Fiscal-year 2025 split of CAL_MEASURE_RESULT
CAL_MEASURE_RESULT_2026,CORE_COMP,TRANSACTION,Calculation,Comp Engineering,YEARLY,74082267,95,89000.62,7,True,True,11718397,2025-12-21,2026-10-07,,CAL_MEASURE_RESULT,Fiscal-year 2026 split of CAL_MEASURE_RESULT
CAL_MEASURE_RESULT_APAC,CORE_COMP,TRANSACTION,Calculation,Comp Engineering,REGIONAL,77569817,95,67895.92,3,True,True,790799,2016-12-25,2026-10-04,,CAL_MEASURE_RESULT,Regional partition (APAC) of CAL_MEASURE_RESULT
CAL_MEASURE_RESULT_EMEA,CORE_COMP,TRANSACTION,Calculation,Comp Engineering,REGIONAL,143423330,95,247738.13,10,True,True,1397618,2016-04-01,2026-10-07,,CAL_MEASURE_RESULT,Regional partition (EMEA) of CAL_MEASURE_RESULT
CAL_MEASURE_RESULT_HIST,CORE_COMP,TRANSACTION,Calculation,Comp Engineering,HISTORY,295280155,99,555153.35,11,True,False,2551905,2014-11-15,2026-10-07,,CAL_MEASURE_RESULT,Effective-dated history / audit trail of CAL_MEASURE_RESULT
CAL_MEASURE_RESULT_LATAM,CORE_COMP,TRANSACTION,Calculation,Comp Engineering,REGIONAL,39689981,95,62235.03,12,True,False,554040,2017-02-02,2026-10-07,,CAL_MEASURE_RESULT,Regional partition (LATAM) of CAL_MEASURE_RESULT
CAL_MEASURE_RESULT_NA,CORE_COMP,TRANSACTION,Calculation,Comp Engineering,REGIONAL,200834927,95,391695.97,11,True,True,3116727,2017-01-07,2026-10-06,,CAL_MEASURE_RESULT,Regional partition (NA) of CAL_MEASURE_RESULT
CAL_PIPELINE_CONFIG,CORE_COMP,CONFIG,Calculation,Platform Engineering,BASE,114,36,0.25,3,True,False,0,2021-08-22,2026-04-22,,,Configuration for pipeline config
CAL_PIPELINE_CONFIG_HIST,CORE_COMP,CONFIG,Calculation,Platform Engineering,HISTORY,284,40,0.31,4,True,False,0,2021-08-22,2026-04-22,,CAL_PIPELINE_CONFIG,Effective-dated history / audit trail of CAL_PIPELINE_CONFIG
CMP_ACCELERATOR_RULE,CORE_COMP,CONFIG,Plans,Comp Plan Design,BASE,841,8,0.12,1,True,False,14,2021-06-11,2026-08-10,CMP_PLAN_COMPONENT,,Configuration for accelerator rule
CMP_ACCELERATOR_RULE_HIST,CORE_COMP,CONFIG,Plans,Comp Plan Design,HISTORY,6284,12,1.15,2,True,False,99,2021-06-11,2026-08-10,,CMP_ACCELERATOR_RULE,Effective-dated history / audit trail of CMP_ACCELERATOR_RULE
CMP_BONUS_AWARD,CORE_COMP,TRANSACTION,Incentives,Comp Operations,BASE,904061,56,994.88,8,True,False,18357,2022-07-05,2026-10-07,CMP_BONUS_PROGRAM;PRT_PARTICIPANT,,Transactional records of bonus award
CMP_BONUS_AWARD_APAC,CORE_COMP,TRANSACTION,Incentives,Comp Operations,REGIONAL,212292,56,170.16,6,True,False,3754,2022-07-05,2026-10-06,,CMP_BONUS_AWARD,Regional partition (APAC) of CMP_BONUS_AWARD
CMP_BONUS_AWARD_EMEA,CORE_COMP,TRANSACTION,Incentives,Comp Operations,REGIONAL,323896,56,305.69,10,True,False,7485,2022-07-05,2026-10-06,,CMP_BONUS_AWARD,Regional partition (EMEA) of CMP_BONUS_AWARD
CMP_BONUS_AWARD_HIST,CORE_COMP,TRANSACTION,Incentives,Comp Operations,HISTORY,663576,60,612.46,4,True,False,19273,2022-07-05,2026-10-07,,CMP_BONUS_AWARD,Effective-dated history / audit trail of CMP_BONUS_AWARD
CMP_BONUS_AWARD_LATAM,CORE_COMP,TRANSACTION,Incentives,Comp Operations,REGIONAL,64222,56,34.93,4,True,False,2002,2022-07-05,2026-10-06,,CMP_BONUS_AWARD,Regional partition (LATAM) of CMP_BONUS_AWARD
CMP_BONUS_AWARD_NA,CORE_COMP,TRANSACTION,Incentives,Comp Operations,REGIONAL,506947,56,253.39,4,True,False,14760,2022-07-05,2026-10-04,,CMP_BONUS_AWARD,Regional partition (NA) of CMP_BONUS_AWARD
CMP_BONUS_PROGRAM,CORE_COMP,CONFIG,Incentives,Comp Plan Design,BASE,236,18,0.31,4,True,False,2,2014-06-20,2026-09-17,LKP_BONUS_TYPE,,Configuration for bonus program
CMP_BONUS_PROGRAM_APAC,CORE_COMP,CONFIG,Incentives,Comp Plan Design,REGIONAL,32,18,0.31,4,True,False,0,2016-05-25,2026-09-15,,CMP_BONUS_PROGRAM,Regional partition (APAC) of CMP_BONUS_PROGRAM
CMP_BONUS_PROGRAM_EMEA,CORE_COMP,CONFIG,Incentives,Comp Plan Design,REGIONAL,65,18,0.19,2,True,False,1,2017-01-26,2026-09-14,,CMP_BONUS_PROGRAM,Regional partition (EMEA) of CMP_BONUS_PROGRAM
CMP_BONUS_PROGRAM_HIST,CORE_COMP,CONFIG,Incentives,Comp Plan Design,HISTORY,1870,22,0.37,3,True,False,13,2014-06-20,2026-09-17,,CMP_BONUS_PROGRAM,Effective-dated history / audit trail of CMP_BONUS_PROGRAM
CMP_BONUS_PROGRAM_LATAM,CORE_COMP,CONFIG,Incentives,Comp Plan Design,REGIONAL,20,18,0.12,1,True,False,0,2017-01-02,2026-09-17,,CMP_BONUS_PROGRAM,Regional partition (LATAM) of CMP_BONUS_PROGRAM
CMP_BONUS_PROGRAM_NA,CORE_COMP,CONFIG,Incentives,Comp Plan Design,REGIONAL,126,18,0.12,1,True,False,1,2017-01-28,2026-09-17,,CMP_BONUS_PROGRAM,Regional partition (NA) of CMP_BONUS_PROGRAM
CMP_CAP_RULE,CORE_COMP,CONFIG,Plans,Comp Plan Design,BASE,460,16,0.25,3,True,False,5,2021-06-20,2026-08-15,CMP_PLAN_COMPONENT,,Configuration for cap rule
CMP_CAP_RULE_BKP_20231216,CORE_COMP,CONFIG,Plans,Comp Plan Design,BACKUP,211,16,0.06,0,False,False,0,2023-12-16,2023-12-16,,CMP_CAP_RULE,Ad-hoc backup copy of CMP_CAP_RULE taken 2023-12-16
CMP_CAP_RULE_BKP_20240202,CORE_COMP,CONFIG,Plans,Comp Plan Design,BACKUP,219,16,0.06,0,False,False,0,2024-02-02,2024-02-02,,CMP_CAP_RULE,Ad-hoc backup copy of CMP_CAP_RULE taken 2024-02-02
CMP_CAP_RULE_HIST,CORE_COMP,CONFIG,Plans,Comp Plan Design,HISTORY,1322,20,0.29,2,True,False,26,2021-06-20,2026-08-15,,CMP_CAP_RULE,Effective-dated history / audit trail of CMP_CAP_RULE
CMP_DECELERATOR_RULE,CORE_COMP,CONFIG,Plans,Comp Plan Design,BASE,474,27,0.15,1,True,False,21,2024-07-17,2026-09-22,CMP_PLAN_COMPONENT,,Configuration for decelerator rule
CMP_DECELERATOR_RULE_HIST,CORE_COMP,CONFIG,Plans,Comp Plan Design,HISTORY,942,31,0.39,3,True,False,32,2024-07-17,2026-09-22,,CMP_DECELERATOR_RULE,Effective-dated history / audit trail of CMP_DECELERATOR_RULE
CMP_DRAW_BALANCE,CORE_COMP,DATA,Payments,Comp Operations,BASE,96308,69,88.0,3,True,False,545,2014-09-12,2026-10-04,CMP_GUARANTEE_DRAW;PRD_PERIOD,,Master/reference data: draw balance
CMP_DRAW_BALANCE_APAC,CORE_COMP,DATA,Payments,Comp Operations,REGIONAL,14458,69,13.66,8,True,False,159,2016-11-04,2026-10-02,,CMP_DRAW_BALANCE,Regional partition (APAC) of CMP_DRAW_BALANCE
CMP_DRAW_BALANCE_EMEA,CORE_COMP,DATA,Payments,Comp Operations,REGIONAL,29827,69,25.79,2,True,False,301,2017-02-16,2026-10-01,,CMP_DRAW_BALANCE,Regional partition (EMEA) of CMP_DRAW_BALANCE
CMP_DRAW_BALANCE_HIST,CORE_COMP,DATA,Payments,Comp Operations,HISTORY,649551,73,891.35,8,True,False,5992,2014-09-12,2026-10-04,,CMP_DRAW_BALANCE,Effective-dated history / audit trail of CMP_DRAW_BALANCE
CMP_DRAW_BALANCE_LATAM,CORE_COMP,DATA,Payments,Comp Operations,REGIONAL,9904,69,7.34,5,True,False,116,2016-08-24,2026-10-02,,CMP_DRAW_BALANCE,Regional partition (LATAM) of CMP_DRAW_BALANCE
CMP_DRAW_BALANCE_NA,CORE_COMP,DATA,Payments,Comp Operations,REGIONAL,40754,69,33.29,5,True,False,347,2016-04-14,2026-10-03,,CMP_DRAW_BALANCE,Regional partition (NA) of CMP_DRAW_BALANCE
CMP_GUARANTEE_DRAW,CORE_COMP,CONFIG,Payments,Finance Systems,BASE,1866,21,0.43,2,True,False,0,2020-03-29,2025-09-26,CMP_PLAN;PRT_PARTICIPANT,,Configuration for guarantee draw
CMP_GUARANTEE_DRAW_HIST,CORE_COMP,CONFIG,Payments,Finance Systems,HISTORY,11227,25,2.06,2,True,False,0,2020-03-29,2025-09-26,,CMP_GUARANTEE_DRAW,Effective-dated history / audit trail of CMP_GUARANTEE_DRAW
CMP_PLAN,CORE_COMP,CONFIG,Plans,Comp Plan Design,BASE,1493,16,0.23,2,True,False,0,2013-11-15,2020-06-01,,,Configuration for plan
CMP_PLAN_ACCEPTANCE,CORE_COMP,DATA,Plans,Comp Engineering,BASE,223220,53,92.03,3,True,False,1598,2013-11-11,2026-09-20,CMP_PLAN_ASSIGNMENT,,Master/reference data: plan acceptance
CMP_PLAN_ACCEPTANCE_APAC,CORE_COMP,DATA,Plans,Comp Engineering,REGIONAL,33417,53,34.19,8,True,False,314,2017-03-11,2026-09-17,,CMP_PLAN_ACCEPTANCE,Regional partition (APAC) of CMP_PLAN_ACCEPTANCE
CMP_PLAN_ACCEPTANCE_EMEA,CORE_COMP,DATA,Plans,Comp Engineering,REGIONAL,74254,53,62.94,8,True,False,699,2016-09-29,2026-09-18,,CMP_PLAN_ACCEPTANCE,Regional partition (EMEA) of CMP_PLAN_ACCEPTANCE
CMP_PLAN_ACCEPTANCE_HIST,CORE_COMP,DATA,Plans,Comp Engineering,HISTORY,1421987,57,759.3,3,True,False,11358,2013-11-11,2026-09-20,,CMP_PLAN_ACCEPTANCE,Effective-dated history / audit trail of CMP_PLAN_ACCEPTANCE
CMP_PLAN_ACCEPTANCE_LATAM,CORE_COMP,DATA,Plans,Comp Engineering,REGIONAL,13768,53,11.09,7,True,False,97,2016-03-27,2026-09-18,,CMP_PLAN_ACCEPTANCE,Regional partition (LATAM) of CMP_PLAN_ACCEPTANCE
CMP_PLAN_ACCEPTANCE_NA,CORE_COMP,DATA,Plans,Comp Engineering,REGIONAL,124911,53,68.05,7,True,False,1452,2016-04-11,2026-09-20,,CMP_PLAN_ACCEPTANCE,Regional partition (NA) of CMP_PLAN_ACCEPTANCE
CMP_PLAN_APPROVAL_STEP,CORE_COMP,CONFIG,Plans,Comp Plan Design,BASE,1610,33,0.48,4,True,False,0,2014-02-18,2026-03-17,CMP_PLAN,,Configuration for plan approval step
CMP_PLAN_APPROVAL_STEP_APAC,CORE_COMP,CONFIG,Plans,Comp Plan Design,REGIONAL,264,33,0.31,4,True,False,0,2017-01-28,2026-03-17,,CMP_PLAN_APPROVAL_STEP,Regional partition (APAC) of CMP_PLAN_APPROVAL_STEP
CMP_PLAN_APPROVAL_STEP_BKP_20181123,CORE_COMP,CONFIG,Plans,Comp Plan Design,BACKUP,0,33,0.06,0,False,False,0,2018-11-23,2018-11-23,,CMP_PLAN_APPROVAL_STEP,Ad-hoc backup copy of CMP_PLAN_APPROVAL_STEP taken 2018-11-23
CMP_PLAN_APPROVAL_STEP_BKP_20181127,CORE_COMP,CONFIG,Plans,Comp Plan Design,BACKUP,563,33,0.2,0,False,False,0,2018-11-27,2018-11-27,,CMP_PLAN_APPROVAL_STEP,Ad-hoc backup copy of CMP_PLAN_APPROVAL_STEP taken 2018-11-27
CMP_PLAN_APPROVAL_STEP_EMEA,CORE_COMP,CONFIG,Plans,Comp Plan Design,REGIONAL,424,33,0.25,3,True,False,0,2016-09-04,2026-03-15,,CMP_PLAN_APPROVAL_STEP,Regional partition (EMEA) of CMP_PLAN_APPROVAL_STEP
CMP_PLAN_APPROVAL_STEP_HIST,CORE_COMP,CONFIG,Plans,Comp Plan Design,HISTORY,9495,37,4.33,3,True,False,0,2014-02-18,2026-03-17,,CMP_PLAN_APPROVAL_STEP,Effective-dated history / audit trail of CMP_PLAN_APPROVAL_STEP
CMP_PLAN_APPROVAL_STEP_LATAM,CORE_COMP,CONFIG,Plans,Comp Plan Design,REGIONAL,90,33,0.12,1,True,False,0,2016-06-21,2017-04-03,,CMP_PLAN_APPROVAL_STEP,Regional partition (LATAM) of CMP_PLAN_APPROVAL_STEP
CMP_PLAN_APPROVAL_STEP_NA,CORE_COMP,CONFIG,Plans,Comp Plan Design,REGIONAL,795,33,0.29,2,True,False,0,2016-08-15,2026-03-17,,CMP_PLAN_APPROVAL_STEP,Regional partition (NA) of CMP_PLAN_APPROVAL_STEP
CMP_PLAN_ASSIGNMENT,CORE_COMP,DATA,Plans,Comp Plan Design,BASE,309571,41,127.88,6,True,False,1975,2016-01-04,2026-08-18,CMP_PLAN_VERSION;PRT_PARTICIPANT;PRD_PERIOD,,Master/reference data: plan assignment
CMP_PLAN_ASSIGNMENT_APAC,CORE_COMP,DATA,Plans,Comp Plan Design,REGIONAL,67268,41,25.36,6,False,False,442,2016-02-25,2026-08-17,,CMP_PLAN_ASSIGNMENT,Regional partition (APAC) of CMP_PLAN_ASSIGNMENT
CMP_PLAN_ASSIGNMENT_EMEA,CORE_COMP,DATA,Plans,Comp Plan Design,REGIONAL,99401,41,55.63,3,True,False,1175,2016-04-28,2026-08-16,,CMP_PLAN_ASSIGNMENT,Regional partition (EMEA) of CMP_PLAN_ASSIGNMENT
CMP_PLAN_ASSIGNMENT_HIST,CORE_COMP,DATA,Plans,Comp Plan Design,HISTORY,2090324,45,838.69,3,True,False,14745,2016-01-04,2026-08-18,,CMP_PLAN_ASSIGNMENT,Effective-dated history / audit trail of CMP_PLAN_ASSIGNMENT
CMP_PLAN_ASSIGNMENT_LATAM,CORE_COMP,DATA,Plans,Comp Plan Design,REGIONAL,17963,41,13.41,6,True,False,0,2017-05-12,2018-04-20,,CMP_PLAN_ASSIGNMENT,Regional partition (LATAM) of CMP_PLAN_ASSIGNMENT
CMP_PLAN_ASSIGNMENT_NA,CORE_COMP,DATA,Plans,Comp Plan Design,REGIONAL,161793,41,95.69,6,True,False,1466,2016-09-08,2026-08-15,,CMP_PLAN_ASSIGNMENT,Regional partition (NA) of CMP_PLAN_ASSIGNMENT
CMP_PLAN_COMPONENT,CORE_COMP,CONFIG,Plans,Comp Engineering,BASE,11671,25,4.8,4,True,False,47,2014-11-25,2026-06-12,CMP_PLAN_VERSION,,Configuration for plan component
CMP_PLAN_COMPONENT_APAC,CORE_COMP,CONFIG,Plans,Comp Engineering,REGIONAL,2406,25,0.59,3,True,False,14,2016-08-31,2026-06-09,,CMP_PLAN_COMPONENT,Regional partition (APAC) of CMP_PLAN_COMPONENT
CMP_PLAN_COMPONENT_EMEA,CORE_COMP,CONFIG,Plans,Comp Engineering,REGIONAL,3115,25,0.8,1,True,False,24,2016-07-19,2026-06-11,,CMP_PLAN_COMPONENT,Regional partition (EMEA) of CMP_PLAN_COMPONENT
CMP_PLAN_COMPONENT_HIST,CORE_COMP,CONFIG,Plans,Comp Engineering,HISTORY,65864,29,20.33,2,True,False,471,2014-11-25,2026-06-12,,CMP_PLAN_COMPONENT,Effective-dated history / audit trail of CMP_PLAN_COMPONENT
CMP_PLAN_COMPONENT_LATAM,CORE_COMP,CONFIG,Plans,Comp Engineering,REGIONAL,869,25,0.25,1,True,False,4,2016-04-19,2026-06-09,,CMP_PLAN_COMPONENT,Regional partition (LATAM) of CMP_PLAN_COMPONENT
CMP_PLAN_COMPONENT_MEASURE,CORE_COMP,CONFIG,Plans,Comp Plan Design,BASE,20766,14,3.23,2,True,False,0,2019-04-09,2026-03-22,CMP_PLAN_COMPONENT;LKP_MEASURE_TYPE,,Configuration for plan component measure
CMP_PLAN_COMPONENT_MEASURE_APAC,CORE_COMP,CONFIG,Plans,Comp Plan Design,REGIONAL,3539,14,0.82,3,True,False,0,2019-04-09,2020-04-24,,CMP_PLAN_COMPONENT_MEASURE,Regional partition (APAC) of CMP_PLAN_COMPONENT_MEASURE
CMP_PLAN_COMPONENT_MEASURE_EMEA,CORE_COMP,CONFIG,Plans,Comp Plan Design,REGIONAL,4170,14,0.65,4,True,False,0,2019-04-09,2026-03-21,,CMP_PLAN_COMPONENT_MEASURE,Regional partition (EMEA) of CMP_PLAN_COMPONENT_MEASURE
CMP_PLAN_COMPONENT_MEASURE_HIST,CORE_COMP,CONFIG,Plans,Comp Plan Design,HISTORY,149406,18,31.5,4,True,False,0,2019-04-09,2026-03-22,,CMP_PLAN_COMPONENT_MEASURE,Effective-dated history / audit trail of CMP_PLAN_COMPONENT_MEASURE
CMP_PLAN_COMPONENT_MEASURE_LATAM,CORE_COMP,CONFIG,Plans,Comp Plan Design,REGIONAL,2066,14,0.31,1,True,False,0,2019-04-09,2026-03-21,,CMP_PLAN_COMPONENT_MEASURE,Regional partition (LATAM) of CMP_PLAN_COMPONENT_MEASURE
CMP_PLAN_COMPONENT_MEASURE_NA,CORE_COMP,CONFIG,Plans,Comp Plan Design,REGIONAL,11008,14,1.66,2,True,False,0,2019-04-09,2026-03-19,,CMP_PLAN_COMPONENT_MEASURE,Regional partition (NA) of CMP_PLAN_COMPONENT_MEASURE
CMP_PLAN_COMPONENT_NA,CORE_COMP,CONFIG,Plans,Comp Engineering,REGIONAL,4923,25,1.58,3,True,False,55,2017-01-18,2026-06-11,,CMP_PLAN_COMPONENT,Regional partition (NA) of CMP_PLAN_COMPONENT
CMP_PLAN_COMPONENT_V2,CORE_COMP,CONFIG,Plans,Comp Engineering,VERSIONED,15,29,0.19,2,True,False,0,2026-01-06,2026-03-31,,CMP_PLAN_COMPONENT,Re-modelled version of CMP_PLAN_COMPONENT (abandoned migration)
CMP_PLAN_DOCUMENT,CORE_COMP,DATA,Plans,Comp Plan Design,BASE,147585,33,87.39,7,True,False,977,2014-12-15,2026-10-04,CMP_PLAN_ASSIGNMENT,,Master/reference data: plan document
CMP_PLAN_DOCUMENT_APAC,CORE_COMP,DATA,Plans,Comp Plan Design,REGIONAL,25940,33,6.87,2,True,False,229,2017-05-07,2026-10-04,,CMP_PLAN_DOCUMENT,Regional partition (APAC) of CMP_PLAN_DOCUMENT
CMP_PLAN_DOCUMENT_EMEA,CORE_COMP,DATA,Plans,Comp Plan Design,REGIONAL,52272,33,23.8,2,True,False,477,2016-05-03,2026-10-04,,CMP_PLAN_DOCUMENT,Regional partition (EMEA) of CMP_PLAN_DOCUMENT
CMP_PLAN_DOCUMENT_HIST,CORE_COMP,DATA,Plans,Comp Plan Design,HISTORY,958743,37,353.62,4,True,False,9692,2014-12-15,2026-10-04,,CMP_PLAN_DOCUMENT,Effective-dated history / audit trail of CMP_PLAN_DOCUMENT
CMP_PLAN_DOCUMENT_LATAM,CORE_COMP,DATA,Plans,Comp Plan Design,REGIONAL,14730,33,8.17,5,True,False,158,2017-01-03,2026-10-04,,CMP_PLAN_DOCUMENT,Regional partition (LATAM) of CMP_PLAN_DOCUMENT
CMP_PLAN_DOCUMENT_NA,CORE_COMP,DATA,Plans,Comp Plan Design,REGIONAL,51842,33,24.97,6,True,False,418,2016-03-27,2026-10-02,,CMP_PLAN_DOCUMENT,Regional partition (NA) of CMP_PLAN_DOCUMENT
CMP_PLAN_DOCUMENT_V2,CORE_COMP,DATA,Plans,Comp Plan Design,VERSIONED,94503,34,37.82,6,True,False,2484,2024-07-06,2026-09-24,,CMP_PLAN_DOCUMENT,Re-modelled version of CMP_PLAN_DOCUMENT (migration in progress)
CMP_PLAN_ELIGIBILITY_RULE,CORE_COMP,CONFIG,Plans,Comp Plan Design,BASE,1651,18,0.24,1,True,False,13,2014-04-09,2026-09-13,CMP_PLAN,,Configuration for plan eligibility rule
CMP_PLAN_ELIGIBILITY_RULE_APAC,CORE_COMP,CONFIG,Plans,Comp Plan Design,REGIONAL,240,18,0.12,1,True,False,2,2017-03-04,2026-09-10,,CMP_PLAN_ELIGIBILITY_RULE,Regional partition (APAC) of CMP_PLAN_ELIGIBILITY_RULE
CMP_PLAN_ELIGIBILITY_RULE_BKP_20230707,CORE_COMP,CONFIG,Plans,Comp Plan Design,BACKUP,1161,18,0.16,0,False,False,0,2023-07-07,2023-07-07,,CMP_PLAN_ELIGIBILITY_RULE,Ad-hoc backup copy of CMP_PLAN_ELIGIBILITY_RULE taken 2023-07-07
CMP_PLAN_ELIGIBILITY_RULE_EMEA,CORE_COMP,CONFIG,Plans,Comp Plan Design,REGIONAL,443,18,0.25,3,True,False,4,2016-01-27,2026-09-12,,CMP_PLAN_ELIGIBILITY_RULE,Regional partition (EMEA) of CMP_PLAN_ELIGIBILITY_RULE
CMP_PLAN_ELIGIBILITY_RULE_HIST,CORE_COMP,CONFIG,Plans,Comp Plan Design,HISTORY,4393,22,1.02,1,True,False,28,2014-04-09,2026-09-13,,CMP_PLAN_ELIGIBILITY_RULE,Effective-dated history / audit trail of CMP_PLAN_ELIGIBILITY_RULE
CMP_PLAN_ELIGIBILITY_RULE_LATAM,CORE_COMP,CONFIG,Plans,Comp Plan Design,REGIONAL,146,18,0.25,3,True,False,1,2016-12-22,2026-09-10,,CMP_PLAN_ELIGIBILITY_RULE,Regional partition (LATAM) of CMP_PLAN_ELIGIBILITY_RULE
CMP_PLAN_ELIGIBILITY_RULE_NA,CORE_COMP,CONFIG,Plans,Comp Plan Design,REGIONAL,824,18,0.2,2,True,False,9,2016-12-17,2026-09-11,,CMP_PLAN_ELIGIBILITY_RULE,Regional partition (NA) of CMP_PLAN_ELIGIBILITY_RULE
CMP_PLAN_GOAL_SHEET,CORE_COMP,DATA,Plans,Comp Plan Design,BASE,152604,29,54.75,5,True,False,1026,2013-12-28,2026-09-28,CMP_PLAN_ASSIGNMENT,,Master/reference data: plan goal sheet
CMP_PLAN_GOAL_SHEET_APAC,CORE_COMP,DATA,Plans,Comp Plan Design,REGIONAL,21919,29,9.22,3,True,False,153,2016-08-25,2026-09-27,,CMP_PLAN_GOAL_SHEET,Regional partition (APAC) of CMP_PLAN_GOAL_SHEET
CMP_PLAN_GOAL_SHEET_EMEA,CORE_COMP,DATA,Plans,Comp Plan Design,REGIONAL,39756,29,17.13,7,True,False,0,2016-07-01,2018-11-10,,CMP_PLAN_GOAL_SHEET,Regional partition (EMEA) of CMP_PLAN_GOAL_SHEET
CMP_PLAN_GOAL_SHEET_HIST,CORE_COMP,DATA,Plans,Comp Plan Design,HISTORY,755344,33,353.05,5,True,False,4979,2013-12-28,2026-09-28,,CMP_PLAN_GOAL_SHEET,Effective-dated history / audit trail of CMP_PLAN_GOAL_SHEET
CMP_PLAN_GOAL_SHEET_LATAM,CORE_COMP,DATA,Plans,Comp Plan Design,REGIONAL,10342,29,2.81,3,True,False,123,2017-02-16,2026-09-28,,CMP_PLAN_GOAL_SHEET,Regional partition (LATAM) of CMP_PLAN_GOAL_SHEET
CMP_PLAN_GOAL_SHEET_NA,CORE_COMP,DATA,Plans,Comp Plan Design,REGIONAL,85271,29,36.63,3,True,False,473,2016-01-06,2026-09-28,,CMP_PLAN_GOAL_SHEET,Regional partition (NA) of CMP_PLAN_GOAL_SHEET
CMP_PLAN_HIST,CORE_COMP,CONFIG,Plans,Comp Plan Design,HISTORY,4258,20,1.16,2,True,False,0,2013-11-15,2020-06-01,,CMP_PLAN,Effective-dated history / audit trail of CMP_PLAN
CMP_PLAN_MODIFIER,CORE_COMP,CONFIG,Plans,Comp Plan Design,BASE,1752,33,0.7,1,True,False,14,2014-11-19,2026-08-12,CMP_PLAN_COMPONENT,,Configuration for plan modifier
CMP_PLAN_MODIFIER_APAC,CORE_COMP,CONFIG,Plans,Comp Plan Design,REGIONAL,389,33,0.12,1,True,False,3,2016-01-14,2026-08-10,,CMP_PLAN_MODIFIER,Regional partition (APAC) of CMP_PLAN_MODIFIER
CMP_PLAN_MODIFIER_EMEA,CORE_COMP,CONFIG,Plans,Comp Plan Design,REGIONAL,620,33,0.25,3,True,False,5,2017-01-22,2026-08-12,,CMP_PLAN_MODIFIER,Regional partition (EMEA) of CMP_PLAN_MODIFIER
CMP_PLAN_MODIFIER_HIST,CORE_COMP,CONFIG,Plans,Comp Plan Design,HISTORY,6898,37,3.35,2,True,False,42,2014-11-19,2026-08-12,,CMP_PLAN_MODIFIER,Effective-dated history / audit trail of CMP_PLAN_MODIFIER
CMP_PLAN_MODIFIER_LATAM,CORE_COMP,CONFIG,Plans,Comp Plan Design,REGIONAL,112,33,0.25,3,True,False,1,2016-09-08,2026-08-09,,CMP_PLAN_MODIFIER,Regional partition (LATAM) of CMP_PLAN_MODIFIER
CMP_PLAN_MODIFIER_NA,CORE_COMP,CONFIG,Plans,Comp Plan Design,REGIONAL,640,33,0.27,3,True,False,4,2016-01-28,2026-08-11,,CMP_PLAN_MODIFIER,Regional partition (NA) of CMP_PLAN_MODIFIER
CMP_PLAN_TEMPLATE,CORE_COMP,CONFIG,Plans,Comp Engineering,BASE,67,26,0.31,4,True,False,0,2014-10-18,2025-08-28,LKP_PLAN_TYPE,,Configuration for plan template
CMP_PLAN_TEMPLATE_APAC,CORE_COMP,CONFIG,Plans,Comp Engineering,REGIONAL,10,26,0.31,4,True,False,0,2016-08-05,2025-08-28,,CMP_PLAN_TEMPLATE,Regional partition (APAC) of CMP_PLAN_TEMPLATE
CMP_PLAN_TEMPLATE_BKP_20250630,CORE_COMP,CONFIG,Plans,Comp Engineering,BACKUP,56,26,0.06,0,False,False,0,2025-06-30,2025-06-30,,CMP_PLAN_TEMPLATE,Ad-hoc backup copy of CMP_PLAN_TEMPLATE taken 2025-06-30
CMP_PLAN_TEMPLATE_EMEA,CORE_COMP,CONFIG,Plans,Comp Engineering,REGIONAL,19,26,0.12,1,True,False,0,2016-02-12,2025-08-28,,CMP_PLAN_TEMPLATE,Regional partition (EMEA) of CMP_PLAN_TEMPLATE
CMP_PLAN_TEMPLATE_HIST,CORE_COMP,CONFIG,Plans,Comp Engineering,HISTORY,464,30,0.16,1,True,False,0,2014-10-18,2025-08-28,,CMP_PLAN_TEMPLATE,Effective-dated history / audit trail of CMP_PLAN_TEMPLATE
CMP_PLAN_TEMPLATE_LATAM,CORE_COMP,CONFIG,Plans,Comp Engineering,REGIONAL,4,26,0.31,4,True,False,0,2016-12-18,2025-08-28,,CMP_PLAN_TEMPLATE,Regional partition (LATAM) of CMP_PLAN_TEMPLATE
CMP_PLAN_TEMPLATE_NA,CORE_COMP,CONFIG,Plans,Comp Engineering,REGIONAL,0,26,0.31,4,True,False,0,2016-06-30,2025-08-28,,CMP_PLAN_TEMPLATE,Regional partition (NA) of CMP_PLAN_TEMPLATE
CMP_PLAN_VERSION,CORE_COMP,CONFIG,Plans,Comp Plan Design,BASE,5873,13,0.63,2,True,False,43,2013-05-01,2026-08-08,CMP_PLAN,,Configuration for plan version
CMP_PLAN_VERSION_APAC,CORE_COMP,CONFIG,Plans,Comp Plan Design,REGIONAL,1070,13,0.25,3,True,False,9,2016-09-23,2026-08-08,,CMP_PLAN_VERSION,Regional partition (APAC) of CMP_PLAN_VERSION
CMP_PLAN_VERSION_EMEA,CORE_COMP,CONFIG,Plans,Comp Plan Design,REGIONAL,1652,13,0.32,2,True,False,16,2016-02-24,2026-08-05,,CMP_PLAN_VERSION,Regional partition (EMEA) of CMP_PLAN_VERSION
CMP_PLAN_VERSION_HIST,CORE_COMP,CONFIG,Plans,Comp Plan Design,HISTORY,26299,17,3.33,1,True,False,95,2013-05-01,2026-08-08,,CMP_PLAN_VERSION,Effective-dated history / audit trail of CMP_PLAN_VERSION
CMP_PLAN_VERSION_LATAM,CORE_COMP,CONFIG,Plans,Comp Plan Design,REGIONAL,487,13,0.25,3,True,False,4,2016-08-08,2026-08-05,,CMP_PLAN_VERSION,Regional partition (LATAM) of CMP_PLAN_VERSION
CMP_PLAN_VERSION_NA,CORE_COMP,CONFIG,Plans,Comp Plan Design,REGIONAL,3156,13,0.68,3,True,False,22,2016-05-27,2026-08-07,,CMP_PLAN_VERSION,Regional partition (NA) of CMP_PLAN_VERSION
CMP_PLAN_VERSION_V2,CORE_COMP,CONFIG,Plans,Comp Plan Design,VERSIONED,4879,12,0.49,2,True,False,432,2025-12-24,2026-09-17,,CMP_PLAN_VERSION,Re-modelled version of CMP_PLAN_VERSION (migration in progress)
CMP_SPIFF_AWARD,CORE_COMP,TRANSACTION,Incentives,Comp Plan Design,BASE,970708,105,2367.99,14,True,False,7648,2013-04-12,2026-10-06,CMP_SPIFF_PROGRAM;PRT_PARTICIPANT,,Transactional records of spiff award
CMP_SPIFF_AWARD_APAC,CORE_COMP,TRANSACTION,Incentives,Comp Plan Design,REGIONAL,219849,105,279.55,7,True,False,1997,2016-11-21,2026-10-04,,CMP_SPIFF_AWARD,Regional partition (APAC) of CMP_SPIFF_AWARD
CMP_SPIFF_AWARD_EMEA,CORE_COMP,TRANSACTION,Incentives,Comp Plan Design,REGIONAL,237267,105,384.14,7,True,False,3724,2016-10-28,2026-10-06,,CMP_SPIFF_AWARD,Regional partition (EMEA) of CMP_SPIFF_AWARD
CMP_SPIFF_AWARD_HIST,CORE_COMP,TRANSACTION,Incentives,Comp Plan Design,HISTORY,883751,109,2037.82,9,True,False,7396,2013-04-12,2026-10-06,,CMP_SPIFF_AWARD,Effective-dated history / audit trail of CMP_SPIFF_AWARD
CMP_SPIFF_AWARD_LATAM,CORE_COMP,TRANSACTION,Incentives,Comp Plan Design,REGIONAL,83024,105,113.51,12,True,False,721,2016-11-05,2026-10-05,,CMP_SPIFF_AWARD,Regional partition (LATAM) of CMP_SPIFF_AWARD
CMP_SPIFF_AWARD_NA,CORE_COMP,TRANSACTION,Incentives,Comp Plan Design,REGIONAL,396410,105,533.76,4,True,False,3204,2016-03-22,2026-10-04,,CMP_SPIFF_AWARD,Regional partition (NA) of CMP_SPIFF_AWARD
CMP_SPIFF_PROGRAM,CORE_COMP,CONFIG,Incentives,Comp Plan Design,BASE,458,12,0.31,4,True,False,2,2014-12-02,2026-07-10,LKP_BONUS_TYPE,,Configuration for spiff program
CMP_SPIFF_PROGRAM_HIST,CORE_COMP,CONFIG,Incentives,Comp Plan Design,HISTORY,3452,16,0.6,1,True,False,15,2014-12-02,2026-07-10,,CMP_SPIFF_PROGRAM,Effective-dated history / audit trail of CMP_SPIFF_PROGRAM
CMP_SPIFF_PROGRAM_V2,CORE_COMP,CONFIG,Incentives,Comp Plan Design,VERSIONED,409,12,0.19,2,True,False,16,2025-01-29,2026-09-25,,CMP_SPIFF_PROGRAM,Re-modelled version of CMP_SPIFF_PROGRAM (migration in progress)
CRD_CREDIT_ALLOCATION,CORE_COMP,TRANSACTION,Crediting,Comp Operations,BASE,367445635,129,745940.24,12,True,True,3708551,2015-10-10,2026-10-06,CRD_CREDIT_TXN;PRT_POSITION,,Transactional records of credit allocation
CRD_CREDIT_ALLOCATION_2021,CORE_COMP,TRANSACTION,Crediting,Comp Operations,YEARLY,58389577,129,78827.1,4,True,True,0,2020-12-28,2022-04-02,,CRD_CREDIT_ALLOCATION,Fiscal-year 2021 split of CRD_CREDIT_ALLOCATION
CRD_CREDIT_ALLOCATION_2022,CORE_COMP,TRANSACTION,Crediting,Comp Operations,YEARLY,62247971,129,102657.41,6,True,True,0,2021-12-25,2023-03-30,,CRD_CREDIT_ALLOCATION,Fiscal-year 2022 split of CRD_CREDIT_ALLOCATION
CRD_CREDIT_ALLOCATION_2023,CORE_COMP,TRANSACTION,Crediting,Comp Operations,YEARLY,58906144,129,58588.05,3,True,True,0,2022-12-22,2024-03-11,,CRD_CREDIT_ALLOCATION,Fiscal-year 2023 split of CRD_CREDIT_ALLOCATION
CRD_CREDIT_ALLOCATION_2024,CORE_COMP,TRANSACTION,Crediting,Comp Operations,YEARLY,61409157,129,190289.1,12,True,True,0,2023-12-15,2025-05-01,,CRD_CREDIT_ALLOCATION,Fiscal-year 2024 split of CRD_CREDIT_ALLOCATION
CRD_CREDIT_ALLOCATION_2025,CORE_COMP,TRANSACTION,Crediting,Comp Operations,YEARLY,72106270,129,169160.85,13,True,True,0,2024-12-25,2026-03-14,,CRD_CREDIT_ALLOCATION,Fiscal-year 2025 split of CRD_CREDIT_ALLOCATION
CRD_CREDIT_ALLOCATION_2026,CORE_COMP,TRANSACTION,Crediting,Comp Operations,YEARLY,62683923,129,141583.5,14,True,True,6630263,2025-12-27,2026-10-05,,CRD_CREDIT_ALLOCATION,Fiscal-year 2026 split of CRD_CREDIT_ALLOCATION
CRD_CREDIT_ALLOCATION_APAC,CORE_COMP,TRANSACTION,Crediting,Comp Operations,REGIONAL,55174797,129,140981.18,11,True,True,766142,2017-04-14,2026-10-05,,CRD_CREDIT_ALLOCATION,Regional partition (APAC) of CRD_CREDIT_ALLOCATION
CRD_CREDIT_ALLOCATION_EMEA,CORE_COMP,TRANSACTION,Crediting,Comp Operations,REGIONAL,123059782,129,447116.68,14,True,True,1259132,2016-11-04,2026-10-04,,CRD_CREDIT_ALLOCATION,Regional partition (EMEA) of CRD_CREDIT_ALLOCATION
CRD_CREDIT_ALLOCATION_HIST,CORE_COMP,TRANSACTION,Crediting,Comp Operations,HISTORY,351022932,133,516633.36,8,True,True,3538438,2015-10-10,2026-10-06,,CRD_CREDIT_ALLOCATION,Effective-dated history / audit trail of CRD_CREDIT_ALLOCATION
CRD_CREDIT_ALLOCATION_LATAM,CORE_COMP,TRANSACTION,Crediting,Comp Operations,REGIONAL,25324376,129,76047.09,14,True,False,0,2016-02-15,2019-08-26,,CRD_CREDIT_ALLOCATION,Regional partition (LATAM) of CRD_CREDIT_ALLOCATION
CRD_CREDIT_ALLOCATION_NA,CORE_COMP,TRANSACTION,Crediting,Comp Operations,REGIONAL,177367467,129,301946.57,4,True,True,2344494,2017-03-12,2026-10-03,,CRD_CREDIT_ALLOCATION,Regional partition (NA) of CRD_CREDIT_ALLOCATION
CRD_CREDIT_EXCEPTION,CORE_COMP,DATA,Crediting,Comp Engineering,BASE,723224,52,805.09,8,True,False,11696,2022-06-26,2026-10-06,CRD_CREDIT_TXN,,Master/reference data: credit exception
CRD_CREDIT_EXCEPTION_HIST,CORE_COMP,DATA,Crediting,Comp Engineering,HISTORY,5775550,56,2690.48,5,True,False,151428,2022-06-26,2026-10-06,,CRD_CREDIT_EXCEPTION,Effective-dated history / audit trail of CRD_CREDIT_EXCEPTION
CRD_CREDIT_HOLD,CORE_COMP,TRANSACTION,Crediting,Comp Engineering,BASE,2175172,62,1728.47,10,True,False,24110,2014-06-19,2026-10-07,CRD_CREDIT_TXN;LKP_HOLD_REASON,,Transactional records of credit hold
CRD_CREDIT_HOLD_APAC,CORE_COMP,TRANSACTION,Crediting,Comp Engineering,REGIONAL,462755,62,412.64,10,True,False,7195,2017-02-18,2026-10-04,,CRD_CREDIT_HOLD,Regional partition (APAC) of CRD_CREDIT_HOLD
CRD_CREDIT_HOLD_EMEA,CORE_COMP,TRANSACTION,Crediting,Comp Engineering,REGIONAL,790051,62,650.68,9,True,False,5754,2016-03-19,2026-10-07,,CRD_CREDIT_HOLD,Regional partition (EMEA) of CRD_CREDIT_HOLD
CRD_CREDIT_HOLD_HIST,CORE_COMP,TRANSACTION,Crediting,Comp Engineering,HISTORY,1593484,66,1414.95,5,True,False,19788,2014-06-19,2026-10-07,,CRD_CREDIT_HOLD,Effective-dated history / audit trail of CRD_CREDIT_HOLD
CRD_CREDIT_HOLD_LATAM,CORE_COMP,TRANSACTION,Crediting,Comp Engineering,REGIONAL,201015,62,143.43,5,True,False,2955,2017-03-09,2026-10-05,,CRD_CREDIT_HOLD,Regional partition (LATAM) of CRD_CREDIT_HOLD
CRD_CREDIT_HOLD_NA,CORE_COMP,TRANSACTION,Crediting,Comp Engineering,REGIONAL,947281,62,489.55,3,True,False,13823,2016-04-28,2026-10-04,,CRD_CREDIT_HOLD,Regional partition (NA) of CRD_CREDIT_HOLD
CRD_CREDIT_REVERSAL,CORE_COMP,TRANSACTION,Crediting,Comp Engineering,BASE,11668688,91,12768.78,5,True,True,151669,2014-04-30,2026-10-07,CRD_CREDIT_TXN,,Transactional records of credit reversal
CRD_CREDIT_REVERSAL_APAC,CORE_COMP,TRANSACTION,Crediting,Comp Engineering,REGIONAL,2072537,91,2826.94,12,True,False,15197,2017-02-06,2026-10-07,,CRD_CREDIT_REVERSAL,Regional partition (APAC) of CRD_CREDIT_REVERSAL
CRD_CREDIT_REVERSAL_EMEA,CORE_COMP,TRANSACTION,Crediting,Comp Engineering,REGIONAL,3991417,91,3927.4,7,True,False,26915,2016-04-21,2026-10-05,,CRD_CREDIT_REVERSAL,Regional partition (EMEA) of CRD_CREDIT_REVERSAL
CRD_CREDIT_REVERSAL_HIST,CORE_COMP,TRANSACTION,Crediting,Comp Engineering,HISTORY,8908156,95,21071.34,13,True,False,55047,2014-04-30,2026-10-07,,CRD_CREDIT_REVERSAL,Effective-dated history / audit trail of CRD_CREDIT_REVERSAL
CRD_CREDIT_REVERSAL_LATAM,CORE_COMP,TRANSACTION,Crediting,Comp Engineering,REGIONAL,666463,91,1460.34,13,True,False,9063,2016-02-02,2026-10-06,,CRD_CREDIT_REVERSAL,Regional partition (LATAM) of CRD_CREDIT_REVERSAL
CRD_CREDIT_REVERSAL_NA,CORE_COMP,TRANSACTION,Crediting,Comp Engineering,REGIONAL,5593554,91,10061.42,13,True,False,58024,2016-04-20,2026-10-07,,CRD_CREDIT_REVERSAL,Regional partition (NA) of CRD_CREDIT_REVERSAL
CRD_CREDIT_ROLLUP,CORE_COMP,TRANSACTION,Crediting,Comp Engineering,BASE,144050415,107,424182.36,14,True,True,1117473,2013-09-11,2026-10-05,CRD_CREDIT_TXN;PRT_POSITION,,Transactional records of credit rollup
CRD_CREDIT_ROLLUP_APAC,CORE_COMP,TRANSACTION,Crediting,Comp Engineering,REGIONAL,33877807,107,57797.57,14,True,False,353301,2017-06-11,2026-10-05,,CRD_CREDIT_ROLLUP,Regional partition (APAC) of CRD_CREDIT_ROLLUP
CRD_CREDIT_ROLLUP_EMEA,CORE_COMP,TRANSACTION,Crediting,Comp Engineering,REGIONAL,46744915,107,68832.0,3,True,False,496883,2016-12-13,2026-10-04,,CRD_CREDIT_ROLLUP,Regional partition (EMEA) of CRD_CREDIT_ROLLUP
CRD_CREDIT_ROLLUP_HIST,CORE_COMP,TRANSACTION,Crediting,Comp Engineering,HISTORY,33934144,111,53384.1,4,True,False,269248,2013-09-11,2026-10-05,,CRD_CREDIT_ROLLUP,Effective-dated history / audit trail of CRD_CREDIT_ROLLUP
CRD_CREDIT_ROLLUP_LATAM,CORE_COMP,TRANSACTION,Crediting,Comp Engineering,REGIONAL,11680730,107,19785.04,8,True,False,110806,2016-03-28,2026-10-05,,CRD_CREDIT_ROLLUP,Regional partition (LATAM) of CRD_CREDIT_ROLLUP
CRD_CREDIT_ROLLUP_NA,CORE_COMP,TRANSACTION,Crediting,Comp Engineering,REGIONAL,51180799,107,101153.17,12,True,True,760262,2017-01-11,2026-10-04,,CRD_CREDIT_ROLLUP,Regional partition (NA) of CRD_CREDIT_ROLLUP
CRD_CREDIT_RULE,CORE_COMP,CONFIG,Crediting,Comp Operations,BASE,94,24,0.19,2,True,False,0,2014-08-14,2023-02-22,LKP_CREDIT_TYPE,,"Configuration for credit rule (deprecated feature, no longer populated)"
CRD_CREDIT_RULE_CONDITION,CORE_COMP,CONFIG,Crediting,Comp Engineering,BASE,27830,36,13.36,2,True,False,140,2017-04-22,2026-08-18,CRD_CREDIT_RULE,,Configuration for credit rule condition
CRD_CREDIT_RULE_CONDITION_HIST,CORE_COMP,CONFIG,Crediting,Comp Engineering,HISTORY,83755,40,33.41,4,True,False,764,2017-04-22,2026-08-18,,CRD_CREDIT_RULE_CONDITION,Effective-dated history / audit trail of CRD_CREDIT_RULE_CONDITION
CRD_CREDIT_RULE_HIST,CORE_COMP,CONFIG,Crediting,Comp Operations,HISTORY,398,28,0.19,2,True,False,0,2014-08-14,2023-02-22,,CRD_CREDIT_RULE,Effective-dated history / audit trail of CRD_CREDIT_RULE
CRD_CREDIT_SPLIT_RULE,CORE_COMP,CONFIG,Crediting,Comp Engineering,BASE,12279,17,3.29,4,True,False,102,2014-04-14,2026-09-25,CRD_CREDIT_RULE,,Configuration for credit split rule
CRD_CREDIT_SPLIT_RULE_APAC,CORE_COMP,CONFIG,Crediting,Comp Engineering,REGIONAL,2444,17,0.34,1,True,False,12,2016-04-15,2026-09-25,,CRD_CREDIT_SPLIT_RULE,Regional partition (APAC) of CRD_CREDIT_SPLIT_RULE
CRD_CREDIT_SPLIT_RULE_EMEA,CORE_COMP,CONFIG,Crediting,Comp Engineering,REGIONAL,2505,17,0.29,1,True,False,21,2017-06-19,2026-09-25,,CRD_CREDIT_SPLIT_RULE,Regional partition (EMEA) of CRD_CREDIT_SPLIT_RULE
CRD_CREDIT_SPLIT_RULE_HIST,CORE_COMP,CONFIG,Crediting,Comp Engineering,HISTORY,22482,21,4.59,2,True,False,86,2014-04-14,2026-09-25,,CRD_CREDIT_SPLIT_RULE,Effective-dated history / audit trail of CRD_CREDIT_SPLIT_RULE
CRD_CREDIT_SPLIT_RULE_LATAM,CORE_COMP,CONFIG,Crediting,Comp Engineering,REGIONAL,995,17,0.31,4,True,False,9,2016-10-23,2026-09-24,,CRD_CREDIT_SPLIT_RULE,Regional partition (LATAM) of CRD_CREDIT_SPLIT_RULE
CRD_CREDIT_SPLIT_RULE_NA,CORE_COMP,CONFIG,Crediting,Comp Engineering,REGIONAL,7167,17,0.99,1,True,False,35,2017-05-21,2026-09-25,,CRD_CREDIT_SPLIT_RULE,Regional partition (NA) of CRD_CREDIT_SPLIT_RULE
CRD_CREDIT_TXN,CORE_COMP,TRANSACTION,Crediting,Comp Engineering,BASE,435391568,61,350050.97,3,True,True,3420541,2015-12-11,2026-10-06,CRD_CREDIT_RULE;PRT_PARTICIPANT;PRD_PERIOD,,Transactional records of credit transactions
CRD_CREDIT_TXN_APAC,CORE_COMP,TRANSACTION,Crediting,Comp Engineering,REGIONAL,68292509,61,53868.87,12,True,False,546680,2016-03-24,2026-10-03,,CRD_CREDIT_TXN,Regional partition (APAC) of CRD_CREDIT_TXN
CRD_CREDIT_TXN_DETAIL,CORE_COMP,TRANSACTION,Crediting,Comp Operations,BASE,1284657117,65,1641265.97,8,True,True,39288424,2023-11-25,2026-10-04,CRD_CREDIT_TXN,,Transactional records of credit transactions detail
CRD_CREDIT_TXN_DETAIL_APAC,CORE_COMP,TRANSACTION,Crediting,Comp Operations,REGIONAL,196300449,65,200769.97,14,True,True,9400280,2023-11-25,2026-10-03,,CRD_CREDIT_TXN_DETAIL,Regional partition (APAC) of CRD_CREDIT_TXN_DETAIL
CRD_CREDIT_TXN_DETAIL_BKP_20260519,CORE_COMP,TRANSACTION,Crediting,Comp Operations,BACKUP,1004139410,65,479023.05,0,False,False,0,2026-05-19,2026-05-19,,CRD_CREDIT_TXN_DETAIL,Ad-hoc backup copy of CRD_CREDIT_TXN_DETAIL taken 2026-05-19
CRD_CREDIT_TXN_DETAIL_EMEA,CORE_COMP,TRANSACTION,Crediting,Comp Operations,REGIONAL,390439934,65,326004.96,11,True,True,15609999,2023-11-25,2026-10-03,,CRD_CREDIT_TXN_DETAIL,Regional partition (EMEA) of CRD_CREDIT_TXN_DETAIL
CRD_CREDIT_TXN_DETAIL_HIST,CORE_COMP,TRANSACTION,Crediting,Comp Operations,HISTORY,950784541,69,1638849.75,12,True,True,35430703,2023-11-25,2026-10-04,,CRD_CREDIT_TXN_DETAIL,Effective-dated history / audit trail of CRD_CREDIT_TXN_DETAIL
CRD_CREDIT_TXN_DETAIL_LATAM,CORE_COMP,TRANSACTION,Crediting,Comp Operations,REGIONAL,79248689,65,109301.8,8,True,True,3178231,2023-11-25,2026-10-03,,CRD_CREDIT_TXN_DETAIL,Regional partition (LATAM) of CRD_CREDIT_TXN_DETAIL
CRD_CREDIT_TXN_DETAIL_NA,CORE_COMP,TRANSACTION,Crediting,Comp Operations,REGIONAL,744061346,65,526099.58,9,True,False,26196898,2023-11-25,2026-10-03,,CRD_CREDIT_TXN_DETAIL,Regional partition (NA) of CRD_CREDIT_TXN_DETAIL
CRD_CREDIT_TXN_EMEA,CORE_COMP,TRANSACTION,Crediting,Comp Engineering,REGIONAL,108297557,61,147201.42,10,True,True,1462776,2016-11-01,2026-10-06,,CRD_CREDIT_TXN,Regional partition (EMEA) of CRD_CREDIT_TXN
CRD_CREDIT_TXN_HIST,CORE_COMP,TRANSACTION,Crediting,Comp Engineering,HISTORY,109398251,65,192273.55,13,True,True,1104542,2015-12-11,2026-10-06,,CRD_CREDIT_TXN,Effective-dated history / audit trail of CRD_CREDIT_TXN
CRD_CREDIT_TXN_LATAM,CORE_COMP,TRANSACTION,Crediting,Comp Engineering,REGIONAL,32655760,61,30285.3,4,True,False,232202,2016-11-09,2026-10-03,,CRD_CREDIT_TXN,Regional partition (LATAM) of CRD_CREDIT_TXN
CRD_CREDIT_TXN_NA,CORE_COMP,TRANSACTION,Crediting,Comp Engineering,REGIONAL,194641066,61,238278.0,9,True,False,3077824,2017-05-22,2026-10-05,,CRD_CREDIT_TXN,Regional partition (NA) of CRD_CREDIT_TXN
CRD_DIRECT_CREDIT,CORE_COMP,TRANSACTION,Crediting,Comp Engineering,BASE,69661722,62,57207.21,5,True,True,750728,2014-07-16,2026-10-06,CRD_CREDIT_TXN,,Transactional records of direct credit
CRD_DIRECT_CREDIT_2022,CORE_COMP,TRANSACTION,Crediting,Comp Engineering,YEARLY,11866062,62,10554.96,11,True,False,0,2021-12-26,2023-02-14,,CRD_DIRECT_CREDIT,Fiscal-year 2022 split of CRD_DIRECT_CREDIT
CRD_DIRECT_CREDIT_2023,CORE_COMP,TRANSACTION,Crediting,Comp Engineering,YEARLY,9825220,62,14319.3,10,True,False,0,2022-12-26,2024-02-16,,CRD_DIRECT_CREDIT,Fiscal-year 2023 split of CRD_DIRECT_CREDIT
CRD_DIRECT_CREDIT_2024,CORE_COMP,TRANSACTION,Crediting,Comp Engineering,YEARLY,9991252,62,12999.5,8,True,False,0,2023-12-26,2025-01-21,,CRD_DIRECT_CREDIT,Fiscal-year 2024 split of CRD_DIRECT_CREDIT
CRD_DIRECT_CREDIT_2025,CORE_COMP,TRANSACTION,Crediting,Comp Engineering,YEARLY,15044957,62,20960.4,11,True,False,0,2024-12-12,2026-04-28,,CRD_DIRECT_CREDIT,Fiscal-year 2025 split of CRD_DIRECT_CREDIT
CRD_DIRECT_CREDIT_2026,CORE_COMP,TRANSACTION,Crediting,Comp Engineering,YEARLY,9388587,62,8495.01,8,True,False,1774198,2025-12-30,2026-10-05,,CRD_DIRECT_CREDIT,Fiscal-year 2026 split of CRD_DIRECT_CREDIT
CRD_DIRECT_CREDIT_APAC,CORE_COMP,TRANSACTION,Crediting,Comp Engineering,REGIONAL,11251107,62,13748.4,7,True,False,96274,2016-07-21,2026-10-04,,CRD_DIRECT_CREDIT,Regional partition (APAC) of CRD_DIRECT_CREDIT
CRD_DIRECT_CREDIT_EMEA,CORE_COMP,TRANSACTION,Crediting,Comp Engineering,REGIONAL,21129296,62,35953.12,14,True,False,148182,2016-08-23,2026-10-03,,CRD_DIRECT_CREDIT,Regional partition (EMEA) of CRD_DIRECT_CREDIT
CRD_DIRECT_CREDIT_HIST,CORE_COMP,TRANSACTION,Crediting,Comp Engineering,HISTORY,21157767,66,13348.17,4,True,False,261336,2014-07-16,2026-10-06,,CRD_DIRECT_CREDIT,Effective-dated history / audit trail of CRD_DIRECT_CREDIT
CRD_DIRECT_CREDIT_LATAM,CORE_COMP,TRANSACTION,Crediting,Comp Engineering,REGIONAL,6525779,62,8098.87,10,True,False,87226,2016-11-06,2026-10-03,,CRD_DIRECT_CREDIT,Regional partition (LATAM) of CRD_DIRECT_CREDIT
CRD_DIRECT_CREDIT_NA,CORE_COMP,TRANSACTION,Crediting,Comp Engineering,REGIONAL,26976813,62,27197.13,14,True,False,201819,2016-09-27,2026-10-04,,CRD_DIRECT_CREDIT,Regional partition (NA) of CRD_DIRECT_CREDIT
CRD_INDIRECT_CREDIT,CORE_COMP,TRANSACTION,Crediting,Comp Engineering,BASE,207310287,53,188578.74,13,True,True,2222215,2013-06-11,2026-10-07,CRD_CREDIT_TXN,,Transactional records of indirect credit
CRD_INDIRECT_CREDIT_2021,CORE_COMP,TRANSACTION,Crediting,Comp Engineering,YEARLY,23272714,53,25732.57,10,True,False,0,2020-12-26,2022-02-16,,CRD_INDIRECT_CREDIT,Fiscal-year 2021 split of CRD_INDIRECT_CREDIT
CRD_INDIRECT_CREDIT_2022,CORE_COMP,TRANSACTION,Crediting,Comp Engineering,YEARLY,28420479,53,21175.13,10,True,False,0,2021-12-29,2023-04-01,,CRD_INDIRECT_CREDIT,Fiscal-year 2022 split of CRD_INDIRECT_CREDIT
CRD_INDIRECT_CREDIT_2023,CORE_COMP,TRANSACTION,Crediting,Comp Engineering,YEARLY,32688417,53,17416.2,6,True,False,0,2022-12-27,2024-01-29,,CRD_INDIRECT_CREDIT,Fiscal-year 2023 split of CRD_INDIRECT_CREDIT
CRD_INDIRECT_CREDIT_2024,CORE_COMP,TRANSACTION,Crediting,Comp Engineering,YEARLY,32195204,53,22425.9,11,True,False,0,2023-12-24,2025-02-17,,CRD_INDIRECT_CREDIT,Fiscal-year 2024 split of CRD_INDIRECT_CREDIT
CRD_INDIRECT_CREDIT_2025,CORE_COMP,TRANSACTION,Crediting,Comp Engineering,YEARLY,33879997,53,48469.37,13,True,False,0,2024-12-28,2026-03-28,,CRD_INDIRECT_CREDIT,Fiscal-year 2025 split of CRD_INDIRECT_CREDIT
CRD_INDIRECT_CREDIT_2026,CORE_COMP,TRANSACTION,Crediting,Comp Engineering,YEARLY,35401461,53,38130.43,9,True,False,7174389,2025-12-28,2026-10-05,,CRD_INDIRECT_CREDIT,Fiscal-year 2026 split of CRD_INDIRECT_CREDIT
CRD_INDIRECT_CREDIT_APAC,CORE_COMP,TRANSACTION,Crediting,Comp Engineering,REGIONAL,39118665,53,16303.25,3,True,False,314820,2017-06-15,2026-10-07,,CRD_INDIRECT_CREDIT,Regional partition (APAC) of CRD_INDIRECT_CREDIT
CRD_INDIRECT_CREDIT_EMEA,CORE_COMP,TRANSACTION,Crediting,Comp Engineering,REGIONAL,47227716,53,37929.99,6,True,False,442875,2017-05-02,2026-10-04,,CRD_INDIRECT_CREDIT,Regional partition (EMEA) of CRD_INDIRECT_CREDIT
CRD_INDIRECT_CREDIT_HIST,CORE_COMP,TRANSACTION,Crediting,Comp Engineering,HISTORY,69188095,57,84667.05,9,True,True,613995,2013-06-11,2026-10-07,,CRD_INDIRECT_CREDIT,Effective-dated history / audit trail of CRD_INDIRECT_CREDIT
CRD_INDIRECT_CREDIT_LATAM,CORE_COMP,TRANSACTION,Crediting,Comp Engineering,REGIONAL,14861013,53,22742.36,14,True,False,202129,2016-01-29,2026-10-07,,CRD_INDIRECT_CREDIT,Regional partition (LATAM) of CRD_INDIRECT_CREDIT
CRD_INDIRECT_CREDIT_NA,CORE_COMP,TRANSACTION,Crediting,Comp Engineering,REGIONAL,73230481,53,56276.5,5,True,True,566936,2017-05-24,2026-10-07,,CRD_INDIRECT_CREDIT,Regional partition (NA) of CRD_INDIRECT_CREDIT
CRD_MANUAL_CREDIT_ADJ,CORE_COMP,TRANSACTION,Crediting,Comp Engineering,BASE,188932,103,303.87,4,True,False,1436,2015-04-30,2026-10-07,CRD_CREDIT_TXN;LKP_ADJUSTMENT_REASON,,Transactional records of manual credit adjustments
CRD_MANUAL_CREDIT_ADJ_APAC,CORE_COMP,TRANSACTION,Crediting,Comp Engineering,REGIONAL,26320,103,56.89,10,True,False,219,2016-07-19,2026-10-04,,CRD_MANUAL_CREDIT_ADJ,Regional partition (APAC) of CRD_MANUAL_CREDIT_ADJ
CRD_MANUAL_CREDIT_ADJ_EMEA,CORE_COMP,TRANSACTION,Crediting,Comp Engineering,REGIONAL,50489,103,67.89,10,True,False,444,2016-09-11,2026-10-05,,CRD_MANUAL_CREDIT_ADJ,Regional partition (EMEA) of CRD_MANUAL_CREDIT_ADJ
CRD_MANUAL_CREDIT_ADJ_HIST,CORE_COMP,TRANSACTION,Crediting,Comp Engineering,HISTORY,166868,107,179.85,7,True,False,1515,2015-04-30,2026-10-07,,CRD_MANUAL_CREDIT_ADJ,Effective-dated history / audit trail of CRD_MANUAL_CREDIT_ADJ
CRD_MANUAL_CREDIT_ADJ_LATAM,CORE_COMP,TRANSACTION,Crediting,Comp Engineering,REGIONAL,17857,103,30.06,7,True,False,275,2016-11-04,2026-10-05,,CRD_MANUAL_CREDIT_ADJ,Regional partition (LATAM) of CRD_MANUAL_CREDIT_ADJ
CRD_MANUAL_CREDIT_ADJ_NA,CORE_COMP,TRANSACTION,Crediting,Comp Engineering,REGIONAL,97313,103,215.59,14,True,False,1303,2017-03-17,2026-10-05,,CRD_MANUAL_CREDIT_ADJ,Regional partition (NA) of CRD_MANUAL_CREDIT_ADJ
CRD_OVERLAY_CREDIT,CORE_COMP,TRANSACTION,Crediting,Comp Engineering,BASE,41444705,21,11912.83,9,True,False,500120,2019-03-18,2026-10-04,CRD_CREDIT_TXN,,Transactional records of overlay credit
CRD_OVERLAY_CREDIT_HIST,CORE_COMP,TRANSACTION,Crediting,Comp Engineering,HISTORY,22848210,25,14001.76,11,True,False,295090,2019-03-18,2026-10-04,,CRD_OVERLAY_CREDIT,Effective-dated history / audit trail of CRD_OVERLAY_CREDIT
DSP_DISPUTE,CORE_COMP,TRANSACTION,Disputes,Comp Operations,BASE,818199,102,971.17,9,True,False,9412,2014-06-13,2026-10-07,PRT_PARTICIPANT;LKP_DISPUTE_STATUS;LKP_DISPUTE_REASON,,Transactional records of dispute
DSP_DISPUTE_APAC,CORE_COMP,TRANSACTION,Disputes,Comp Operations,REGIONAL,148156,102,354.47,14,True,False,2268,2016-08-21,2026-10-06,,DSP_DISPUTE,Regional partition (APAC) of DSP_DISPUTE
DSP_DISPUTE_ATTACHMENT,CORE_COMP,DATA,Disputes,Comp Operations,BASE,141789,46,75.59,2,True,False,1120,2015-04-19,2026-10-04,DSP_DISPUTE,,Master/reference data: dispute attachment
DSP_DISPUTE_ATTACHMENT_APAC,CORE_COMP,DATA,Disputes,Comp Operations,REGIONAL,34589,46,19.26,4,True,False,312,2016-08-17,2026-10-03,,DSP_DISPUTE_ATTACHMENT,Regional partition (APAC) of DSP_DISPUTE_ATTACHMENT
DSP_DISPUTE_ATTACHMENT_EMEA,CORE_COMP,DATA,Disputes,Comp Operations,REGIONAL,42787,46,20.16,6,True,False,365,2016-10-02,2026-10-03,,DSP_DISPUTE_ATTACHMENT,Regional partition (EMEA) of DSP_DISPUTE_ATTACHMENT
DSP_DISPUTE_ATTACHMENT_HIST,CORE_COMP,DATA,Disputes,Comp Operations,HISTORY,576665,50,232.52,4,True,False,4912,2015-04-19,2026-10-04,,DSP_DISPUTE_ATTACHMENT,Effective-dated history / audit trail of DSP_DISPUTE_ATTACHMENT
DSP_DISPUTE_ATTACHMENT_LATAM,CORE_COMP,DATA,Disputes,Comp Operations,REGIONAL,9461,46,7.65,7,True,False,94,2016-04-28,2026-10-02,,DSP_DISPUTE_ATTACHMENT,Regional partition (LATAM) of DSP_DISPUTE_ATTACHMENT
DSP_DISPUTE_ATTACHMENT_NA,CORE_COMP,DATA,Disputes,Comp Operations,REGIONAL,45893,46,16.95,2,True,False,0,2016-06-26,2021-03-27,,DSP_DISPUTE_ATTACHMENT,Regional partition (NA) of DSP_DISPUTE_ATTACHMENT
DSP_DISPUTE_COMMENT,CORE_COMP,DATA,Disputes,Comp Operations,BASE,1361194,46,931.45,4,True,False,15185,2015-04-22,2026-09-07,DSP_DISPUTE,,Master/reference data: dispute comment
DSP_DISPUTE_COMMENT_APAC,CORE_COMP,DATA,Disputes,Comp Operations,REGIONAL,296127,46,165.44,2,True,False,3728,2016-07-24,2026-09-04,,DSP_DISPUTE_COMMENT,Regional partition (APAC) of DSP_DISPUTE_COMMENT
DSP_DISPUTE_COMMENT_EMEA,CORE_COMP,DATA,Disputes,Comp Operations,REGIONAL,303014,46,186.82,2,True,False,2239,2016-09-17,2026-09-07,,DSP_DISPUTE_COMMENT,Regional partition (EMEA) of DSP_DISPUTE_COMMENT
DSP_DISPUTE_COMMENT_HIST,CORE_COMP,DATA,Disputes,Comp Operations,HISTORY,4811814,50,3394.47,8,True,False,35851,2015-04-22,2026-09-07,,DSP_DISPUTE_COMMENT,Effective-dated history / audit trail of DSP_DISPUTE_COMMENT
DSP_DISPUTE_COMMENT_LATAM,CORE_COMP,DATA,Disputes,Comp Operations,REGIONAL,131054,46,85.76,6,True,False,759,2016-01-09,2026-09-07,,DSP_DISPUTE_COMMENT,Regional partition (LATAM) of DSP_DISPUTE_COMMENT
DSP_DISPUTE_COMMENT_NA,CORE_COMP,DATA,Disputes,Comp Operations,REGIONAL,662145,46,319.23,4,True,False,7350,2017-01-12,2026-09-07,,DSP_DISPUTE_COMMENT,Regional partition (NA) of DSP_DISPUTE_COMMENT
DSP_DISPUTE_EMEA,CORE_COMP,TRANSACTION,Disputes,Comp Operations,REGIONAL,228298,102,332.11,3,True,False,3207,2016-07-21,2026-10-06,,DSP_DISPUTE,Regional partition (EMEA) of DSP_DISPUTE
DSP_DISPUTE_HIST,CORE_COMP,TRANSACTION,Disputes,Comp Operations,HISTORY,179440,106,300.88,12,True,False,2179,2014-06-13,2026-10-07,,DSP_DISPUTE,Effective-dated history / audit trail of DSP_DISPUTE
DSP_DISPUTE_LATAM,CORE_COMP,TRANSACTION,Disputes,Comp Operations,REGIONAL,79890,102,167.56,8,True,False,644,2016-03-30,2026-10-04,,DSP_DISPUTE,Regional partition (LATAM) of DSP_DISPUTE
DSP_DISPUTE_LINE,CORE_COMP,TRANSACTION,Disputes,Comp Operations,BASE,1169856,80,2566.21,14,True,False,74330,2024-09-19,2026-10-04,DSP_DISPUTE;CRD_CREDIT_TXN,,Transactional records of dispute line
DSP_DISPUTE_LINE_APAC,CORE_COMP,TRANSACTION,Disputes,Comp Operations,REGIONAL,285508,80,295.76,5,True,False,22119,2024-09-19,2026-10-04,,DSP_DISPUTE_LINE,Regional partition (APAC) of DSP_DISPUTE_LINE
DSP_DISPUTE_LINE_EMEA,CORE_COMP,TRANSACTION,Disputes,Comp Operations,REGIONAL,314153,80,522.24,9,True,False,17293,2024-09-19,2026-10-01,,DSP_DISPUTE_LINE,Regional partition (EMEA) of DSP_DISPUTE_LINE
DSP_DISPUTE_LINE_HIST,CORE_COMP,TRANSACTION,Disputes,Comp Operations,HISTORY,869697,84,1091.19,6,True,False,67666,2024-09-19,2026-10-04,,DSP_DISPUTE_LINE,Effective-dated history / audit trail of DSP_DISPUTE_LINE
DSP_DISPUTE_LINE_LATAM,CORE_COMP,TRANSACTION,Disputes,Comp Operations,REGIONAL,85809,80,148.79,14,True,False,0,2024-09-19,2024-09-19,,DSP_DISPUTE_LINE,Regional partition (LATAM) of DSP_DISPUTE_LINE
DSP_DISPUTE_LINE_NA,CORE_COMP,TRANSACTION,Disputes,Comp Operations,REGIONAL,416988,80,819.79,14,True,False,22493,2024-09-19,2026-10-03,,DSP_DISPUTE_LINE,Regional partition (NA) of DSP_DISPUTE_LINE
DSP_DISPUTE_NA,CORE_COMP,TRANSACTION,Disputes,Comp Operations,REGIONAL,304262,102,812.95,14,True,False,2726,2016-12-02,2026-10-07,,DSP_DISPUTE,Regional partition (NA) of DSP_DISPUTE
DSP_DISPUTE_RESOLUTION,CORE_COMP,TRANSACTION,Disputes,Comp Operations,BASE,494104,61,695.87,14,True,False,4736,2013-12-21,2026-10-07,DSP_DISPUTE,,Transactional records of dispute resolution
DSP_DISPUTE_RESOLUTION_APAC,CORE_COMP,TRANSACTION,Disputes,Comp Operations,REGIONAL,66882,61,42.63,6,True,False,573,2016-01-14,2026-10-07,,DSP_DISPUTE_RESOLUTION,Regional partition (APAC) of DSP_DISPUTE_RESOLUTION
DSP_DISPUTE_RESOLUTION_EMEA,CORE_COMP,TRANSACTION,Disputes,Comp Operations,REGIONAL,118261,61,156.1,11,True,False,1075,2016-10-09,2026-10-05,,DSP_DISPUTE_RESOLUTION,Regional partition (EMEA) of DSP_DISPUTE_RESOLUTION
DSP_DISPUTE_RESOLUTION_HIST,CORE_COMP,TRANSACTION,Disputes,Comp Operations,HISTORY,453367,65,440.91,13,True,False,3781,2013-12-21,2026-10-07,,DSP_DISPUTE_RESOLUTION,Effective-dated history / audit trail of DSP_DISPUTE_RESOLUTION
DSP_DISPUTE_RESOLUTION_LATAM,CORE_COMP,TRANSACTION,Disputes,Comp Operations,REGIONAL,28373,61,32.49,13,True,False,369,2016-08-28,2026-10-04,,DSP_DISPUTE_RESOLUTION,Regional partition (LATAM) of DSP_DISPUTE_RESOLUTION
DSP_DISPUTE_RESOLUTION_NA,CORE_COMP,TRANSACTION,Disputes,Comp Operations,REGIONAL,221651,61,192.81,5,True,False,3139,2016-12-21,2026-10-04,,DSP_DISPUTE_RESOLUTION,Regional partition (NA) of DSP_DISPUTE_RESOLUTION
DSP_DISPUTE_WORKFLOW,CORE_COMP,CONFIG,Disputes,Comp Operations,BASE,92,32,0.31,4,True,False,1,2021-11-20,2026-08-10,,,Configuration for dispute workflow
DSP_DISPUTE_WORKFLOW_APAC,CORE_COMP,CONFIG,Disputes,Comp Operations,REGIONAL,18,32,0.12,1,True,False,0,2021-11-20,2026-08-08,,DSP_DISPUTE_WORKFLOW,Regional partition (APAC) of DSP_DISPUTE_WORKFLOW
DSP_DISPUTE_WORKFLOW_EMEA,CORE_COMP,CONFIG,Disputes,Comp Operations,REGIONAL,23,32,0.12,1,True,False,0,2021-11-20,2026-08-08,,DSP_DISPUTE_WORKFLOW,Regional partition (EMEA) of DSP_DISPUTE_WORKFLOW
DSP_DISPUTE_WORKFLOW_HIST,CORE_COMP,CONFIG,Disputes,Comp Operations,HISTORY,730,36,0.3,3,True,False,13,2021-11-20,2026-08-10,,DSP_DISPUTE_WORKFLOW,Effective-dated history / audit trail of DSP_DISPUTE_WORKFLOW
DSP_DISPUTE_WORKFLOW_LATAM,CORE_COMP,CONFIG,Disputes,Comp Operations,REGIONAL,7,32,0.19,2,True,False,0,2021-11-20,2026-08-09,,DSP_DISPUTE_WORKFLOW,Regional partition (LATAM) of DSP_DISPUTE_WORKFLOW
DSP_DISPUTE_WORKFLOW_NA,CORE_COMP,CONFIG,Disputes,Comp Operations,REGIONAL,45,32,0.19,2,True,False,0,2021-11-20,2026-08-10,,DSP_DISPUTE_WORKFLOW,Regional partition (NA) of DSP_DISPUTE_WORKFLOW
DSP_INQUIRY_CASE,CORE_COMP,TRANSACTION,Disputes,Comp Operations,BASE,394600,110,1087.78,12,True,False,3244,2013-12-04,2026-10-07,PRT_PARTICIPANT,,Transactional records of inquiry case
DSP_INQUIRY_CASE_APAC,CORE_COMP,TRANSACTION,Disputes,Comp Operations,REGIONAL,78697,110,109.74,8,True,False,0,2016-09-26,2021-06-18,,DSP_INQUIRY_CASE,Regional partition (APAC) of DSP_INQUIRY_CASE
DSP_INQUIRY_CASE_EMEA,CORE_COMP,TRANSACTION,Disputes,Comp Operations,REGIONAL,139399,110,307.45,9,True,False,1191,2016-11-08,2026-10-04,,DSP_INQUIRY_CASE,Regional partition (EMEA) of DSP_INQUIRY_CASE
DSP_INQUIRY_CASE_HIST,CORE_COMP,TRANSACTION,Disputes,Comp Operations,HISTORY,347069,114,396.08,6,True,False,2281,2013-12-04,2026-10-07,,DSP_INQUIRY_CASE,Effective-dated history / audit trail of DSP_INQUIRY_CASE
DSP_INQUIRY_CASE_LATAM,CORE_COMP,TRANSACTION,Disputes,Comp Operations,REGIONAL,36923,110,52.59,11,True,False,384,2016-05-06,2026-10-06,,DSP_INQUIRY_CASE,Regional partition (LATAM) of DSP_INQUIRY_CASE
DSP_INQUIRY_CASE_NA,CORE_COMP,TRANSACTION,Disputes,Comp Operations,REGIONAL,183061,110,265.01,4,True,False,2442,2016-04-11,2026-10-07,,DSP_INQUIRY_CASE,Regional partition (NA) of DSP_INQUIRY_CASE
DSP_SLA_POLICY,CORE_COMP,CONFIG,Disputes,Comp Operations,BASE,34,39,0.12,1,True,False,0,2015-03-30,2026-09-24,,,Configuration for sla policy
DSP_SLA_POLICY_HIST,CORE_COMP,CONFIG,Disputes,Comp Operations,HISTORY,305,43,0.25,3,True,False,3,2015-03-30,2026-09-24,,DSP_SLA_POLICY,Effective-dated history / audit trail of DSP_SLA_POLICY
LKP_ADJUSTMENT_REASON,CORE_COMP,LOOKUP,Crediting,Comp Engineering,BASE,59,12,0.12,1,True,False,1,2014-03-03,2026-08-16,,,Reference list of adjustment reason
LKP_APPROVAL_STATUS,CORE_COMP,LOOKUP,Plans,Comp Engineering,BASE,13,11,0.19,2,True,False,0,2013-12-03,2026-08-17,,,Reference list of approval status
LKP_BONUS_TYPE,CORE_COMP,LOOKUP,Incentives,Comp Plan Design,BASE,12,4,0.19,2,True,False,0,2021-07-25,2026-09-02,,,Reference list of bonus type
LKP_COMPONENT_TYPE,CORE_COMP,LOOKUP,Plans,Comp Plan Design,BASE,9,9,0.19,2,True,False,0,2013-06-30,2026-04-06,,,Reference list of component type
LKP_COMPONENT_TYPE_HIST,CORE_COMP,LOOKUP,Plans,Comp Plan Design,HISTORY,65,13,0.19,2,True,False,0,2013-06-30,2026-04-06,,LKP_COMPONENT_TYPE,Effective-dated history / audit trail of LKP_COMPONENT_TYPE
LKP_CREDIT_TYPE,CORE_COMP,LOOKUP,Crediting,Comp Engineering,BASE,30,11,0.19,2,True,False,0,2014-12-29,2025-09-11,,,Reference list of credit type
LKP_DISPUTE_REASON,CORE_COMP,LOOKUP,Disputes,Comp Operations,BASE,26,10,0.12,1,True,False,0,2013-08-27,2025-07-17,,,Reference list of dispute reason
LKP_DISPUTE_STATUS,CORE_COMP,LOOKUP,Disputes,Comp Operations,BASE,10,8,0.19,2,True,False,0,2021-03-15,2026-04-04,,,Reference list of dispute status
LKP_EARNING_TYPE,CORE_COMP,LOOKUP,Calculation,Comp Engineering,BASE,10,11,0.12,1,True,False,1,2015-03-17,2026-06-24,,,Reference list of earning type
LKP_HOLD_REASON,CORE_COMP,LOOKUP,Payments,Comp Operations,BASE,73,11,0.12,1,True,False,0,2013-07-12,2025-07-24,,,Reference list of hold reason
LKP_MEASURE_TYPE,CORE_COMP,LOOKUP,Plans,Comp Engineering,BASE,22,11,0.19,2,False,False,0,2014-01-31,2026-04-29,,,Reference list of measure type
LKP_MEASURE_TYPE_APAC,CORE_COMP,LOOKUP,Plans,Comp Engineering,REGIONAL,4,11,0.19,2,True,False,0,2017-05-02,2026-04-27,,LKP_MEASURE_TYPE,Regional partition (APAC) of LKP_MEASURE_TYPE
LKP_MEASURE_TYPE_EMEA,CORE_COMP,LOOKUP,Plans,Comp Engineering,REGIONAL,4,11,0.19,2,True,False,0,2017-01-04,2026-04-27,,LKP_MEASURE_TYPE,Regional partition (EMEA) of LKP_MEASURE_TYPE
LKP_MEASURE_TYPE_HIST,CORE_COMP,LOOKUP,Plans,Comp Engineering,HISTORY,145,15,0.12,1,True,False,0,2014-01-31,2026-04-29,,LKP_MEASURE_TYPE,Effective-dated history / audit trail of LKP_MEASURE_TYPE
LKP_MEASURE_TYPE_LATAM,CORE_COMP,LOOKUP,Plans,Comp Engineering,REGIONAL,2,11,0.19,2,True,False,0,2017-03-22,2026-04-26,,LKP_MEASURE_TYPE,Regional partition (LATAM) of LKP_MEASURE_TYPE
LKP_MEASURE_TYPE_NA,CORE_COMP,LOOKUP,Plans,Comp Engineering,REGIONAL,11,11,0.12,1,True,False,0,2016-03-12,2026-04-27,,LKP_MEASURE_TYPE,Regional partition (NA) of LKP_MEASURE_TYPE
LKP_PARTICIPANT_STATUS,CORE_COMP,LOOKUP,Participants,HR Systems,BASE,11,10,0.19,2,True,False,0,2014-09-26,2025-08-20,,,Reference list of participant status
LKP_PARTICIPANT_STATUS_APAC,CORE_COMP,LOOKUP,Participants,HR Systems,REGIONAL,1,10,0.12,1,True,False,0,2016-01-17,2025-08-17,,LKP_PARTICIPANT_STATUS,Regional partition (APAC) of LKP_PARTICIPANT_STATUS
LKP_PARTICIPANT_STATUS_EMEA,CORE_COMP,LOOKUP,Participants,HR Systems,REGIONAL,3,10,0.12,1,True,False,0,2017-03-10,2025-08-19,,LKP_PARTICIPANT_STATUS,Regional partition (EMEA) of LKP_PARTICIPANT_STATUS
LKP_PARTICIPANT_STATUS_LATAM,CORE_COMP,LOOKUP,Participants,HR Systems,REGIONAL,0,10,0.12,1,True,False,0,2016-05-07,2025-08-18,,LKP_PARTICIPANT_STATUS,Regional partition (LATAM) of LKP_PARTICIPANT_STATUS
LKP_PARTICIPANT_STATUS_NA,CORE_COMP,LOOKUP,Participants,HR Systems,REGIONAL,0,10,0.19,2,True,False,0,2016-09-22,2025-08-19,,LKP_PARTICIPANT_STATUS,Regional partition (NA) of LKP_PARTICIPANT_STATUS
LKP_PAYMENT_STATUS,CORE_COMP,LOOKUP,Payments,Comp Operations,BASE,7,10,0.19,2,True,False,0,2014-10-18,2026-04-08,,,Reference list of payment status
LKP_PAY_FREQUENCY,CORE_COMP,LOOKUP,Payments,Comp Operations,BASE,3,6,0.12,1,True,False,0,2022-10-22,2026-09-08,,,Reference list of pay frequency
LKP_PERIOD_TYPE,CORE_COMP,LOOKUP,Calendar,Comp Operations,BASE,12,4,0.12,1,True,False,0,2020-02-07,2026-06-24,,,Reference list of period type
LKP_PERIOD_TYPE_V2,CORE_COMP,LOOKUP,Calendar,Comp Operations,VERSIONED,7,5,0.19,2,True,False,0,2024-08-05,2026-09-17,,LKP_PERIOD_TYPE,Re-modelled version of LKP_PERIOD_TYPE (migration in progress)
LKP_PLAN_TYPE,CORE_COMP,LOOKUP,Plans,Comp Plan Design,BASE,21,9,0.12,1,True,False,0,2013-09-12,2026-03-27,,,Reference list of plan type
LKP_QUOTA_TYPE,CORE_COMP,LOOKUP,Quotas,Sales Planning,BASE,12,5,0.19,2,True,False,1,2013-07-10,2026-06-28,,,Reference list of quota type
LKP_RATE_TYPE,CORE_COMP,LOOKUP,Rates,Unassigned,BASE,7,7,0.12,1,True,False,0,2014-02-24,2026-07-16,,,Reference list of rate type
LKP_ROLE_TYPE,CORE_COMP,LOOKUP,Participants,Comp Operations,BASE,70,9,0.19,2,True,False,0,2020-02-24,2026-03-03,,,Reference list of role type
LKP_ROLE_TYPE_HIST,CORE_COMP,LOOKUP,Participants,Comp Operations,HISTORY,597,13,0.19,2,True,False,0,2020-02-24,2026-03-03,,LKP_ROLE_TYPE,Effective-dated history / audit trail of LKP_ROLE_TYPE
PAY_ADVANCE,CORE_COMP,TRANSACTION,Payments,Comp Operations,BASE,231504,24,71.02,6,True,False,2045,2017-07-14,2026-10-07,PRT_PARTICIPANT,,Transactional records of advance
PAY_ADVANCE_HIST,CORE_COMP,TRANSACTION,Payments,Comp Operations,HISTORY,89207,28,31.0,3,True,False,1136,2017-07-14,2026-10-07,,PAY_ADVANCE,Effective-dated history / audit trail of PAY_ADVANCE
PAY_BALANCE_FORWARD,CORE_COMP,DATA,Payments,Finance Systems,BASE,620740,50,609.17,8,True,False,6880,2015-06-01,2026-09-26,PRT_PARTICIPANT;PRD_PERIOD,,Master/reference data: balance forward
PAY_BALANCE_FORWARD_APAC,CORE_COMP,DATA,Payments,Finance Systems,REGIONAL,106976,50,86.79,5,True,False,1192,2017-06-24,2026-09-26,,PAY_BALANCE_FORWARD,Regional partition (APAC) of PAY_BALANCE_FORWARD
PAY_BALANCE_FORWARD_BKP_20151220,CORE_COMP,DATA,Payments,Finance Systems,BACKUP,28658,50,9.83,0,False,False,0,2015-12-20,2015-12-20,,PAY_BALANCE_FORWARD,Ad-hoc backup copy of PAY_BALANCE_FORWARD taken 2015-12-20
PAY_BALANCE_FORWARD_EMEA,CORE_COMP,DATA,Payments,Finance Systems,REGIONAL,181661,50,159.03,5,True,False,2130,2016-03-27,2026-09-24,,PAY_BALANCE_FORWARD,Regional partition (EMEA) of PAY_BALANCE_FORWARD
PAY_BALANCE_FORWARD_HIST,CORE_COMP,DATA,Payments,Finance Systems,HISTORY,4452261,54,2783.28,5,True,False,44355,2015-06-01,2026-09-26,,PAY_BALANCE_FORWARD,Effective-dated history / audit trail of PAY_BALANCE_FORWARD
PAY_BALANCE_FORWARD_LATAM,CORE_COMP,DATA,Payments,Finance Systems,REGIONAL,41804,50,30.82,3,True,False,0,2017-03-29,2021-08-24,,PAY_BALANCE_FORWARD,Regional partition (LATAM) of PAY_BALANCE_FORWARD
PAY_BALANCE_FORWARD_NA,CORE_COMP,DATA,Payments,Finance Systems,REGIONAL,267116,50,168.23,2,True,False,1472,2016-06-21,2026-09-26,,PAY_BALANCE_FORWARD,Regional partition (NA) of PAY_BALANCE_FORWARD
PAY_CLAWBACK_DETAIL,CORE_COMP,TRANSACTION,Payments,Comp Operations,BASE,1569843,53,1355.63,14,True,False,19159,2014-04-24,2026-10-06,PAY_PAYOUT,,Transactional records of clawback detail
PAY_CLAWBACK_DETAIL_2020,CORE_COMP,TRANSACTION,Payments,Comp Operations,YEARLY,183463,53,87.23,5,True,False,0,2019-12-14,2021-02-12,,PAY_CLAWBACK_DETAIL,Fiscal-year 2020 split of PAY_CLAWBACK_DETAIL
PAY_CLAWBACK_DETAIL_2021,CORE_COMP,TRANSACTION,Payments,Comp Operations,YEARLY,229101,53,141.39,9,True,False,0,2020-12-28,2022-03-20,,PAY_CLAWBACK_DETAIL,Fiscal-year 2021 split of PAY_CLAWBACK_DETAIL
PAY_CLAWBACK_DETAIL_2022,CORE_COMP,TRANSACTION,Payments,Comp Operations,YEARLY,271144,53,249.46,9,True,False,0,2021-12-22,2023-03-10,,PAY_CLAWBACK_DETAIL,Fiscal-year 2022 split of PAY_CLAWBACK_DETAIL
PAY_CLAWBACK_DETAIL_2023,CORE_COMP,TRANSACTION,Payments,Comp Operations,YEARLY,293929,53,260.12,5,True,False,0,2022-12-19,2024-01-22,,PAY_CLAWBACK_DETAIL,Fiscal-year 2023 split of PAY_CLAWBACK_DETAIL
PAY_CLAWBACK_DETAIL_2024,CORE_COMP,TRANSACTION,Payments,Comp Operations,YEARLY,225941,53,176.28,11,True,False,0,2023-12-27,2025-01-13,,PAY_CLAWBACK_DETAIL,Fiscal-year 2024 split of PAY_CLAWBACK_DETAIL
PAY_CLAWBACK_DETAIL_2025,CORE_COMP,TRANSACTION,Payments,Comp Operations,YEARLY,325652,53,477.27,14,True,False,0,2024-12-22,2026-04-11,,PAY_CLAWBACK_DETAIL,Fiscal-year 2025 split of PAY_CLAWBACK_DETAIL
PAY_CLAWBACK_DETAIL_2026,CORE_COMP,TRANSACTION,Payments,Comp Operations,YEARLY,228430,53,213.56,12,True,False,20934,2025-12-14,2026-10-05,,PAY_CLAWBACK_DETAIL,Fiscal-year 2026 split of PAY_CLAWBACK_DETAIL
PAY_CLAWBACK_DETAIL_APAC,CORE_COMP,TRANSACTION,Payments,Comp Operations,REGIONAL,257016,53,152.46,9,True,False,2373,2017-03-25,2026-10-03,,PAY_CLAWBACK_DETAIL,Regional partition (APAC) of PAY_CLAWBACK_DETAIL
PAY_CLAWBACK_DETAIL_EMEA,CORE_COMP,TRANSACTION,Payments,Comp Operations,REGIONAL,339944,53,305.67,12,True,False,2689,2016-11-22,2026-10-06,,PAY_CLAWBACK_DETAIL,Regional partition (EMEA) of PAY_CLAWBACK_DETAIL
PAY_CLAWBACK_DETAIL_HIST,CORE_COMP,TRANSACTION,Payments,Comp Operations,HISTORY,1564210,57,2188.8,13,True,False,12267,2014-04-24,2026-10-06,,PAY_CLAWBACK_DETAIL,Effective-dated history / audit trail of PAY_CLAWBACK_DETAIL
PAY_CLAWBACK_DETAIL_LATAM,CORE_COMP,TRANSACTION,Payments,Comp Operations,REGIONAL,95445,53,36.49,3,True,False,833,2016-12-09,2026-10-03,,PAY_CLAWBACK_DETAIL,Regional partition (LATAM) of PAY_CLAWBACK_DETAIL
PAY_CLAWBACK_DETAIL_NA,CORE_COMP,TRANSACTION,Payments,Comp Operations,REGIONAL,517682,53,281.04,7,True,False,6799,2016-04-19,2026-10-04,,PAY_CLAWBACK_DETAIL,Regional partition (NA) of PAY_CLAWBACK_DETAIL
PAY_DRAW_RECOVERY,CORE_COMP,TRANSACTION,Payments,Finance Systems,BASE,413136,21,164.01,7,True,False,9833,2021-06-26,2026-10-07,CMP_DRAW_BALANCE,,Transactional records of draw recovery
PAY_DRAW_RECOVERY_APAC,CORE_COMP,TRANSACTION,Payments,Finance Systems,REGIONAL,60143,21,13.23,6,True,False,0,2021-06-26,2021-11-29,,PAY_DRAW_RECOVERY,Regional partition (APAC) of PAY_DRAW_RECOVERY
PAY_DRAW_RECOVERY_EMEA,CORE_COMP,TRANSACTION,Payments,Finance Systems,REGIONAL,101824,21,26.78,6,True,False,2978,2021-06-26,2026-10-05,,PAY_DRAW_RECOVERY,Regional partition (EMEA) of PAY_DRAW_RECOVERY
PAY_DRAW_RECOVERY_HIST,CORE_COMP,TRANSACTION,Payments,Finance Systems,HISTORY,211388,25,105.6,11,True,False,6020,2021-06-26,2026-10-07,,PAY_DRAW_RECOVERY,Effective-dated history / audit trail of PAY_DRAW_RECOVERY
PAY_DRAW_RECOVERY_LATAM,CORE_COMP,TRANSACTION,Payments,Finance Systems,REGIONAL,29596,21,16.29,12,True,False,729,2021-06-26,2026-10-04,,PAY_DRAW_RECOVERY,Regional partition (LATAM) of PAY_DRAW_RECOVERY
PAY_DRAW_RECOVERY_NA,CORE_COMP,TRANSACTION,Payments,Finance Systems,REGIONAL,177709,21,59.77,7,True,False,0,2021-06-26,2022-06-29,,PAY_DRAW_RECOVERY,Regional partition (NA) of PAY_DRAW_RECOVERY
PAY_MANUAL_PAYMENT,CORE_COMP,TRANSACTION,Payments,Comp Operations,BASE,63108,43,67.87,12,True,False,507,2015-04-03,2026-10-06,PRT_PARTICIPANT;LKP_ADJUSTMENT_REASON,,Transactional records of manual payment
PAY_MANUAL_PAYMENT_2021,CORE_COMP,TRANSACTION,Payments,Comp Operations,YEARLY,7941,43,4.69,5,True,False,0,2020-12-16,2022-01-19,,PAY_MANUAL_PAYMENT,Fiscal-year 2021 split of PAY_MANUAL_PAYMENT
PAY_MANUAL_PAYMENT_2022,CORE_COMP,TRANSACTION,Payments,Comp Operations,YEARLY,7433,43,7.2,14,True,False,0,2021-12-20,2023-04-01,,PAY_MANUAL_PAYMENT,Fiscal-year 2022 split of PAY_MANUAL_PAYMENT
PAY_MANUAL_PAYMENT_2023,CORE_COMP,TRANSACTION,Payments,Comp Operations,YEARLY,8065,43,6.84,14,True,False,0,2022-12-22,2024-03-21,,PAY_MANUAL_PAYMENT,Fiscal-year 2023 split of PAY_MANUAL_PAYMENT
PAY_MANUAL_PAYMENT_2024,CORE_COMP,TRANSACTION,Payments,Comp Operations,YEARLY,12555,43,12.14,11,True,False,0,2023-12-19,2025-04-16,,PAY_MANUAL_PAYMENT,Fiscal-year 2024 split of PAY_MANUAL_PAYMENT
PAY_MANUAL_PAYMENT_2025,CORE_COMP,TRANSACTION,Payments,Comp Operations,YEARLY,10780,43,4.34,4,True,False,0,2024-12-17,2026-03-16,,PAY_MANUAL_PAYMENT,Fiscal-year 2025 split of PAY_MANUAL_PAYMENT
PAY_MANUAL_PAYMENT_2026,CORE_COMP,TRANSACTION,Payments,Comp Operations,YEARLY,7743,43,4.61,11,True,False,908,2025-12-24,2026-10-06,,PAY_MANUAL_PAYMENT,Fiscal-year 2026 split of PAY_MANUAL_PAYMENT
PAY_MANUAL_PAYMENT_HIST,CORE_COMP,TRANSACTION,Payments,Comp Operations,HISTORY,40839,47,33.41,14,True,False,384,2015-04-03,2026-10-06,,PAY_MANUAL_PAYMENT,Effective-dated history / audit trail of PAY_MANUAL_PAYMENT
PAY_PAYEE_BANK_ACCOUNT,CORE_COMP,DATA,Payments,Finance Systems,BASE,82705,37,39.79,2,True,False,617,2018-04-08,2026-09-26,PRT_PARTICIPANT,,Master/reference data: payee bank account
PAY_PAYEE_BANK_ACCOUNT_HIST,CORE_COMP,DATA,Payments,Finance Systems,HISTORY,614969,41,279.47,7,True,False,5272,2018-04-08,2026-09-26,,PAY_PAYEE_BANK_ACCOUNT,Effective-dated history / audit trail of PAY_PAYEE_BANK_ACCOUNT
PAY_PAYEE_BANK_ACCOUNT_V2,CORE_COMP,DATA,Payments,Finance Systems,VERSIONED,11644,40,4.41,4,True,False,0,2024-04-30,2024-05-08,,PAY_PAYEE_BANK_ACCOUNT,Re-modelled version of PAY_PAYEE_BANK_ACCOUNT (abandoned migration)
PAY_PAYMENT_APPROVAL,CORE_COMP,DATA,Payments,Comp Operations,BASE,107399,40,61.42,8,True,False,644,2014-03-25,2026-09-19,PAY_PAYMENT_BATCH,,Master/reference data: payment approval
PAY_PAYMENT_APPROVAL_APAC,CORE_COMP,DATA,Payments,Comp Operations,REGIONAL,17541,40,9.22,6,True,False,123,2017-02-28,2026-09-17,,PAY_PAYMENT_APPROVAL,Regional partition (APAC) of PAY_PAYMENT_APPROVAL
PAY_PAYMENT_APPROVAL_EMEA,CORE_COMP,DATA,Payments,Comp Operations,REGIONAL,28092,40,8.55,2,True,False,294,2016-04-10,2026-09-16,,PAY_PAYMENT_APPROVAL,Regional partition (EMEA) of PAY_PAYMENT_APPROVAL
PAY_PAYMENT_APPROVAL_HIST,CORE_COMP,DATA,Payments,Comp Operations,HISTORY,768773,44,468.21,5,True,False,5408,2014-03-25,2026-09-19,,PAY_PAYMENT_APPROVAL,Effective-dated history / audit trail of PAY_PAYMENT_APPROVAL
PAY_PAYMENT_APPROVAL_LATAM,CORE_COMP,DATA,Payments,Comp Operations,REGIONAL,6445,40,3.21,3,True,False,55,2017-04-01,2026-09-19,,PAY_PAYMENT_APPROVAL,Regional partition (LATAM) of PAY_PAYMENT_APPROVAL
PAY_PAYMENT_APPROVAL_NA,CORE_COMP,DATA,Payments,Comp Operations,REGIONAL,38509,40,22.24,7,True,False,399,2016-01-19,2026-09-19,,PAY_PAYMENT_APPROVAL,Regional partition (NA) of PAY_PAYMENT_APPROVAL
PAY_PAYMENT_BATCH,CORE_COMP,DATA,Payments,Comp Operations,BASE,21505,65,11.47,3,True,False,175,2016-03-20,2026-09-28,PRD_PERIOD,,Master/reference data: payment batch
PAY_PAYMENT_BATCH_HIST,CORE_COMP,DATA,Payments,Comp Operations,HISTORY,151931,69,196.72,7,False,False,1777,2016-03-20,2026-09-28,,PAY_PAYMENT_BATCH,Effective-dated history / audit trail of PAY_PAYMENT_BATCH
PAY_PAYMENT_HOLD,CORE_COMP,TRANSACTION,Payments,Comp Operations,BASE,209940,69,137.58,7,True,False,1505,2015-06-27,2026-10-06,PAY_PAYOUT;LKP_HOLD_REASON,,Transactional records of payment hold
PAY_PAYMENT_HOLD_2021,CORE_COMP,TRANSACTION,Payments,Comp Operations,YEARLY,26154,69,21.95,9,True,False,0,2020-12-19,2022-03-03,,PAY_PAYMENT_HOLD,Fiscal-year 2021 split of PAY_PAYMENT_HOLD
PAY_PAYMENT_HOLD_2022,CORE_COMP,TRANSACTION,Payments,Comp Operations,YEARLY,25265,69,38.98,13,True,False,0,2021-12-16,2023-03-25,,PAY_PAYMENT_HOLD,Fiscal-year 2022 split of PAY_PAYMENT_HOLD
PAY_PAYMENT_HOLD_2023,CORE_COMP,TRANSACTION,Payments,Comp Operations,YEARLY,33537,69,55.23,13,True,False,0,2022-12-25,2024-03-05,,PAY_PAYMENT_HOLD,Fiscal-year 2023 split of PAY_PAYMENT_HOLD
PAY_PAYMENT_HOLD_2024,CORE_COMP,TRANSACTION,Payments,Comp Operations,YEARLY,40082,69,36.87,3,True,False,0,2023-12-24,2025-04-09,,PAY_PAYMENT_HOLD,Fiscal-year 2024 split of PAY_PAYMENT_HOLD
PAY_PAYMENT_HOLD_2025,CORE_COMP,TRANSACTION,Payments,Comp Operations,YEARLY,38740,69,67.13,12,True,False,0,2024-12-19,2026-02-16,,PAY_PAYMENT_HOLD,Fiscal-year 2025 split of PAY_PAYMENT_HOLD
PAY_PAYMENT_HOLD_2026,CORE_COMP,TRANSACTION,Payments,Comp Operations,YEARLY,32554,69,30.02,7,True,False,5246,2025-12-17,2026-10-06,,PAY_PAYMENT_HOLD,Fiscal-year 2026 split of PAY_PAYMENT_HOLD
PAY_PAYMENT_HOLD_APAC,CORE_COMP,TRANSACTION,Payments,Comp Operations,REGIONAL,40808,69,32.85,4,True,False,270,2016-02-08,2026-10-03,,PAY_PAYMENT_HOLD,Regional partition (APAC) of PAY_PAYMENT_HOLD
PAY_PAYMENT_HOLD_EMEA,CORE_COMP,TRANSACTION,Payments,Comp Operations,REGIONAL,62701,69,48.43,9,True,False,768,2016-07-12,2026-10-05,,PAY_PAYMENT_HOLD,Regional partition (EMEA) of PAY_PAYMENT_HOLD
PAY_PAYMENT_HOLD_HIST,CORE_COMP,TRANSACTION,Payments,Comp Operations,HISTORY,68763,73,98.84,12,True,False,772,2015-06-27,2026-10-06,,PAY_PAYMENT_HOLD,Effective-dated history / audit trail of PAY_PAYMENT_HOLD
PAY_PAYMENT_HOLD_LATAM,CORE_COMP,TRANSACTION,Payments,Comp Operations,REGIONAL,20598,69,36.78,12,True,False,137,2016-02-13,2026-10-06,,PAY_PAYMENT_HOLD,Regional partition (LATAM) of PAY_PAYMENT_HOLD
PAY_PAYMENT_HOLD_NA,CORE_COMP,TRANSACTION,Payments,Comp Operations,REGIONAL,100879,69,76.82,5,True,False,1342,2016-06-28,2026-10-03,,PAY_PAYMENT_HOLD,Regional partition (NA) of PAY_PAYMENT_HOLD
PAY_PAYMENT_SCHEDULE,CORE_COMP,CONFIG,Payments,Comp Operations,BASE,363,42,0.19,2,True,False,0,2021-07-13,2025-11-02,LKP_PAY_FREQUENCY,,Configuration for payment schedule
PAY_PAYMENT_SCHEDULE_APAC,CORE_COMP,CONFIG,Payments,Comp Operations,REGIONAL,78,42,0.31,4,True,False,0,2021-07-13,2025-10-31,,PAY_PAYMENT_SCHEDULE,Regional partition (APAC) of PAY_PAYMENT_SCHEDULE
PAY_PAYMENT_SCHEDULE_EMEA,CORE_COMP,CONFIG,Payments,Comp Operations,REGIONAL,79,42,0.25,3,True,False,0,2021-07-13,2025-11-01,,PAY_PAYMENT_SCHEDULE,Regional partition (EMEA) of PAY_PAYMENT_SCHEDULE
PAY_PAYMENT_SCHEDULE_HIST,CORE_COMP,CONFIG,Payments,Comp Operations,HISTORY,2776,46,1.25,4,True,False,0,2021-07-13,2025-11-02,,PAY_PAYMENT_SCHEDULE,Effective-dated history / audit trail of PAY_PAYMENT_SCHEDULE
PAY_PAYMENT_SCHEDULE_LATAM,CORE_COMP,CONFIG,Payments,Comp Operations,REGIONAL,21,42,0.31,4,True,False,0,2021-07-13,2025-11-02,,PAY_PAYMENT_SCHEDULE,Regional partition (LATAM) of PAY_PAYMENT_SCHEDULE
PAY_PAYMENT_SCHEDULE_NA,CORE_COMP,CONFIG,Payments,Comp Operations,REGIONAL,145,42,0.12,1,True,False,0,2021-07-13,2025-11-01,,PAY_PAYMENT_SCHEDULE,Regional partition (NA) of PAY_PAYMENT_SCHEDULE
PAY_PAYMENT_SCHEDULE_V2,CORE_COMP,CONFIG,Payments,Comp Operations,VERSIONED,233,49,0.13,1,True,False,9,2025-06-06,2026-09-19,,PAY_PAYMENT_SCHEDULE,Re-modelled version of PAY_PAYMENT_SCHEDULE (migration in progress)
PAY_PAYOUT,CORE_COMP,TRANSACTION,Payments,Finance Systems,BASE,18839641,67,16981.27,12,True,False,243851,2014-06-05,2026-10-07,PAY_PAYMENT_BATCH;PRT_PARTICIPANT,,Transactional records of payout
PAY_PAYOUT_2021,CORE_COMP,TRANSACTION,Payments,Finance Systems,YEARLY,2496485,67,2232.85,11,True,False,0,2020-12-23,2022-02-04,,PAY_PAYOUT,Fiscal-year 2021 split of PAY_PAYOUT
PAY_PAYOUT_2022,CORE_COMP,TRANSACTION,Payments,Finance Systems,YEARLY,2536869,67,2016.73,6,True,False,0,2021-12-16,2023-03-08,,PAY_PAYOUT,Fiscal-year 2022 split of PAY_PAYOUT
PAY_PAYOUT_2023,CORE_COMP,TRANSACTION,Payments,Finance Systems,YEARLY,3462341,67,5564.75,11,True,False,0,2022-12-21,2024-03-26,,PAY_PAYOUT,Fiscal-year 2023 split of PAY_PAYOUT
PAY_PAYOUT_2024,CORE_COMP,TRANSACTION,Payments,Finance Systems,YEARLY,3663513,67,2390.68,6,True,False,0,2023-12-14,2025-01-13,,PAY_PAYOUT,Fiscal-year 2024 split of PAY_PAYOUT
PAY_PAYOUT_2025,CORE_COMP,TRANSACTION,Payments,Finance Systems,YEARLY,2849831,67,2316.12,11,True,False,0,2024-12-20,2026-02-03,,PAY_PAYOUT,Fiscal-year 2025 split of PAY_PAYOUT
PAY_PAYOUT_2026,CORE_COMP,TRANSACTION,Payments,Finance Systems,YEARLY,3190051,67,4048.28,7,True,False,353682,2025-12-17,2026-10-06,,PAY_PAYOUT,Fiscal-year 2026 split of PAY_PAYOUT
PAY_PAYOUT_DETAIL,CORE_COMP,TRANSACTION,Payments,Comp Operations,BASE,389533313,63,419295.77,7,True,True,3593228,2013-04-07,2026-10-07,PAY_PAYOUT;CAL_EARNING,,Transactional records of payout detail
PAY_PAYOUT_DETAIL_2020,CORE_COMP,TRANSACTION,Payments,Comp Operations,YEARLY,51507796,63,52031.5,7,True,True,0,2019-12-13,2021-01-18,,PAY_PAYOUT_DETAIL,Fiscal-year 2020 split of PAY_PAYOUT_DETAIL
PAY_PAYOUT_DETAIL_2021,CORE_COMP,TRANSACTION,Payments,Comp Operations,YEARLY,52967164,63,72515.36,14,True,True,0,2020-12-21,2022-04-08,,PAY_PAYOUT_DETAIL,Fiscal-year 2021 split of PAY_PAYOUT_DETAIL
PAY_PAYOUT_DETAIL_2022,CORE_COMP,TRANSACTION,Payments,Comp Operations,YEARLY,47652154,63,41885.0,6,True,False,0,2021-12-27,2023-04-28,,PAY_PAYOUT_DETAIL,Fiscal-year 2022 split of PAY_PAYOUT_DETAIL
PAY_PAYOUT_DETAIL_2023,CORE_COMP,TRANSACTION,Payments,Comp Operations,YEARLY,50102405,63,45340.89,12,True,True,0,2022-12-14,2024-01-21,,PAY_PAYOUT_DETAIL,Fiscal-year 2023 split of PAY_PAYOUT_DETAIL
PAY_PAYOUT_DETAIL_2024,CORE_COMP,TRANSACTION,Payments,Comp Operations,YEARLY,64338723,63,108257.62,14,True,True,0,2023-12-12,2025-01-30,,PAY_PAYOUT_DETAIL,Fiscal-year 2024 split of PAY_PAYOUT_DETAIL
PAY_PAYOUT_DETAIL_2025,CORE_COMP,TRANSACTION,Payments,Comp Operations,YEARLY,64485488,63,85432.5,14,True,True,0,2024-12-28,2026-05-01,,PAY_PAYOUT_DETAIL,Fiscal-year 2025 split of PAY_PAYOUT_DETAIL
PAY_PAYOUT_DETAIL_2026,CORE_COMP,TRANSACTION,Payments,Comp Operations,YEARLY,51680823,63,55140.38,11,True,True,9718560,2025-12-19,2026-10-07,,PAY_PAYOUT_DETAIL,Fiscal-year 2026 split of PAY_PAYOUT_DETAIL
PAY_PAYOUT_DETAIL_HIST,CORE_COMP,TRANSACTION,Payments,Comp Operations,HISTORY,78296501,67,70954.36,4,True,True,590459,2013-04-07,2026-10-07,,PAY_PAYOUT_DETAIL,Effective-dated history / audit trail of PAY_PAYOUT_DETAIL
PAY_PAYOUT_HIST,CORE_COMP,TRANSACTION,Payments,Finance Systems,HISTORY,14909133,71,10621.9,5,True,False,191111,2014-06-05,2026-10-07,,PAY_PAYOUT,Effective-dated history / audit trail of PAY_PAYOUT
PAY_STATEMENT,CORE_COMP,DATA,Payments,Comp Operations,BASE,6493792,44,2858.4,5,True,False,114748,2020-09-16,2026-10-05,PRT_PARTICIPANT;PRD_PERIOD,,Master/reference data: statement
PAY_STATEMENT_BKP_20210608,CORE_COMP,DATA,Payments,Comp Operations,BACKUP,730360,44,183.32,0,False,False,0,2021-06-08,2021-06-08,,PAY_STATEMENT,Ad-hoc backup copy of PAY_STATEMENT taken 2021-06-08
PAY_STATEMENT_HIST,CORE_COMP,DATA,Payments,Comp Operations,HISTORY,24119813,48,19970.42,6,True,False,505381,2020-09-16,2026-10-05,,PAY_STATEMENT,Effective-dated history / audit trail of PAY_STATEMENT
PAY_STATEMENT_LINE,CORE_COMP,TRANSACTION,Payments,Comp Operations,BASE,411785489,74,379930.25,10,True,True,6718468,2016-10-12,2026-10-07,PAY_STATEMENT,,Transactional records of statement line
PAY_STATEMENT_LINE_APAC,CORE_COMP,TRANSACTION,Payments,Comp Operations,REGIONAL,96197770,74,68481.9,5,True,True,1018321,2016-10-25,2026-10-07,,PAY_STATEMENT_LINE,Regional partition (APAC) of PAY_STATEMENT_LINE
PAY_STATEMENT_LINE_BKP_20190726,CORE_COMP,TRANSACTION,Payments,Comp Operations,BACKUP,111204659,74,56457.29,0,False,False,0,2019-07-26,2019-07-26,,PAY_STATEMENT_LINE,Ad-hoc backup copy of PAY_STATEMENT_LINE taken 2019-07-26
PAY_STATEMENT_LINE_EMEA,CORE_COMP,TRANSACTION,Payments,Comp Operations,REGIONAL,132589098,74,183140.92,11,True,True,1036752,2016-10-12,2026-10-05,,PAY_STATEMENT_LINE,Regional partition (EMEA) of PAY_STATEMENT_LINE
PAY_STATEMENT_LINE_HIST,CORE_COMP,TRANSACTION,Payments,Comp Operations,HISTORY,221531909,78,188570.83,5,True,False,2887863,2016-10-12,2026-10-07,,PAY_STATEMENT_LINE,Effective-dated history / audit trail of PAY_STATEMENT_LINE
PAY_STATEMENT_LINE_LATAM,CORE_COMP,TRANSACTION,Payments,Comp Operations,REGIONAL,39226279,74,37997.67,8,True,False,297284,2017-05-01,2026-10-06,,PAY_STATEMENT_LINE,Regional partition (LATAM) of PAY_STATEMENT_LINE
PAY_STATEMENT_LINE_NA,CORE_COMP,TRANSACTION,Payments,Comp Operations,REGIONAL,225289929,74,250525.52,10,True,True,3221814,2016-11-20,2026-10-04,,PAY_STATEMENT_LINE,Regional partition (NA) of PAY_STATEMENT_LINE
PAY_STATEMENT_LINE_V2,CORE_COMP,TRANSACTION,Payments,Comp Operations,VERSIONED,421716024,75,643201.59,9,True,True,56896636,2025-10-29,2026-09-18,,PAY_STATEMENT_LINE,Re-modelled version of PAY_STATEMENT_LINE (migration in progress)
PRD_COMP_CALENDAR,CORE_COMP,CONFIG,Calendar,Comp Operations,BASE,20,41,0.25,3,True,False,0,2015-06-04,2026-03-02,,,Configuration for comp calendar
PRD_COMP_CALENDAR_HIST,CORE_COMP,CONFIG,Calendar,Comp Operations,HISTORY,102,45,0.12,1,True,False,0,2015-06-04,2026-03-02,,PRD_COMP_CALENDAR,Effective-dated history / audit trail of PRD_COMP_CALENDAR
PRD_PERIOD,CORE_COMP,CONFIG,Calendar,Comp Operations,BASE,1667,11,0.25,3,True,False,10,2014-11-04,2026-09-11,PRD_COMP_CALENDAR;LKP_PERIOD_TYPE,,Configuration for period
PRD_PERIOD_APAC,CORE_COMP,CONFIG,Calendar,Comp Operations,REGIONAL,282,11,0.31,4,True,False,2,2017-02-26,2026-09-09,,PRD_PERIOD,Regional partition (APAC) of PRD_PERIOD
PRD_PERIOD_BKP_20220710,CORE_COMP,CONFIG,Calendar,Comp Operations,BACKUP,0,11,0.06,0,False,False,0,2022-07-10,2022-07-10,,PRD_PERIOD,Ad-hoc backup copy of PRD_PERIOD taken 2022-07-10
PRD_PERIOD_CLOSE_LOG,CORE_COMP,SYSTEM,Calendar,Comp Operations,BASE,19624,15,4.96,5,True,False,255,2015-03-25,2026-10-07,PRD_PERIOD,,System/operational log of period close log
PRD_PERIOD_CLOSE_LOG_HIST,CORE_COMP,SYSTEM,Calendar,Comp Operations,HISTORY,11308,19,1.84,1,True,False,112,2015-03-25,2026-10-07,,PRD_PERIOD_CLOSE_LOG,Effective-dated history / audit trail of PRD_PERIOD_CLOSE_LOG
PRD_PERIOD_EMEA,CORE_COMP,CONFIG,Calendar,Comp Operations,REGIONAL,486,11,0.31,4,True,False,3,2017-01-18,2026-09-09,,PRD_PERIOD,Regional partition (EMEA) of PRD_PERIOD
PRD_PERIOD_HIST,CORE_COMP,CONFIG,Calendar,Comp Operations,HISTORY,10797,15,2.19,2,True,False,51,2014-11-04,2026-09-11,,PRD_PERIOD,Effective-dated history / audit trail of PRD_PERIOD
PRD_PERIOD_LATAM,CORE_COMP,CONFIG,Calendar,Comp Operations,REGIONAL,161,11,0.12,1,True,False,1,2016-11-08,2026-09-08,,PRD_PERIOD,Regional partition (LATAM) of PRD_PERIOD
PRD_PERIOD_NA,CORE_COMP,CONFIG,Calendar,Comp Operations,REGIONAL,591,11,0.31,4,True,False,6,2017-02-24,2026-09-10,,PRD_PERIOD,Regional partition (NA) of PRD_PERIOD
PRD_PERIOD_STATUS,CORE_COMP,DATA,Calendar,Comp Operations,BASE,4585,64,5.22,7,True,False,24,2013-04-03,2026-09-27,PRD_PERIOD,,Master/reference data: period status
PRD_PERIOD_STATUS_APAC,CORE_COMP,DATA,Calendar,Comp Operations,REGIONAL,885,64,1.03,6,True,False,11,2017-03-08,2026-09-25,,PRD_PERIOD_STATUS,Regional partition (APAC) of PRD_PERIOD_STATUS
PRD_PERIOD_STATUS_BKP_20230821,CORE_COMP,DATA,Calendar,Comp Operations,BACKUP,3207,64,1.32,0,False,False,0,2023-08-21,2023-08-21,,PRD_PERIOD_STATUS,Ad-hoc backup copy of PRD_PERIOD_STATUS taken 2023-08-21
PRD_PERIOD_STATUS_BKP_20260520,CORE_COMP,DATA,Calendar,Comp Operations,BACKUP,4030,64,2.13,0,False,False,0,2026-05-20,2026-05-20,,PRD_PERIOD_STATUS,Ad-hoc backup copy of PRD_PERIOD_STATUS taken 2026-05-20
PRD_PERIOD_STATUS_EMEA,CORE_COMP,DATA,Calendar,Comp Operations,REGIONAL,1038,64,0.64,6,True,False,9,2016-02-29,2026-09-25,,PRD_PERIOD_STATUS,Regional partition (EMEA) of PRD_PERIOD_STATUS
PRD_PERIOD_STATUS_HIST,CORE_COMP,DATA,Calendar,Comp Operations,HISTORY,27280,68,29.3,7,True,False,145,2013-04-03,2026-09-27,,PRD_PERIOD_STATUS,Effective-dated history / audit trail of PRD_PERIOD_STATUS
PRD_PERIOD_STATUS_LATAM,CORE_COMP,DATA,Calendar,Comp Operations,REGIONAL,379,64,0.44,6,True,False,3,2016-07-16,2026-09-27,,PRD_PERIOD_STATUS,Regional partition (LATAM) of PRD_PERIOD_STATUS
PRD_PERIOD_STATUS_NA,CORE_COMP,DATA,Calendar,Comp Operations,REGIONAL,2312,64,2.21,4,True,False,23,2017-06-12,2026-09-26,,PRD_PERIOD_STATUS,Regional partition (NA) of PRD_PERIOD_STATUS
PRD_PERIOD_V2,CORE_COMP,CONFIG,Calendar,Comp Operations,VERSIONED,1374,13,0.31,4,True,False,26,2024-04-16,2026-09-29,,PRD_PERIOD,Re-modelled version of PRD_PERIOD (migration in progress)
PRT_JOB_CODE_MAP,CORE_COMP,CONFIG,Participants,HR Systems,BASE,1667,11,0.24,1,True,False,9,2015-03-04,2026-09-20,,,Configuration for job code map
PRT_JOB_CODE_MAP_HIST,CORE_COMP,CONFIG,Participants,HR Systems,HISTORY,6459,15,0.96,2,True,False,28,2015-03-04,2026-09-20,,PRT_JOB_CODE_MAP,Effective-dated history / audit trail of PRT_JOB_CODE_MAP
PRT_PARTICIPANT,CORE_COMP,DATA,Participants,HR Systems,BASE,129175,56,133.24,6,True,False,784,2014-10-19,2026-09-21,LKP_PARTICIPANT_STATUS,,Master/reference data: participant
PRT_PARTICIPANT_APAC,CORE_COMP,DATA,Participants,HR Systems,REGIONAL,17384,56,13.19,4,True,False,191,2016-04-24,2026-09-21,,PRT_PARTICIPANT,Regional partition (APAC) of PRT_PARTICIPANT
PRT_PARTICIPANT_EMEA,CORE_COMP,DATA,Participants,HR Systems,REGIONAL,27866,56,22.34,4,True,False,164,2017-03-22,2026-09-21,,PRT_PARTICIPANT,Regional partition (EMEA) of PRT_PARTICIPANT
PRT_PARTICIPANT_HIST,CORE_COMP,DATA,Participants,HR Systems,HISTORY,452231,60,393.14,4,True,False,4278,2014-10-19,2026-09-21,,PRT_PARTICIPANT,Effective-dated history / audit trail of PRT_PARTICIPANT
PRT_PARTICIPANT_LATAM,CORE_COMP,DATA,Participants,HR Systems,REGIONAL,7865,56,4.76,2,True,False,67,2016-05-31,2026-09-18,,PRT_PARTICIPANT,Regional partition (LATAM) of PRT_PARTICIPANT
PRT_PARTICIPANT_LEAVE,CORE_COMP,DATA,Participants,HR Systems,BASE,52135,74,44.82,7,True,False,863,2022-08-25,2026-10-07,PRT_PARTICIPANT,,Master/reference data: participant leave
PRT_PARTICIPANT_LEAVE_HIST,CORE_COMP,DATA,Participants,HR Systems,HISTORY,323073,78,498.32,8,True,False,7940,2022-08-25,2026-10-07,,PRT_PARTICIPANT_LEAVE,Effective-dated history / audit trail of PRT_PARTICIPANT_LEAVE
PRT_PARTICIPANT_LEAVE_V2,CORE_COMP,DATA,Participants,HR Systems,VERSIONED,3034,71,1.85,3,True,False,0,2024-11-12,2025-01-22,,PRT_PARTICIPANT_LEAVE,Re-modelled version of PRT_PARTICIPANT_LEAVE (abandoned migration)
PRT_PARTICIPANT_NA,CORE_COMP,DATA,Participants,HR Systems,REGIONAL,42792,56,28.81,3,True,False,446,2016-01-14,2026-09-20,,PRT_PARTICIPANT,Regional partition (NA) of PRT_PARTICIPANT
PRT_PARTICIPANT_PRORATION,CORE_COMP,DATA,Participants,HR Systems,BASE,137141,73,104.03,7,True,False,1989,2018-04-30,2026-10-07,PRT_PARTICIPANT;PRD_PERIOD,,Master/reference data: participant proration
PRT_PARTICIPANT_PRORATION_APAC,CORE_COMP,DATA,Participants,HR Systems,REGIONAL,20585,73,16.32,3,True,False,235,2018-04-30,2026-10-07,,PRT_PARTICIPANT_PRORATION,Regional partition (APAC) of PRT_PARTICIPANT_PRORATION
PRT_PARTICIPANT_PRORATION_EMEA,CORE_COMP,DATA,Participants,HR Systems,REGIONAL,30223,73,29.79,3,True,False,372,2018-04-30,2026-10-04,,PRT_PARTICIPANT_PRORATION,Regional partition (EMEA) of PRT_PARTICIPANT_PRORATION
PRT_PARTICIPANT_PRORATION_HIST,CORE_COMP,DATA,Participants,HR Systems,HISTORY,1040827,77,1167.25,8,True,False,9860,2018-04-30,2026-10-07,,PRT_PARTICIPANT_PRORATION,Effective-dated history / audit trail of PRT_PARTICIPANT_PRORATION
PRT_PARTICIPANT_PRORATION_LATAM,CORE_COMP,DATA,Participants,HR Systems,REGIONAL,12995,73,9.29,2,True,False,155,2018-04-30,2026-10-05,,PRT_PARTICIPANT_PRORATION,Regional partition (LATAM) of PRT_PARTICIPANT_PRORATION
PRT_PARTICIPANT_PRORATION_NA,CORE_COMP,DATA,Participants,HR Systems,REGIONAL,44225,73,50.55,7,True,False,399,2018-04-30,2026-10-04,,PRT_PARTICIPANT_PRORATION,Regional partition (NA) of PRT_PARTICIPANT_PRORATION
PRT_PARTICIPANT_ROLE,CORE_COMP,DATA,Participants,HR Systems,BASE,463016,51,421.94,6,True,False,4829,2018-07-14,2026-10-06,PRT_PARTICIPANT;LKP_ROLE_TYPE,,Master/reference data: participant role
PRT_PARTICIPANT_ROLE_APAC,CORE_COMP,DATA,Participants,HR Systems,REGIONAL,95420,51,80.36,5,True,False,1418,2018-07-14,2026-10-03,,PRT_PARTICIPANT_ROLE,Regional partition (APAC) of PRT_PARTICIPANT_ROLE
PRT_PARTICIPANT_ROLE_EMEA,CORE_COMP,DATA,Participants,HR Systems,REGIONAL,106793,51,66.41,4,True,False,1051,2018-07-14,2026-10-06,,PRT_PARTICIPANT_ROLE,Regional partition (EMEA) of PRT_PARTICIPANT_ROLE
PRT_PARTICIPANT_ROLE_HIST,CORE_COMP,DATA,Participants,HR Systems,HISTORY,1423631,55,960.38,6,True,False,11585,2018-07-14,2026-10-06,,PRT_PARTICIPANT_ROLE,Effective-dated history / audit trail of PRT_PARTICIPANT_ROLE
PRT_PARTICIPANT_ROLE_LATAM,CORE_COMP,DATA,Participants,HR Systems,REGIONAL,25997,51,20.21,4,True,False,190,2018-07-14,2026-10-03,,PRT_PARTICIPANT_ROLE,Regional partition (LATAM) of PRT_PARTICIPANT_ROLE
PRT_PARTICIPANT_ROLE_NA,CORE_COMP,DATA,Participants,HR Systems,REGIONAL,270490,51,122.63,4,True,False,1920,2018-07-14,2026-10-05,,PRT_PARTICIPANT_ROLE,Regional partition (NA) of PRT_PARTICIPANT_ROLE
PRT_PARTICIPANT_TITLE_HIST,CORE_COMP,DATA,Participants,HR Systems,BASE,579433,36,187.98,5,True,False,6463,2017-07-28,2026-09-30,PRT_PARTICIPANT,,Master/reference data: participant title history
PRT_PARTICIPANT_TITLE_HIST_HIST,CORE_COMP,DATA,Participants,HR Systems,HISTORY,1671243,40,1199.89,8,True,False,21452,2017-07-28,2026-09-30,,PRT_PARTICIPANT_TITLE_HIST,Effective-dated history / audit trail of PRT_PARTICIPANT_TITLE_HIST
PRT_PARTICIPANT_V2,CORE_COMP,DATA,Participants,HR Systems,VERSIONED,99285,62,76.3,2,True,False,17918,2026-05-23,2026-10-03,,PRT_PARTICIPANT,Re-modelled version of PRT_PARTICIPANT (migration in progress)
PRT_POSITION,CORE_COMP,DATA,Participants,Unassigned,BASE,225016,48,147.34,5,True,False,3935,2021-05-18,2026-09-16,PRT_PARTICIPANT,,Master/reference data: position
PRT_POSITION_APAC,CORE_COMP,DATA,Participants,Unassigned,REGIONAL,54065,48,51.53,8,True,False,614,2021-05-18,2026-09-13,,PRT_POSITION,Regional partition (APAC) of PRT_POSITION
PRT_POSITION_ASSIGNMENT,CORE_COMP,DATA,Participants,HR Systems,BASE,399948,47,266.16,5,True,False,4543,2016-11-30,2026-10-07,PRT_POSITION;PRT_PARTICIPANT,,Master/reference data: position assignment
PRT_POSITION_ASSIGNMENT_BKP_20211002,CORE_COMP,DATA,Participants,HR Systems,BACKUP,0,47,0.06,0,False,False,0,2021-10-02,2021-10-02,,PRT_POSITION_ASSIGNMENT,Ad-hoc backup copy of PRT_POSITION_ASSIGNMENT taken 2021-10-02
PRT_POSITION_ASSIGNMENT_HIST,CORE_COMP,DATA,Participants,HR Systems,HISTORY,1022057,51,846.75,5,True,False,6750,2016-11-30,2026-10-07,,PRT_POSITION_ASSIGNMENT,Effective-dated history / audit trail of PRT_POSITION_ASSIGNMENT
PRT_POSITION_EMEA,CORE_COMP,DATA,Participants,Unassigned,REGIONAL,69021,48,41.08,2,True,False,1375,2021-05-18,2026-09-15,,PRT_POSITION,Regional partition (EMEA) of PRT_POSITION
PRT_POSITION_HIST,CORE_COMP,DATA,Participants,Unassigned,HISTORY,1383098,52,730.68,6,True,False,25498,2021-05-18,2026-09-16,,PRT_POSITION,Effective-dated history / audit trail of PRT_POSITION
PRT_POSITION_LATAM,CORE_COMP,DATA,Participants,Unassigned,REGIONAL,21380,48,13.06,5,True,False,230,2021-05-18,2026-09-14,,PRT_POSITION,Regional partition (LATAM) of PRT_POSITION
PRT_POSITION_NA,CORE_COMP,DATA,Participants,Unassigned,REGIONAL,91208,48,67.76,4,True,False,1717,2021-05-18,2026-09-16,,PRT_POSITION,Regional partition (NA) of PRT_POSITION
QTA_QUOTA_ADJUSTMENT,CORE_COMP,TRANSACTION,Quotas,Sales Planning,BASE,605418,92,776.09,8,True,False,9044,2018-04-04,2026-10-07,QTA_QUOTA_ASSIGNMENT;LKP_ADJUSTMENT_REASON,,Transactional records of quota adjustment
QTA_QUOTA_ADJUSTMENT_HIST,CORE_COMP,TRANSACTION,Quotas,Sales Planning,HISTORY,231523,96,465.86,10,True,False,2373,2018-04-04,2026-10-07,,QTA_QUOTA_ADJUSTMENT,Effective-dated history / audit trail of QTA_QUOTA_ADJUSTMENT
QTA_QUOTA_APPROVAL,CORE_COMP,DATA,Quotas,Sales Planning,BASE,260797,31,122.5,6,True,False,2614,2014-10-19,2026-09-26,QTA_QUOTA_ASSIGNMENT,,Master/reference data: quota approval
QTA_QUOTA_APPROVAL_BKP_20201107,CORE_COMP,DATA,Quotas,Sales Planning,BACKUP,130442,31,31.12,0,False,False,0,2020-11-07,2020-11-07,,QTA_QUOTA_APPROVAL,Ad-hoc backup copy of QTA_QUOTA_APPROVAL taken 2020-11-07
QTA_QUOTA_APPROVAL_HIST,CORE_COMP,DATA,Quotas,Sales Planning,HISTORY,548617,35,325.01,7,True,False,5347,2014-10-19,2026-09-26,,QTA_QUOTA_APPROVAL,Effective-dated history / audit trail of QTA_QUOTA_APPROVAL
QTA_QUOTA_ASSIGNMENT,CORE_COMP,DATA,Quotas,Sales Planning,BASE,910711,73,907.75,5,True,False,7827,2014-11-20,2026-09-15,QTA_QUOTA_PLAN;PRT_PARTICIPANT;PRD_PERIOD,,Master/reference data: quota assignment
QTA_QUOTA_ASSIGNMENT_HIST,CORE_COMP,DATA,Quotas,Sales Planning,HISTORY,2982012,77,2938.38,2,True,False,32019,2014-11-20,2026-09-15,,QTA_QUOTA_ASSIGNMENT,Effective-dated history / audit trail of QTA_QUOTA_ASSIGNMENT
QTA_QUOTA_ATTAINMENT,CORE_COMP,DATA,Quotas,Sales Planning,BASE,3891551,21,999.85,6,True,False,19899,2014-02-18,2026-09-26,QTA_QUOTA_ASSIGNMENT;PRD_PERIOD,,Master/reference data: quota attainment
QTA_QUOTA_ATTAINMENT_APAC,CORE_COMP,DATA,Quotas,Sales Planning,REGIONAL,536146,21,158.68,3,True,False,5723,2016-08-04,2026-09-26,,QTA_QUOTA_ATTAINMENT,Regional partition (APAC) of QTA_QUOTA_ATTAINMENT
QTA_QUOTA_ATTAINMENT_DAILY,CORE_COMP,TRANSACTION,Quotas,Comp Operations,BASE,380972021,62,214658.1,5,True,True,3118089,2013-08-14,2026-10-05,QTA_QUOTA_ATTAINMENT,,Transactional records of quota attainment daily
QTA_QUOTA_ATTAINMENT_DAILY_2018,CORE_COMP,TRANSACTION,Quotas,Comp Operations,YEARLY,37975976,62,28999.19,7,True,False,0,2017-12-22,2019-04-08,,QTA_QUOTA_ATTAINMENT_DAILY,Fiscal-year 2018 split of QTA_QUOTA_ATTAINMENT_DAILY
QTA_QUOTA_ATTAINMENT_DAILY_2019,CORE_COMP,TRANSACTION,Quotas,Comp Operations,YEARLY,38413111,62,28997.22,3,True,False,0,2018-12-16,2020-03-02,,QTA_QUOTA_ATTAINMENT_DAILY,Fiscal-year 2019 split of QTA_QUOTA_ATTAINMENT_DAILY
QTA_QUOTA_ATTAINMENT_DAILY_2020,CORE_COMP,TRANSACTION,Quotas,Comp Operations,YEARLY,48061590,62,39573.97,3,True,False,0,2019-12-21,2021-03-27,,QTA_QUOTA_ATTAINMENT_DAILY,Fiscal-year 2020 split of QTA_QUOTA_ATTAINMENT_DAILY
QTA_QUOTA_ATTAINMENT_DAILY_2021,CORE_COMP,TRANSACTION,Quotas,Comp Operations,YEARLY,53815240,62,73557.73,9,True,True,0,2020-12-14,2022-04-15,,QTA_QUOTA_ATTAINMENT_DAILY,Fiscal-year 2021 split of QTA_QUOTA_ATTAINMENT_DAILY
QTA_QUOTA_ATTAINMENT_DAILY_2022,CORE_COMP,TRANSACTION,Quotas,Comp Operations,YEARLY,64851434,62,49107.8,7,True,True,0,2021-12-14,2023-04-24,,QTA_QUOTA_ATTAINMENT_DAILY,Fiscal-year 2022 split of QTA_QUOTA_ATTAINMENT_DAILY
QTA_QUOTA_ATTAINMENT_DAILY_2023,CORE_COMP,TRANSACTION,Quotas,Comp Operations,YEARLY,66856941,62,38710.18,4,True,True,0,2022-12-18,2024-04-21,,QTA_QUOTA_ATTAINMENT_DAILY,Fiscal-year 2023 split of QTA_QUOTA_ATTAINMENT_DAILY
QTA_QUOTA_ATTAINMENT_DAILY_2024,CORE_COMP,TRANSACTION,Quotas,Comp Operations,YEARLY,54706480,62,31538.62,4,True,False,0,2023-12-31,2025-04-20,,QTA_QUOTA_ATTAINMENT_DAILY,Fiscal-year 2024 split of QTA_QUOTA_ATTAINMENT_DAILY
QTA_QUOTA_ATTAINMENT_DAILY_2025,CORE_COMP,TRANSACTION,Quotas,Comp Operations,YEARLY,66719231,62,63020.06,4,True,True,0,2024-12-17,2026-02-13,,QTA_QUOTA_ATTAINMENT_DAILY,Fiscal-year 2025 split of QTA_QUOTA_ATTAINMENT_DAILY
QTA_QUOTA_ATTAINMENT_DAILY_2026,CORE_COMP,TRANSACTION,Quotas,Comp Operations,YEARLY,49928441,62,74152.82,11,True,False,9628386,2025-12-22,2026-10-05,,QTA_QUOTA_ATTAINMENT_DAILY,Fiscal-year 2026 split of QTA_QUOTA_ATTAINMENT_DAILY
QTA_QUOTA_ATTAINMENT_DAILY_HIST,CORE_COMP,TRANSACTION,Quotas,Comp Operations,HISTORY,376679729,66,282618.5,9,True,True,4247990,2013-08-14,2026-10-05,,QTA_QUOTA_ATTAINMENT_DAILY,Effective-dated history / audit trail of QTA_QUOTA_ATTAINMENT_DAILY
QTA_QUOTA_ATTAINMENT_EMEA,CORE_COMP,DATA,Quotas,Sales Planning,REGIONAL,1317379,21,323.3,2,True,False,0,2016-02-28,2021-04-27,,QTA_QUOTA_ATTAINMENT,Regional partition (EMEA) of QTA_QUOTA_ATTAINMENT
QTA_QUOTA_ATTAINMENT_HIST,CORE_COMP,DATA,Quotas,Sales Planning,HISTORY,21882171,25,5196.11,2,True,False,117288,2014-02-18,2026-09-26,,QTA_QUOTA_ATTAINMENT,Effective-dated history / audit trail of QTA_QUOTA_ATTAINMENT
QTA_QUOTA_ATTAINMENT_LATAM,CORE_COMP,DATA,Quotas,Sales Planning,REGIONAL,305511,21,136.04,8,True,False,3397,2016-11-27,2026-09-23,,QTA_QUOTA_ATTAINMENT,Regional partition (LATAM) of QTA_QUOTA_ATTAINMENT
QTA_QUOTA_ATTAINMENT_NA,CORE_COMP,DATA,Quotas,Sales Planning,REGIONAL,1853323,21,601.25,3,True,False,17433,2016-03-15,2026-09-26,,QTA_QUOTA_ATTAINMENT,Regional partition (NA) of QTA_QUOTA_ATTAINMENT
QTA_QUOTA_PERIOD_TARGET,CORE_COMP,DATA,Quotas,Sales Planning,BASE,4691773,20,1535.98,4,True,False,29220,2014-12-01,2026-10-04,QTA_QUOTA_ASSIGNMENT;PRD_PERIOD,,Master/reference data: quota period target
QTA_QUOTA_PERIOD_TARGET_APAC,CORE_COMP,DATA,Quotas,Sales Planning,REGIONAL,710237,20,176.29,3,True,False,7483,2017-04-19,2026-10-04,,QTA_QUOTA_PERIOD_TARGET,Regional partition (APAC) of QTA_QUOTA_PERIOD_TARGET
QTA_QUOTA_PERIOD_TARGET_EMEA,CORE_COMP,DATA,Quotas,Sales Planning,REGIONAL,1610139,20,380.05,2,True,False,13012,2016-06-28,2026-10-02,,QTA_QUOTA_PERIOD_TARGET,Regional partition (EMEA) of QTA_QUOTA_PERIOD_TARGET
QTA_QUOTA_PERIOD_TARGET_HIST,CORE_COMP,DATA,Quotas,Sales Planning,HISTORY,9074013,24,3563.95,5,True,False,80732,2014-12-01,2026-10-04,,QTA_QUOTA_PERIOD_TARGET,Effective-dated history / audit trail of QTA_QUOTA_PERIOD_TARGET
QTA_QUOTA_PERIOD_TARGET_LATAM,CORE_COMP,DATA,Quotas,Sales Planning,REGIONAL,384338,20,126.56,7,True,False,2910,2016-07-23,2026-10-01,,QTA_QUOTA_PERIOD_TARGET,Regional partition (LATAM) of QTA_QUOTA_PERIOD_TARGET
QTA_QUOTA_PERIOD_TARGET_NA,CORE_COMP,DATA,Quotas,Sales Planning,REGIONAL,2652855,20,733.34,5,True,False,22009,2016-09-18,2026-10-02,,QTA_QUOTA_PERIOD_TARGET,Regional partition (NA) of QTA_QUOTA_PERIOD_TARGET
QTA_QUOTA_PLAN,CORE_COMP,CONFIG,Quotas,Sales Planning,BASE,1523,39,0.68,4,True,False,13,2015-03-15,2026-07-11,LKP_QUOTA_TYPE,,Configuration for quota plan
QTA_QUOTA_PLAN_HIST,CORE_COMP,CONFIG,Quotas,Sales Planning,HISTORY,8894,43,4.96,4,False,False,61,2015-03-15,2026-07-11,,QTA_QUOTA_PLAN,Effective-dated history / audit trail of QTA_QUOTA_PLAN
QTA_QUOTA_RELIEF,CORE_COMP,TRANSACTION,Quotas,Comp Operations,BASE,1703686,31,1294.18,13,True,False,16513,2015-02-09,2026-10-07,QTA_QUOTA_ASSIGNMENT,,Transactional records of quota relief
QTA_QUOTA_RELIEF_APAC,CORE_COMP,TRANSACTION,Quotas,Comp Operations,REGIONAL,336648,31,149.2,7,True,False,5560,2017-04-17,2026-10-06,,QTA_QUOTA_RELIEF,Regional partition (APAC) of QTA_QUOTA_RELIEF
QTA_QUOTA_RELIEF_EMEA,CORE_COMP,TRANSACTION,Quotas,Comp Operations,REGIONAL,468323,31,234.65,8,True,False,6355,2016-05-07,2026-10-05,,QTA_QUOTA_RELIEF,Regional partition (EMEA) of QTA_QUOTA_RELIEF
QTA_QUOTA_RELIEF_HIST,CORE_COMP,TRANSACTION,Quotas,Comp Operations,HISTORY,1053685,35,653.65,11,True,False,11664,2015-02-09,2026-10-07,,QTA_QUOTA_RELIEF,Effective-dated history / audit trail of QTA_QUOTA_RELIEF
QTA_QUOTA_RELIEF_LATAM,CORE_COMP,TRANSACTION,Quotas,Comp Operations,REGIONAL,122697,31,58.44,11,True,False,1242,2017-01-04,2026-10-07,,QTA_QUOTA_RELIEF,Regional partition (LATAM) of QTA_QUOTA_RELIEF
QTA_QUOTA_RELIEF_NA,CORE_COMP,TRANSACTION,Quotas,Comp Operations,REGIONAL,772061,31,298.94,8,True,False,9952,2016-06-05,2026-10-06,,QTA_QUOTA_RELIEF,Regional partition (NA) of QTA_QUOTA_RELIEF
QTA_QUOTA_RELIEF_V2,CORE_COMP,TRANSACTION,Quotas,Comp Operations,VERSIONED,1345648,29,507.39,5,True,False,77597,2025-04-19,2026-10-02,,QTA_QUOTA_RELIEF,Re-modelled version of QTA_QUOTA_RELIEF (migration in progress)
QTA_QUOTA_ROLLUP,CORE_COMP,DATA,Quotas,Sales Planning,BASE,1290089,52,990.99,7,True,False,16667,2017-10-14,2026-10-01,QTA_QUOTA_ASSIGNMENT,,Master/reference data: quota rollup
QTA_QUOTA_ROLLUP_APAC,CORE_COMP,DATA,Quotas,Sales Planning,REGIONAL,196654,52,98.13,6,True,False,1225,2017-10-14,2026-09-29,,QTA_QUOTA_ROLLUP,Regional partition (APAC) of QTA_QUOTA_ROLLUP
QTA_QUOTA_ROLLUP_BKP_20181027,CORE_COMP,DATA,Quotas,Sales Planning,BACKUP,140178,52,40.42,0,False,False,0,2018-10-27,2018-10-27,,QTA_QUOTA_ROLLUP,Ad-hoc backup copy of QTA_QUOTA_ROLLUP taken 2018-10-27
QTA_QUOTA_ROLLUP_BKP_20210922,CORE_COMP,DATA,Quotas,Sales Planning,BACKUP,534607,52,164.18,0,False,False,0,2021-09-22,2021-09-22,,QTA_QUOTA_ROLLUP,Ad-hoc backup copy of QTA_QUOTA_ROLLUP taken 2021-09-22
QTA_QUOTA_ROLLUP_EMEA,CORE_COMP,DATA,Quotas,Sales Planning,REGIONAL,438774,52,222.87,4,True,False,4952,2017-10-14,2026-09-29,,QTA_QUOTA_ROLLUP,Regional partition (EMEA) of QTA_QUOTA_ROLLUP
QTA_QUOTA_ROLLUP_HIST,CORE_COMP,DATA,Quotas,Sales Planning,HISTORY,7365335,56,4302.0,6,True,False,98502,2017-10-14,2026-10-01,,QTA_QUOTA_ROLLUP,Effective-dated history / audit trail of QTA_QUOTA_ROLLUP
QTA_QUOTA_ROLLUP_LATAM,CORE_COMP,DATA,Quotas,Sales Planning,REGIONAL,98423,52,91.84,6,True,False,667,2017-10-14,2026-10-01,,QTA_QUOTA_ROLLUP,Regional partition (LATAM) of QTA_QUOTA_ROLLUP
QTA_QUOTA_ROLLUP_NA,CORE_COMP,DATA,Quotas,Sales Planning,REGIONAL,669315,52,635.23,8,True,False,6685,2017-10-14,2026-10-01,,QTA_QUOTA_ROLLUP,Regional partition (NA) of QTA_QUOTA_ROLLUP
QTA_TOP_DOWN_ALLOCATION,CORE_COMP,DATA,Quotas,Sales Planning,BASE,170370,50,95.54,6,True,False,984,2014-10-09,2026-08-16,QTA_QUOTA_PLAN,,Master/reference data: top down allocation
QTA_TOP_DOWN_ALLOCATION_APAC,CORE_COMP,DATA,Quotas,Sales Planning,REGIONAL,39810,50,25.97,3,True,False,344,2016-01-03,2026-08-13,,QTA_TOP_DOWN_ALLOCATION,Regional partition (APAC) of QTA_TOP_DOWN_ALLOCATION
QTA_TOP_DOWN_ALLOCATION_EMEA,CORE_COMP,DATA,Quotas,Sales Planning,REGIONAL,48500,50,47.08,7,True,False,530,2016-10-16,2026-08-14,,QTA_TOP_DOWN_ALLOCATION,Regional partition (EMEA) of QTA_TOP_DOWN_ALLOCATION
QTA_TOP_DOWN_ALLOCATION_HIST,CORE_COMP,DATA,Quotas,Sales Planning,HISTORY,1223437,54,1096.94,7,True,False,12406,2014-10-09,2026-08-16,,QTA_TOP_DOWN_ALLOCATION,Effective-dated history / audit trail of QTA_TOP_DOWN_ALLOCATION
QTA_TOP_DOWN_ALLOCATION_LATAM,CORE_COMP,DATA,Quotas,Sales Planning,REGIONAL,10724,50,6.39,3,True,False,63,2016-10-30,2026-08-15,,QTA_TOP_DOWN_ALLOCATION,Regional partition (LATAM) of QTA_TOP_DOWN_ALLOCATION
QTA_TOP_DOWN_ALLOCATION_NA,CORE_COMP,DATA,Quotas,Sales Planning,REGIONAL,67558,50,40.02,8,True,False,810,2016-11-07,2026-08-13,,QTA_TOP_DOWN_ALLOCATION,Regional partition (NA) of QTA_TOP_DOWN_ALLOCATION
RPT_ATTAINMENT_DASHBOARD,CORE_COMP,DATA,Reporting,BI & Analytics,BASE,4509979,30,1724.32,4,True,False,257381,2024-10-06,2026-10-05,QTA_QUOTA_ATTAINMENT,,Master/reference data: attainment dashboard
RPT_ATTAINMENT_DASHBOARD_APAC,CORE_COMP,DATA,Reporting,BI & Analytics,REGIONAL,677190,30,418.63,8,True,False,38195,2024-10-06,2026-10-02,,RPT_ATTAINMENT_DASHBOARD,Regional partition (APAC) of RPT_ATTAINMENT_DASHBOARD
RPT_ATTAINMENT_DASHBOARD_BKP_20260203,CORE_COMP,DATA,Reporting,BI & Analytics,BACKUP,2699263,30,626.82,0,False,False,0,2026-02-03,2026-02-03,,RPT_ATTAINMENT_DASHBOARD,Ad-hoc backup copy of RPT_ATTAINMENT_DASHBOARD taken 2026-02-03
RPT_ATTAINMENT_DASHBOARD_BKP_20260830,CORE_COMP,DATA,Reporting,BI & Analytics,BACKUP,3925098,30,1119.82,0,False,False,0,2026-08-30,2026-08-30,,RPT_ATTAINMENT_DASHBOARD,Ad-hoc backup copy of RPT_ATTAINMENT_DASHBOARD taken 2026-08-30
RPT_ATTAINMENT_DASHBOARD_EMEA,CORE_COMP,DATA,Reporting,BI & Analytics,REGIONAL,1429921,30,770.71,7,True,False,85234,2024-10-06,2026-10-03,,RPT_ATTAINMENT_DASHBOARD,Regional partition (EMEA) of RPT_ATTAINMENT_DASHBOARD
RPT_ATTAINMENT_DASHBOARD_HIST,CORE_COMP,DATA,Reporting,BI & Analytics,HISTORY,33920787,34,8939.59,2,True,False,1394215,2024-10-06,2026-10-05,,RPT_ATTAINMENT_DASHBOARD,Effective-dated history / audit trail of RPT_ATTAINMENT_DASHBOARD
RPT_ATTAINMENT_DASHBOARD_LATAM,CORE_COMP,DATA,Reporting,BI & Analytics,REGIONAL,0,30,0.56,8,True,False,0,2024-10-06,2026-10-03,,RPT_ATTAINMENT_DASHBOARD,Regional partition (LATAM) of RPT_ATTAINMENT_DASHBOARD
RPT_ATTAINMENT_DASHBOARD_NA,CORE_COMP,DATA,Reporting,BI & Analytics,REGIONAL,1852477,30,703.93,4,True,False,82778,2024-10-06,2026-10-02,,RPT_ATTAINMENT_DASHBOARD,Regional partition (NA) of RPT_ATTAINMENT_DASHBOARD
RPT_COMP_COST_ANALYSIS,CORE_COMP,DATA,Reporting,BI & Analytics,BASE,3332606,34,1822.53,5,True,False,35348,2015-05-15,2026-09-25,CAL_EARNING,,Master/reference data: comp cost analysis
RPT_COMP_COST_ANALYSIS_APAC,CORE_COMP,DATA,Reporting,BI & Analytics,REGIONAL,734329,34,201.5,2,True,False,7564,2016-03-25,2026-09-23,,RPT_COMP_COST_ANALYSIS,Regional partition (APAC) of RPT_COMP_COST_ANALYSIS
RPT_COMP_COST_ANALYSIS_EMEA,CORE_COMP,DATA,Reporting,BI & Analytics,REGIONAL,1076571,34,315.72,3,True,False,9342,2016-11-21,2026-09-23,,RPT_COMP_COST_ANALYSIS,Regional partition (EMEA) of RPT_COMP_COST_ANALYSIS
RPT_COMP_COST_ANALYSIS_HIST,CORE_COMP,DATA,Reporting,BI & Analytics,HISTORY,7050649,38,3354.04,6,True,False,56269,2015-05-15,2026-09-25,,RPT_COMP_COST_ANALYSIS,Effective-dated history / audit trail of RPT_COMP_COST_ANALYSIS
RPT_COMP_COST_ANALYSIS_LATAM,CORE_COMP,DATA,Reporting,BI & Analytics,REGIONAL,284673,34,175.25,6,True,False,2540,2016-09-27,2026-09-23,,RPT_COMP_COST_ANALYSIS,Regional partition (LATAM) of RPT_COMP_COST_ANALYSIS
RPT_COMP_COST_ANALYSIS_NA,CORE_COMP,DATA,Reporting,BI & Analytics,REGIONAL,0,34,0.19,2,True,False,0,2016-05-30,2026-09-22,,RPT_COMP_COST_ANALYSIS,Regional partition (NA) of RPT_COMP_COST_ANALYSIS
RPT_EARNINGS_SUMMARY,CORE_COMP,DATA,Reporting,BI & Analytics,BASE,19117084,37,14169.4,8,True,False,193289,2015-02-07,2026-09-28,PRT_PARTICIPANT;PRD_PERIOD,,Master/reference data: earnings summary
RPT_EARNINGS_SUMMARY_APAC,CORE_COMP,DATA,Reporting,BI & Analytics,REGIONAL,3359053,37,1710.9,7,True,False,37315,2016-09-01,2026-09-27,,RPT_EARNINGS_SUMMARY,Regional partition (APAC) of RPT_EARNINGS_SUMMARY
RPT_EARNINGS_SUMMARY_EMEA,CORE_COMP,DATA,Reporting,BI & Analytics,REGIONAL,5353477,37,2991.54,6,True,False,52665,2016-11-18,2026-09-25,,RPT_EARNINGS_SUMMARY,Regional partition (EMEA) of RPT_EARNINGS_SUMMARY
RPT_EARNINGS_SUMMARY_HIST,CORE_COMP,DATA,Reporting,BI & Analytics,HISTORY,76200195,41,28320.38,3,True,True,806159,2015-02-07,2026-09-28,,RPT_EARNINGS_SUMMARY,Effective-dated history / audit trail of RPT_EARNINGS_SUMMARY
RPT_EARNINGS_SUMMARY_LATAM,CORE_COMP,DATA,Reporting,BI & Analytics,REGIONAL,1506884,37,973.33,7,True,False,18315,2016-06-13,2026-09-25,,RPT_EARNINGS_SUMMARY,Regional partition (LATAM) of RPT_EARNINGS_SUMMARY
RPT_EARNINGS_SUMMARY_NA,CORE_COMP,DATA,Reporting,BI & Analytics,REGIONAL,8577011,37,5327.78,6,True,False,66932,2017-01-20,2026-09-28,,RPT_EARNINGS_SUMMARY,Regional partition (NA) of RPT_EARNINGS_SUMMARY
RPT_LEADERBOARD,CORE_COMP,DATA,Reporting,BI & Analytics,BASE,116521,68,67.75,2,True,False,877,2014-08-19,2026-10-07,QTA_QUOTA_ATTAINMENT,,Master/reference data: leaderboard
RPT_LEADERBOARD_HIST,CORE_COMP,DATA,Reporting,BI & Analytics,HISTORY,272155,72,188.38,4,True,False,2301,2014-08-19,2026-10-07,,RPT_LEADERBOARD,Effective-dated history / audit trail of RPT_LEADERBOARD
RPT_PARTICIPANT_STATEMENT_CACHE,CORE_COMP,DATA,Reporting,BI & Analytics,BASE,31598326,23,9583.61,8,True,False,146218,2014-08-17,2026-10-01,PAY_STATEMENT,,Master/reference data: participant statement cache
RPT_PARTICIPANT_STATEMENT_CACHE_APAC,CORE_COMP,DATA,Reporting,BI & Analytics,REGIONAL,7457671,23,2911.26,6,True,False,67504,2016-02-02,2026-10-01,,RPT_PARTICIPANT_STATEMENT_CACHE,Regional partition (APAC) of RPT_PARTICIPANT_STATEMENT_CACHE
RPT_PARTICIPANT_STATEMENT_CACHE_BKP_20210725,CORE_COMP,DATA,Reporting,BI & Analytics,BACKUP,16693392,23,3435.0,0,False,False,0,2021-07-25,2021-07-25,,RPT_PARTICIPANT_STATEMENT_CACHE,Ad-hoc backup copy of RPT_PARTICIPANT_STATEMENT_CACHE taken 2021-07-25
RPT_PARTICIPANT_STATEMENT_CACHE_EMEA,CORE_COMP,DATA,Reporting,BI & Analytics,REGIONAL,9626010,23,4527.87,8,True,False,57806,2016-07-18,2026-09-29,,RPT_PARTICIPANT_STATEMENT_CACHE,Regional partition (EMEA) of RPT_PARTICIPANT_STATEMENT_CACHE
RPT_PARTICIPANT_STATEMENT_CACHE_HIST,CORE_COMP,DATA,Reporting,BI & Analytics,HISTORY,137478526,27,55604.48,4,True,True,727630,2014-08-17,2026-10-01,,RPT_PARTICIPANT_STATEMENT_CACHE,Effective-dated history / audit trail of RPT_PARTICIPANT_STATEMENT_CACHE
RPT_PARTICIPANT_STATEMENT_CACHE_LATAM,CORE_COMP,DATA,Reporting,BI & Analytics,REGIONAL,1943447,23,608.1,3,True,False,17165,2016-05-19,2026-09-29,,RPT_PARTICIPANT_STATEMENT_CACHE,Regional partition (LATAM) of RPT_PARTICIPANT_STATEMENT_CACHE
RPT_PARTICIPANT_STATEMENT_CACHE_NA,CORE_COMP,DATA,Reporting,BI & Analytics,REGIONAL,11378636,23,1992.89,2,True,False,121628,2016-04-30,2026-09-30,,RPT_PARTICIPANT_STATEMENT_CACHE,Regional partition (NA) of RPT_PARTICIPANT_STATEMENT_CACHE
RPT_PAYOUT_SUMMARY,CORE_COMP,DATA,Reporting,BI & Analytics,BASE,3151158,71,2081.47,3,True,False,29251,2013-08-06,2026-09-23,PAY_PAYOUT,,Master/reference data: payout summary
RPT_PAYOUT_SUMMARY_HIST,CORE_COMP,DATA,Reporting,BI & Analytics,HISTORY,11364681,75,6257.1,3,True,False,65167,2013-08-06,2026-09-23,,RPT_PAYOUT_SUMMARY,Effective-dated history / audit trail of RPT_PAYOUT_SUMMARY
RPT_PAYOUT_SUMMARY_V2,CORE_COMP,DATA,Reporting,BI & Analytics,VERSIONED,122221,71,94.41,3,True,False,0,2026-01-19,2026-03-16,,RPT_PAYOUT_SUMMARY,Re-modelled version of RPT_PAYOUT_SUMMARY (abandoned migration)
RPT_PLAN_PERFORMANCE,CORE_COMP,DATA,Reporting,Unassigned,BASE,87100,14,12.54,3,True,False,884,2015-02-20,2026-09-24,CMP_PLAN,,Master/reference data: plan performance
RPT_PLAN_PERFORMANCE_2021,CORE_COMP,DATA,Reporting,Unassigned,YEARLY,10359,14,2.05,2,True,False,0,2020-12-22,2022-04-19,,RPT_PLAN_PERFORMANCE,Fiscal-year 2021 split of RPT_PLAN_PERFORMANCE
RPT_PLAN_PERFORMANCE_2022,CORE_COMP,DATA,Reporting,Unassigned,YEARLY,12706,14,4.13,8,True,False,0,2021-12-28,2023-04-05,,RPT_PLAN_PERFORMANCE,Fiscal-year 2022 split of RPT_PLAN_PERFORMANCE
RPT_PLAN_PERFORMANCE_2023,CORE_COMP,DATA,Reporting,Unassigned,YEARLY,14619,14,2.78,6,True,False,0,2022-12-17,2024-02-24,,RPT_PLAN_PERFORMANCE,Fiscal-year 2023 split of RPT_PLAN_PERFORMANCE
RPT_PLAN_PERFORMANCE_2024,CORE_COMP,DATA,Reporting,Unassigned,YEARLY,12629,14,3.59,7,True,False,0,2023-12-30,2025-02-15,,RPT_PLAN_PERFORMANCE,Fiscal-year 2024 split of RPT_PLAN_PERFORMANCE
RPT_PLAN_PERFORMANCE_2025,CORE_COMP,DATA,Reporting,Unassigned,YEARLY,13570,14,4.51,8,True,False,0,2024-12-27,2026-01-21,,RPT_PLAN_PERFORMANCE,Fiscal-year 2025 split of RPT_PLAN_PERFORMANCE
RPT_PLAN_PERFORMANCE_2026,CORE_COMP,DATA,Reporting,Unassigned,YEARLY,10823,14,1.55,4,True,False,833,2025-12-17,2026-10-05,,RPT_PLAN_PERFORMANCE,Fiscal-year 2026 split of RPT_PLAN_PERFORMANCE
RPT_PLAN_PERFORMANCE_APAC,CORE_COMP,DATA,Reporting,Unassigned,REGIONAL,17926,14,5.34,7,True,False,191,2016-10-07,2026-09-21,,RPT_PLAN_PERFORMANCE,Regional partition (APAC) of RPT_PLAN_PERFORMANCE
RPT_PLAN_PERFORMANCE_BKP_20180621,CORE_COMP,DATA,Reporting,Unassigned,BACKUP,22828,14,2.77,0,False,False,0,2018-06-21,2018-06-21,,RPT_PLAN_PERFORMANCE,Ad-hoc backup copy of RPT_PLAN_PERFORMANCE taken 2018-06-21
RPT_PLAN_PERFORMANCE_EMEA,CORE_COMP,DATA,Reporting,Unassigned,REGIONAL,19142,14,3.97,6,True,False,221,2016-07-28,2026-09-23,,RPT_PLAN_PERFORMANCE,Regional partition (EMEA) of RPT_PLAN_PERFORMANCE
RPT_PLAN_PERFORMANCE_HIST,CORE_COMP,DATA,Reporting,Unassigned,HISTORY,165868,18,38.5,7,True,False,1789,2015-02-20,2026-09-24,,RPT_PLAN_PERFORMANCE,Effective-dated history / audit trail of RPT_PLAN_PERFORMANCE
RPT_PLAN_PERFORMANCE_LATAM,CORE_COMP,DATA,Reporting,Unassigned,REGIONAL,7061,14,2.28,8,True,False,84,2017-01-08,2026-09-21,,RPT_PLAN_PERFORMANCE,Regional partition (LATAM) of RPT_PLAN_PERFORMANCE
RPT_PLAN_PERFORMANCE_NA,CORE_COMP,DATA,Reporting,Unassigned,REGIONAL,35261,14,6.16,4,True,False,267,2017-03-08,2026-09-24,,RPT_PLAN_PERFORMANCE,Regional partition (NA) of RPT_PLAN_PERFORMANCE
RPT_PLAN_PERFORMANCE_V2,CORE_COMP,DATA,Reporting,Unassigned,VERSIONED,8776,21,2.04,4,True,False,0,2025-03-28,2025-05-17,,RPT_PLAN_PERFORMANCE,Re-modelled version of RPT_PLAN_PERFORMANCE (abandoned migration)
RTE_COMMISSION_RATE_MATRIX,CORE_COMP,CONFIG,Rates,Comp Plan Design,BASE,13585,16,2.57,1,True,False,98,2014-07-04,2026-09-06,RTE_RATE_TABLE,,Configuration for commission rate matrix
RTE_COMMISSION_RATE_MATRIX_APAC,CORE_COMP,CONFIG,Rates,Comp Plan Design,REGIONAL,2554,16,0.48,2,True,False,17,2016-06-26,2026-09-05,,RTE_COMMISSION_RATE_MATRIX,Regional partition (APAC) of RTE_COMMISSION_RATE_MATRIX
RTE_COMMISSION_RATE_MATRIX_EMEA,CORE_COMP,CONFIG,Rates,Comp Plan Design,REGIONAL,4145,16,0.59,1,True,False,38,2016-06-16,2026-09-03,,RTE_COMMISSION_RATE_MATRIX,Regional partition (EMEA) of RTE_COMMISSION_RATE_MATRIX
RTE_COMMISSION_RATE_MATRIX_HIST,CORE_COMP,CONFIG,Rates,Comp Plan Design,HISTORY,86867,20,23.82,2,True,False,658,2014-07-04,2026-09-06,,RTE_COMMISSION_RATE_MATRIX,Effective-dated history / audit trail of RTE_COMMISSION_RATE_MATRIX
RTE_COMMISSION_RATE_MATRIX_LATAM,CORE_COMP,CONFIG,Rates,Comp Plan Design,REGIONAL,1280,16,0.19,2,False,False,10,2017-05-04,2026-09-06,,RTE_COMMISSION_RATE_MATRIX,Regional partition (LATAM) of RTE_COMMISSION_RATE_MATRIX
RTE_COMMISSION_RATE_MATRIX_NA,CORE_COMP,CONFIG,Rates,Comp Plan Design,REGIONAL,4450,16,0.79,4,True,False,41,2016-10-08,2026-09-03,,RTE_COMMISSION_RATE_MATRIX,Regional partition (NA) of RTE_COMMISSION_RATE_MATRIX
RTE_FX_RATE_SNAPSHOT,CORE_COMP,DATA,Rates,Comp Plan Design,BASE,53107,19,15.96,3,True,False,271,2014-05-16,2026-10-07,PRD_PERIOD,,Master/reference data: FX rate snapshot
RTE_FX_RATE_SNAPSHOT_BKP_20220328,CORE_COMP,DATA,Rates,Comp Plan Design,BACKUP,30972,19,3.57,0,False,False,0,2022-03-28,2022-03-28,,RTE_FX_RATE_SNAPSHOT,Ad-hoc backup copy of RTE_FX_RATE_SNAPSHOT taken 2022-03-28
RTE_FX_RATE_SNAPSHOT_HIST,CORE_COMP,DATA,Rates,Comp Plan Design,HISTORY,90029,23,20.34,2,True,False,650,2014-05-16,2026-10-07,,RTE_FX_RATE_SNAPSHOT,Effective-dated history / audit trail of RTE_FX_RATE_SNAPSHOT
RTE_PRODUCT_MULTIPLIER,CORE_COMP,CONFIG,Rates,Comp Engineering,BASE,2316,42,0.65,2,True,False,0,2013-05-22,2026-05-08,RTE_RATE_TABLE,,Configuration for product multiplier
RTE_PRODUCT_MULTIPLIER_HIST,CORE_COMP,CONFIG,Rates,Comp Engineering,HISTORY,18397,46,7.03,1,True,False,0,2013-05-22,2026-05-08,,RTE_PRODUCT_MULTIPLIER,Effective-dated history / audit trail of RTE_PRODUCT_MULTIPLIER
RTE_RATE_OVERRIDE,CORE_COMP,CONFIG,Rates,Comp Plan Design,BASE,11606,11,2.24,4,True,False,114,2016-08-07,2026-10-03,RTE_RATE_TABLE;PRT_PARTICIPANT,,Configuration for rate override
RTE_RATE_OVERRIDE_BKP_20260910,CORE_COMP,CONFIG,Rates,Comp Plan Design,BACKUP,10707,11,1.41,0,False,False,0,2026-09-10,2026-09-10,,RTE_RATE_OVERRIDE,Ad-hoc backup copy of RTE_RATE_OVERRIDE taken 2026-09-10
RTE_RATE_OVERRIDE_HIST,CORE_COMP,CONFIG,Rates,Comp Plan Design,HISTORY,43828,15,7.05,1,True,False,414,2016-08-07,2026-10-03,,RTE_RATE_OVERRIDE,Effective-dated history / audit trail of RTE_RATE_OVERRIDE
RTE_RATE_OVERRIDE_V2,CORE_COMP,CONFIG,Rates,Comp Plan Design,VERSIONED,10087,8,0.78,1,True,False,315,2024-11-11,2026-09-25,,RTE_RATE_OVERRIDE,Re-modelled version of RTE_RATE_OVERRIDE (migration in progress)
RTE_RATE_TABLE,CORE_COMP,CONFIG,Rates,Comp Plan Design,BASE,1443,22,0.21,1,True,False,7,2013-11-22,2026-07-01,LKP_RATE_TYPE,,Configuration for rate table
RTE_RATE_TABLE_DIMENSION,CORE_COMP,CONFIG,Rates,Comp Plan Design,BASE,2146,14,0.27,3,True,False,11,2017-08-18,2026-08-23,RTE_RATE_TABLE,,Configuration for rate table dimension
RTE_RATE_TABLE_DIMENSION_APAC,CORE_COMP,CONFIG,Rates,Comp Plan Design,REGIONAL,362,14,0.25,3,True,False,4,2017-08-18,2026-08-20,,RTE_RATE_TABLE_DIMENSION,Regional partition (APAC) of RTE_RATE_TABLE_DIMENSION
RTE_RATE_TABLE_DIMENSION_BKP_20200821,CORE_COMP,CONFIG,Rates,Comp Plan Design,BACKUP,681,14,0.09,0,False,False,0,2020-08-21,2020-08-21,,RTE_RATE_TABLE_DIMENSION,Ad-hoc backup copy of RTE_RATE_TABLE_DIMENSION taken 2020-08-21
RTE_RATE_TABLE_DIMENSION_EMEA,CORE_COMP,CONFIG,Rates,Comp Plan Design,REGIONAL,541,14,0.31,4,True,False,6,2017-08-18,2026-08-20,,RTE_RATE_TABLE_DIMENSION,Regional partition (EMEA) of RTE_RATE_TABLE_DIMENSION
RTE_RATE_TABLE_DIMENSION_HIST,CORE_COMP,CONFIG,Rates,Comp Plan Design,HISTORY,10260,18,2.36,2,True,False,109,2017-08-18,2026-08-23,,RTE_RATE_TABLE_DIMENSION,Effective-dated history / audit trail of RTE_RATE_TABLE_DIMENSION
RTE_RATE_TABLE_DIMENSION_LATAM,CORE_COMP,CONFIG,Rates,Comp Plan Design,REGIONAL,216,14,0.31,4,True,False,1,2017-08-18,2026-08-20,,RTE_RATE_TABLE_DIMENSION,Regional partition (LATAM) of RTE_RATE_TABLE_DIMENSION
RTE_RATE_TABLE_DIMENSION_NA,CORE_COMP,CONFIG,Rates,Comp Plan Design,REGIONAL,737,14,0.12,1,True,False,8,2017-08-18,2026-08-20,,RTE_RATE_TABLE_DIMENSION,Regional partition (NA) of RTE_RATE_TABLE_DIMENSION
RTE_RATE_TABLE_DIMENSION_V2,CORE_COMP,CONFIG,Rates,Comp Plan Design,VERSIONED,2003,12,0.33,1,True,False,90,2025-05-12,2026-09-29,,RTE_RATE_TABLE_DIMENSION,Re-modelled version of RTE_RATE_TABLE_DIMENSION (migration in progress)
RTE_RATE_TABLE_HIST,CORE_COMP,CONFIG,Rates,Comp Plan Design,HISTORY,3825,26,1.18,2,True,False,20,2013-11-22,2026-07-01,,RTE_RATE_TABLE,Effective-dated history / audit trail of RTE_RATE_TABLE
RTE_RATE_TABLE_TIER,CORE_COMP,CONFIG,Rates,Comp Plan Design,BASE,11431,39,6.97,4,True,False,56,2014-01-11,2026-07-18,RTE_RATE_TABLE,,Configuration for rate table tier
RTE_RATE_TABLE_TIER_BKP_20180901,CORE_COMP,CONFIG,Rates,Comp Plan Design,BACKUP,3927,39,1.16,0,False,False,0,2018-09-01,2018-09-01,,RTE_RATE_TABLE_TIER,Ad-hoc backup copy of RTE_RATE_TABLE_TIER taken 2018-09-01
RTE_RATE_TABLE_TIER_HIST,CORE_COMP,CONFIG,Rates,Comp Plan Design,HISTORY,23203,43,6.26,1,True,False,178,2014-01-11,2026-07-18,,RTE_RATE_TABLE_TIER,Effective-dated history / audit trail of RTE_RATE_TABLE_TIER
TMP_CAL_ATTAINMENT_SNAPSHOT,CORE_COMP,DATA,Calculation,Comp Engineering,TEMP,0,30,0.06,0,False,False,0,2018-05-20,2018-06-01,,CAL_ATTAINMENT_SNAPSHOT,Temporary work table derived from CAL_ATTAINMENT_SNAPSHOT
TMP_CAL_CALC_RUN_STEP,CORE_COMP,SYSTEM,Calculation,Comp Engineering,TEMP,7189,11,0.7,1,False,False,0,2025-09-23,2025-10-06,,CAL_CALC_RUN_STEP,Temporary work table derived from CAL_CALC_RUN_STEP
TMP_CMP_DECELERATOR_RULE,CORE_COMP,CONFIG,Plans,Comp Plan Design,TEMP,0,27,0.06,0,False,False,0,2018-10-12,2018-10-25,,CMP_DECELERATOR_RULE,Temporary work table derived from CMP_DECELERATOR_RULE
TMP_DSP_DISPUTE_COMMENT,CORE_COMP,DATA,Disputes,Comp Operations,TEMP,0,46,0.12,1,False,False,0,2018-04-17,2018-05-08,,DSP_DISPUTE_COMMENT,Temporary work table derived from DSP_DISPUTE_COMMENT
TMP_DSP_SLA_POLICY,CORE_COMP,CONFIG,Disputes,Comp Operations,TEMP,0,39,0.12,1,False,False,0,2021-10-27,2021-10-27,,DSP_SLA_POLICY,Temporary work table derived from DSP_SLA_POLICY
TMP_PAY_DRAW_RECOVERY,CORE_COMP,TRANSACTION,Payments,Finance Systems,TEMP,348,21,0.06,0,False,False,563,2026-07-06,2026-07-29,,PAY_DRAW_RECOVERY,Temporary work table derived from PAY_DRAW_RECOVERY
TMP_PAY_PAYEE_BANK_ACCOUNT,CORE_COMP,DATA,Payments,Finance Systems,TEMP,0,37,0.12,1,False,False,0,2025-05-16,2025-06-01,,PAY_PAYEE_BANK_ACCOUNT,Temporary work table derived from PAY_PAYEE_BANK_ACCOUNT
TMP_PAY_PAYMENT_APPROVAL,CORE_COMP,DATA,Payments,Comp Operations,TEMP,37,40,0.12,1,False,False,0,2023-01-21,2023-01-21,,PAY_PAYMENT_APPROVAL,Temporary work table derived from PAY_PAYMENT_APPROVAL
TMP_PAY_PAYOUT,CORE_COMP,TRANSACTION,Payments,Finance Systems,TEMP,0,67,0.06,0,False,False,0,2019-09-22,2019-10-06,,PAY_PAYOUT,Temporary work table derived from PAY_PAYOUT
TMP_PAY_PAYOUT_DETAIL,CORE_COMP,TRANSACTION,Payments,Comp Operations,TEMP,0,63,0.06,0,False,False,0,2019-02-05,2019-02-17,,PAY_PAYOUT_DETAIL,Temporary work table derived from PAY_PAYOUT_DETAIL
TMP_PRT_PARTICIPANT_ROLE,CORE_COMP,DATA,Participants,HR Systems,TEMP,0,51,0.12,1,False,False,0,2020-01-08,2020-01-22,,PRT_PARTICIPANT_ROLE,Temporary work table derived from PRT_PARTICIPANT_ROLE
TMP_QTA_QUOTA_ASSIGNMENT,CORE_COMP,DATA,Quotas,Sales Planning,TEMP,17276,73,11.07,1,False,False,0,2020-10-31,2020-11-27,,QTA_QUOTA_ASSIGNMENT,Temporary work table derived from QTA_QUOTA_ASSIGNMENT
TMP_QTA_QUOTA_ATTAINMENT,CORE_COMP,DATA,Quotas,Sales Planning,TEMP,84077,21,15.54,0,False,False,0,2025-05-16,2025-06-09,,QTA_QUOTA_ATTAINMENT,Temporary work table derived from QTA_QUOTA_ATTAINMENT
TMP_RPT_ATTAINMENT_DASHBOARD,CORE_COMP,DATA,Reporting,BI & Analytics,TEMP,0,30,0.12,1,False,False,0,2025-03-07,2025-04-05,,RPT_ATTAINMENT_DASHBOARD,Temporary work table derived from RPT_ATTAINMENT_DASHBOARD
ACC_ACCOUNT,SALES_OPS,DATA,Accounts,CRM Team,BASE,4089012,64,3400.11,3,False,False,42926,2014-08-15,2026-10-04,LKP_INDUSTRY;LKP_SEGMENT;LKP_COUNTRY,,Master/reference data: account
ACC_ACCOUNT_2018,SALES_OPS,DATA,Accounts,CRM Team,YEARLY,361493,64,204.93,4,False,False,0,2017-12-16,2019-04-14,,ACC_ACCOUNT,Fiscal-year 2018 split of ACC_ACCOUNT
ACC_ACCOUNT_2019,SALES_OPS,DATA,Accounts,CRM Team,YEARLY,473867,64,616.3,8,True,False,0,2018-12-20,2020-03-31,,ACC_ACCOUNT,Fiscal-year 2019 split of ACC_ACCOUNT
ACC_ACCOUNT_2020,SALES_OPS,DATA,Accounts,CRM Team,YEARLY,577913,64,448.45,6,True,False,0,2019-12-30,2021-01-21,,ACC_ACCOUNT,Fiscal-year 2020 split of ACC_ACCOUNT
ACC_ACCOUNT_2021,SALES_OPS,DATA,Accounts,CRM Team,YEARLY,644982,64,468.71,2,True,False,0,2020-12-25,2022-01-31,,ACC_ACCOUNT,Fiscal-year 2021 split of ACC_ACCOUNT
ACC_ACCOUNT_2022,SALES_OPS,DATA,Accounts,CRM Team,YEARLY,528590,64,634.88,7,True,False,0,2021-12-30,2023-04-22,,ACC_ACCOUNT,Fiscal-year 2022 split of ACC_ACCOUNT
ACC_ACCOUNT_2023,SALES_OPS,DATA,Accounts,CRM Team,YEARLY,749899,64,507.14,2,True,False,0,2022-12-21,2024-02-28,,ACC_ACCOUNT,Fiscal-year 2023 split of ACC_ACCOUNT
ACC_ACCOUNT_2024,SALES_OPS,DATA,Accounts,CRM Team,YEARLY,689294,64,601.79,8,True,False,0,2023-12-16,2025-02-03,,ACC_ACCOUNT,Fiscal-year 2024 split of ACC_ACCOUNT
ACC_ACCOUNT_2025,SALES_OPS,DATA,Accounts,CRM Team,YEARLY,609295,64,509.01,2,True,False,0,2024-12-23,2026-01-27,,ACC_ACCOUNT,Fiscal-year 2025 split of ACC_ACCOUNT
ACC_ACCOUNT_2026,SALES_OPS,DATA,Accounts,CRM Team,YEARLY,521310,64,627.79,8,True,False,53685,2025-12-27,2026-10-07,,ACC_ACCOUNT,Fiscal-year 2026 split of ACC_ACCOUNT
ACC_ACCOUNT_ADDRESS,SALES_OPS,DATA,Accounts,Unassigned,BASE,5493744,24,2439.02,8,True,False,40117,2014-04-07,2026-10-02,ACC_ACCOUNT;LKP_COUNTRY,,Master/reference data: account address
ACC_ACCOUNT_ADDRESS_HIST,SALES_OPS,DATA,Accounts,Unassigned,HISTORY,14245363,28,5233.19,6,True,False,94410,2014-04-07,2026-10-02,,ACC_ACCOUNT_ADDRESS,Effective-dated history / audit trail of ACC_ACCOUNT_ADDRESS
ACC_ACCOUNT_HIERARCHY,SALES_OPS,DATA,Accounts,Sales Operations,BASE,3900534,62,1702.18,2,True,False,24901,2013-06-02,2026-08-27,ACC_ACCOUNT,,Master/reference data: account hierarchy
ACC_ACCOUNT_HIERARCHY_APAC,SALES_OPS,DATA,Accounts,Sales Operations,REGIONAL,666018,62,717.27,5,True,False,3965,2016-12-09,2026-08-25,,ACC_ACCOUNT_HIERARCHY,Regional partition (APAC) of ACC_ACCOUNT_HIERARCHY
ACC_ACCOUNT_HIERARCHY_BKP_20161002,SALES_OPS,DATA,Accounts,Sales Operations,BACKUP,967380,62,522.21,0,False,False,0,2016-10-02,2016-10-02,,ACC_ACCOUNT_HIERARCHY,Ad-hoc backup copy of ACC_ACCOUNT_HIERARCHY taken 2016-10-02
ACC_ACCOUNT_HIERARCHY_BKP_20180620,SALES_OPS,DATA,Accounts,Sales Operations,BACKUP,1450552,62,579.06,0,False,False,0,2018-06-20,2018-06-20,,ACC_ACCOUNT_HIERARCHY,Ad-hoc backup copy of ACC_ACCOUNT_HIERARCHY taken 2018-06-20
ACC_ACCOUNT_HIERARCHY_EMEA,SALES_OPS,DATA,Accounts,Sales Operations,REGIONAL,950893,62,615.66,7,True,False,7506,2016-03-03,2026-08-27,,ACC_ACCOUNT_HIERARCHY,Regional partition (EMEA) of ACC_ACCOUNT_HIERARCHY
ACC_ACCOUNT_HIERARCHY_HIST,SALES_OPS,DATA,Accounts,Sales Operations,HISTORY,30773840,66,26722.28,8,True,False,172049,2013-06-02,2026-08-27,,ACC_ACCOUNT_HIERARCHY,Effective-dated history / audit trail of ACC_ACCOUNT_HIERARCHY
ACC_ACCOUNT_HIERARCHY_LATAM,SALES_OPS,DATA,Accounts,Sales Operations,REGIONAL,307095,62,142.03,3,True,False,3599,2016-12-14,2026-08-27,,ACC_ACCOUNT_HIERARCHY,Regional partition (LATAM) of ACC_ACCOUNT_HIERARCHY
ACC_ACCOUNT_HIERARCHY_NA,SALES_OPS,DATA,Accounts,Sales Operations,REGIONAL,2095098,62,1675.96,3,True,False,26798,2016-08-29,2026-08-25,,ACC_ACCOUNT_HIERARCHY,Regional partition (NA) of ACC_ACCOUNT_HIERARCHY
ACC_ACCOUNT_HIST,SALES_OPS,DATA,Accounts,CRM Team,HISTORY,24787350,68,13290.09,3,True,False,122548,2014-08-15,2026-10-04,,ACC_ACCOUNT,Effective-dated history / audit trail of ACC_ACCOUNT
ACC_ACCOUNT_SEGMENT,SALES_OPS,DATA,Accounts,CRM Team,BASE,1696242,20,671.71,7,True,False,12959,2017-10-18,2026-09-28,ACC_ACCOUNT;LKP_SEGMENT,,Master/reference data: account segment
ACC_ACCOUNT_SEGMENT_APAC,SALES_OPS,DATA,Accounts,CRM Team,REGIONAL,289063,20,93.15,8,True,False,2317,2017-10-18,2026-09-28,,ACC_ACCOUNT_SEGMENT,Regional partition (APAC) of ACC_ACCOUNT_SEGMENT
ACC_ACCOUNT_SEGMENT_BKP_20190514,SALES_OPS,DATA,Accounts,CRM Team,BACKUP,282436,20,59.56,0,False,False,0,2019-05-14,2019-05-14,,ACC_ACCOUNT_SEGMENT,Ad-hoc backup copy of ACC_ACCOUNT_SEGMENT taken 2019-05-14
ACC_ACCOUNT_SEGMENT_BKP_20251201,SALES_OPS,DATA,Accounts,CRM Team,BACKUP,1418407,20,208.57,0,False,False,0,2025-12-01,2025-12-01,,ACC_ACCOUNT_SEGMENT,Ad-hoc backup copy of ACC_ACCOUNT_SEGMENT taken 2025-12-01
ACC_ACCOUNT_SEGMENT_EMEA,SALES_OPS,DATA,Accounts,CRM Team,REGIONAL,379669,20,146.72,8,True,False,2575,2017-10-18,2026-09-25,,ACC_ACCOUNT_SEGMENT,Regional partition (EMEA) of ACC_ACCOUNT_SEGMENT
ACC_ACCOUNT_SEGMENT_HIST,SALES_OPS,DATA,Accounts,CRM Team,HISTORY,8311248,24,3082.56,3,True,False,107822,2017-10-18,2026-09-28,,ACC_ACCOUNT_SEGMENT,Effective-dated history / audit trail of ACC_ACCOUNT_SEGMENT
ACC_ACCOUNT_SEGMENT_LATAM,SALES_OPS,DATA,Accounts,CRM Team,REGIONAL,151654,20,48.75,7,True,False,1819,2017-10-18,2026-09-26,,ACC_ACCOUNT_SEGMENT,Regional partition (LATAM) of ACC_ACCOUNT_SEGMENT
ACC_ACCOUNT_SEGMENT_NA,SALES_OPS,DATA,Accounts,CRM Team,REGIONAL,799188,20,237.66,3,True,False,10687,2017-10-18,2026-09-28,,ACC_ACCOUNT_SEGMENT,Regional partition (NA) of ACC_ACCOUNT_SEGMENT
ACC_ACCOUNT_TEAM,SALES_OPS,DATA,Accounts,Sales Operations,BASE,8619408,14,1914.01,7,True,False,62379,2015-01-15,2026-10-03,ACC_ACCOUNT;LKP_SALES_ROLE,,Master/reference data: account team
ACC_ACCOUNT_TEAM_APAC,SALES_OPS,DATA,Accounts,Sales Operations,REGIONAL,1933552,14,331.63,5,True,False,23859,2016-11-13,2026-10-02,,ACC_ACCOUNT_TEAM,Regional partition (APAC) of ACC_ACCOUNT_TEAM
ACC_ACCOUNT_TEAM_EMEA,SALES_OPS,DATA,Accounts,Sales Operations,REGIONAL,1724191,14,475.19,8,True,False,21732,2016-12-08,2026-10-01,,ACC_ACCOUNT_TEAM,Regional partition (EMEA) of ACC_ACCOUNT_TEAM
ACC_ACCOUNT_TEAM_HIST,SALES_OPS,DATA,Accounts,Sales Operations,HISTORY,49861458,18,11892.08,4,True,False,484032,2015-01-15,2026-10-03,,ACC_ACCOUNT_TEAM,Effective-dated history / audit trail of ACC_ACCOUNT_TEAM
ACC_ACCOUNT_TEAM_LATAM,SALES_OPS,DATA,Accounts,Sales Operations,REGIONAL,583947,14,172.48,7,True,False,5230,2016-05-02,2026-10-01,,ACC_ACCOUNT_TEAM,Regional partition (LATAM) of ACC_ACCOUNT_TEAM
ACC_ACCOUNT_TEAM_NA,SALES_OPS,DATA,Accounts,Sales Operations,REGIONAL,3833178,14,1154.41,7,True,False,27099,2017-03-30,2026-10-02,,ACC_ACCOUNT_TEAM,Regional partition (NA) of ACC_ACCOUNT_TEAM
ACC_CONTACT,SALES_OPS,DATA,Accounts,Sales Operations,BASE,14144688,12,2693.65,4,True,False,736483,2024-05-04,2026-08-19,ACC_ACCOUNT,,Master/reference data: contact
ACC_CONTACT_APAC,SALES_OPS,DATA,Accounts,Sales Operations,REGIONAL,2888020,12,630.41,4,True,False,159622,2024-05-04,2026-08-17,,ACC_CONTACT,Regional partition (APAC) of ACC_CONTACT
ACC_CONTACT_EMEA,SALES_OPS,DATA,Accounts,Sales Operations,REGIONAL,4347250,12,545.49,3,True,False,124234,2024-05-04,2026-08-16,,ACC_CONTACT,Regional partition (EMEA) of ACC_CONTACT
ACC_CONTACT_HIST,SALES_OPS,DATA,Accounts,Sales Operations,HISTORY,99670984,16,30001.29,5,True,True,2764448,2024-05-04,2026-08-19,,ACC_CONTACT,Effective-dated history / audit trail of ACC_CONTACT
ACC_CONTACT_LATAM,SALES_OPS,DATA,Accounts,Sales Operations,REGIONAL,1085077,12,191.91,7,True,False,0,2024-05-04,2024-05-04,,ACC_CONTACT,Regional partition (LATAM) of ACC_CONTACT
ACC_CONTACT_NA,SALES_OPS,DATA,Accounts,Sales Operations,REGIONAL,4872309,12,890.43,8,True,False,136906,2024-05-04,2026-08-19,,ACC_CONTACT,Regional partition (NA) of ACC_CONTACT
ACC_CONTACT_V2,SALES_OPS,DATA,Accounts,Sales Operations,VERSIONED,2193559,13,350.02,4,True,False,0,2026-03-11,2026-03-26,,ACC_CONTACT,Re-modelled version of ACC_CONTACT (abandoned migration)
ACC_NAMED_ACCOUNT_LIST,SALES_OPS,CONFIG,Accounts,Sales Operations,BASE,27097,41,15.03,2,True,False,118,2014-12-03,2026-08-07,ACC_ACCOUNT,,Configuration for named account list
ACC_NAMED_ACCOUNT_LIST_HIST,SALES_OPS,CONFIG,Accounts,Sales Operations,HISTORY,102976,45,61.66,3,True,False,616,2014-12-03,2026-08-07,,ACC_NAMED_ACCOUNT_LIST,Effective-dated history / audit trail of ACC_NAMED_ACCOUNT_LIST
ACC_OPPORTUNITY,SALES_OPS,TRANSACTION,Accounts,Sales Operations,BASE,7569150,40,4550.16,10,True,False,59491,2015-06-27,2026-10-05,ACC_ACCOUNT;LKP_OPPORTUNITY_STAGE;LKP_DEAL_TYPE,,Transactional records of opportunity
ACC_OPPORTUNITY_2020,SALES_OPS,TRANSACTION,Accounts,Sales Operations,YEARLY,828510,40,440.06,11,True,False,0,2019-12-29,2021-04-28,,ACC_OPPORTUNITY,Fiscal-year 2020 split of ACC_OPPORTUNITY
ACC_OPPORTUNITY_2021,SALES_OPS,TRANSACTION,Accounts,Sales Operations,YEARLY,1188715,40,711.24,3,True,False,0,2020-12-21,2022-04-10,,ACC_OPPORTUNITY,Fiscal-year 2021 split of ACC_OPPORTUNITY
ACC_OPPORTUNITY_2022,SALES_OPS,TRANSACTION,Accounts,Sales Operations,YEARLY,1085687,40,901.09,14,True,False,0,2021-12-18,2023-01-14,,ACC_OPPORTUNITY,Fiscal-year 2022 split of ACC_OPPORTUNITY
ACC_OPPORTUNITY_2023,SALES_OPS,TRANSACTION,Accounts,Sales Operations,YEARLY,1154131,40,929.47,14,True,False,0,2022-12-25,2024-03-20,,ACC_OPPORTUNITY,Fiscal-year 2023 split of ACC_OPPORTUNITY
ACC_OPPORTUNITY_2024,SALES_OPS,TRANSACTION,Accounts,Sales Operations,YEARLY,1389499,40,857.05,6,True,False,0,2023-12-28,2025-02-20,,ACC_OPPORTUNITY,Fiscal-year 2024 split of ACC_OPPORTUNITY
ACC_OPPORTUNITY_2025,SALES_OPS,TRANSACTION,Accounts,Sales Operations,YEARLY,1528783,40,1086.76,9,True,False,0,2024-12-19,2026-03-03,,ACC_OPPORTUNITY,Fiscal-year 2025 split of ACC_OPPORTUNITY
ACC_OPPORTUNITY_2026,SALES_OPS,TRANSACTION,Accounts,Sales Operations,YEARLY,1013013,40,907.14,11,True,False,95888,2025-12-19,2026-10-06,,ACC_OPPORTUNITY,Fiscal-year 2026 split of ACC_OPPORTUNITY
ACC_OPPORTUNITY_APAC,SALES_OPS,TRANSACTION,Accounts,Sales Operations,REGIONAL,1458089,40,761.41,3,True,False,14307,2016-12-16,2026-10-04,,ACC_OPPORTUNITY,Regional partition (APAC) of ACC_OPPORTUNITY
ACC_OPPORTUNITY_EMEA,SALES_OPS,TRANSACTION,Accounts,Sales Operations,REGIONAL,1578978,40,934.29,5,True,False,22156,2016-12-03,2026-10-02,,ACC_OPPORTUNITY,Regional partition (EMEA) of ACC_OPPORTUNITY
ACC_OPPORTUNITY_HIST,SALES_OPS,TRANSACTION,Accounts,Sales Operations,HISTORY,1742132,44,1093.8,3,True,False,23580,2015-06-27,2026-10-05,,ACC_OPPORTUNITY,Effective-dated history / audit trail of ACC_OPPORTUNITY
ACC_OPPORTUNITY_LATAM,SALES_OPS,TRANSACTION,Accounts,Sales Operations,REGIONAL,427091,40,181.15,3,True,False,4512,2017-06-09,2026-10-02,,ACC_OPPORTUNITY,Regional partition (LATAM) of ACC_OPPORTUNITY
ACC_OPPORTUNITY_LINE,SALES_OPS,TRANSACTION,Accounts,Sales Operations,BASE,39855565,40,22761.61,8,False,False,414137,2013-04-17,2026-10-07,ACC_OPPORTUNITY;PRO_PRODUCT,,Transactional records of opportunity line
ACC_OPPORTUNITY_LINE_2021,SALES_OPS,TRANSACTION,Accounts,Sales Operations,YEARLY,4850379,40,2813.54,3,True,False,0,2020-12-13,2022-01-19,,ACC_OPPORTUNITY_LINE,Fiscal-year 2021 split of ACC_OPPORTUNITY_LINE
ACC_OPPORTUNITY_LINE_2022,SALES_OPS,TRANSACTION,Accounts,Sales Operations,YEARLY,6051116,40,2065.61,4,True,False,0,2021-12-29,2023-02-15,,ACC_OPPORTUNITY_LINE,Fiscal-year 2022 split of ACC_OPPORTUNITY_LINE
ACC_OPPORTUNITY_LINE_2023,SALES_OPS,TRANSACTION,Accounts,Sales Operations,YEARLY,6450628,40,2714.21,8,True,False,0,2022-12-30,2024-02-10,,ACC_OPPORTUNITY_LINE,Fiscal-year 2023 split of ACC_OPPORTUNITY_LINE
ACC_OPPORTUNITY_LINE_2024,SALES_OPS,TRANSACTION,Accounts,Sales Operations,YEARLY,5680073,40,5092.66,14,True,False,0,2023-12-18,2025-02-09,,ACC_OPPORTUNITY_LINE,Fiscal-year 2024 split of ACC_OPPORTUNITY_LINE
ACC_OPPORTUNITY_LINE_2025,SALES_OPS,TRANSACTION,Accounts,Sales Operations,YEARLY,7054817,40,2618.31,4,False,False,0,2024-12-18,2026-04-19,,ACC_OPPORTUNITY_LINE,Fiscal-year 2025 split of ACC_OPPORTUNITY_LINE
ACC_OPPORTUNITY_LINE_2026,SALES_OPS,TRANSACTION,Accounts,Sales Operations,YEARLY,5032516,40,3278.86,11,True,False,751075,2025-12-27,2026-10-05,,ACC_OPPORTUNITY_LINE,Fiscal-year 2026 split of ACC_OPPORTUNITY_LINE
ACC_OPPORTUNITY_LINE_APAC,SALES_OPS,TRANSACTION,Accounts,Sales Operations,REGIONAL,8162486,40,5880.14,7,True,False,90460,2017-02-04,2026-10-04,,ACC_OPPORTUNITY_LINE,Regional partition (APAC) of ACC_OPPORTUNITY_LINE
ACC_OPPORTUNITY_LINE_EMEA,SALES_OPS,TRANSACTION,Accounts,Sales Operations,REGIONAL,10269366,40,9285.5,13,True,False,104484,2016-05-16,2026-10-05,,ACC_OPPORTUNITY_LINE,Regional partition (EMEA) of ACC_OPPORTUNITY_LINE
ACC_OPPORTUNITY_LINE_HIST,SALES_OPS,TRANSACTION,Accounts,Sales Operations,HISTORY,12267980,44,13791.91,13,True,False,89061,2013-04-17,2026-10-07,,ACC_OPPORTUNITY_LINE,Effective-dated history / audit trail of ACC_OPPORTUNITY_LINE
ACC_OPPORTUNITY_LINE_LATAM,SALES_OPS,TRANSACTION,Accounts,Sales Operations,REGIONAL,3018367,40,1291.64,3,True,False,33253,2017-05-26,2026-10-07,,ACC_OPPORTUNITY_LINE,Regional partition (LATAM) of ACC_OPPORTUNITY_LINE
ACC_OPPORTUNITY_LINE_NA,SALES_OPS,TRANSACTION,Accounts,Sales Operations,REGIONAL,12657578,40,7664.24,14,True,False,170801,2016-06-26,2026-10-04,,ACC_OPPORTUNITY_LINE,Regional partition (NA) of ACC_OPPORTUNITY_LINE
ACC_OPPORTUNITY_LINE_V2,SALES_OPS,TRANSACTION,Accounts,Sales Operations,VERSIONED,4050778,46,2061.0,9,True,False,0,2026-01-02,2026-02-20,,ACC_OPPORTUNITY_LINE,Re-modelled version of ACC_OPPORTUNITY_LINE (abandoned migration)
ACC_OPPORTUNITY_NA,SALES_OPS,TRANSACTION,Accounts,Sales Operations,REGIONAL,2842980,40,2593.31,12,True,False,23562,2017-01-23,2026-10-04,,ACC_OPPORTUNITY,Regional partition (NA) of ACC_OPPORTUNITY
ACC_OPPORTUNITY_SPLIT,SALES_OPS,TRANSACTION,Accounts,Sales Operations,BASE,27968168,78,27382.11,11,True,False,255486,2013-06-05,2026-10-07,ACC_OPPORTUNITY,,Transactional records of opportunity split
ACC_OPPORTUNITY_SPLIT_APAC,SALES_OPS,TRANSACTION,Accounts,Sales Operations,REGIONAL,4676034,78,3784.25,5,True,False,49117,2017-05-10,2026-10-06,,ACC_OPPORTUNITY_SPLIT,Regional partition (APAC) of ACC_OPPORTUNITY_SPLIT
ACC_OPPORTUNITY_SPLIT_EMEA,SALES_OPS,TRANSACTION,Accounts,Sales Operations,REGIONAL,8926071,78,12082.47,6,True,False,112858,2016-06-23,2026-10-06,,ACC_OPPORTUNITY_SPLIT,Regional partition (EMEA) of ACC_OPPORTUNITY_SPLIT
ACC_OPPORTUNITY_SPLIT_HIST,SALES_OPS,TRANSACTION,Accounts,Sales Operations,HISTORY,22593617,82,28268.27,8,True,False,164612,2013-06-05,2026-10-07,,ACC_OPPORTUNITY_SPLIT,Effective-dated history / audit trail of ACC_OPPORTUNITY_SPLIT
ACC_OPPORTUNITY_SPLIT_LATAM,SALES_OPS,TRANSACTION,Accounts,Sales Operations,REGIONAL,2014981,78,2195.72,9,True,False,15425,2016-04-24,2026-10-07,,ACC_OPPORTUNITY_SPLIT,Regional partition (LATAM) of ACC_OPPORTUNITY_SPLIT
ACC_OPPORTUNITY_SPLIT_NA,SALES_OPS,TRANSACTION,Accounts,Sales Operations,REGIONAL,11781406,78,16309.23,9,True,False,0,2017-01-21,2017-04-25,,ACC_OPPORTUNITY_SPLIT,Regional partition (NA) of ACC_OPPORTUNITY_SPLIT
ACC_PARTNER,SALES_OPS,DATA,Partners,Channel Operations,BASE,15078,50,8.59,7,True,False,166,2015-04-15,2026-08-29,LKP_PARTNER_TIER,,Master/reference data: partner
ACC_PARTNER_APAC,SALES_OPS,DATA,Partners,Channel Operations,REGIONAL,2058,50,1.51,6,True,False,13,2017-01-12,2026-08-29,,ACC_PARTNER,Regional partition (APAC) of ACC_PARTNER
ACC_PARTNER_DEAL_REG,SALES_OPS,TRANSACTION,Partners,Channel Operations,BASE,866637,72,1007.05,11,True,False,6886,2014-05-17,2026-10-07,ACC_PARTNER;ACC_OPPORTUNITY,,Transactional records of partner deal reg
ACC_PARTNER_DEAL_REG_APAC,SALES_OPS,TRANSACTION,Partners,Channel Operations,REGIONAL,169777,72,267.48,13,True,False,2263,2016-06-28,2026-10-07,,ACC_PARTNER_DEAL_REG,Regional partition (APAC) of ACC_PARTNER_DEAL_REG
ACC_PARTNER_DEAL_REG_EMEA,SALES_OPS,TRANSACTION,Partners,Channel Operations,REGIONAL,0,72,0.31,4,True,False,0,2016-11-10,2026-10-07,,ACC_PARTNER_DEAL_REG,Regional partition (EMEA) of ACC_PARTNER_DEAL_REG
ACC_PARTNER_DEAL_REG_HIST,SALES_OPS,TRANSACTION,Partners,Channel Operations,HISTORY,265987,76,401.1,10,True,False,2521,2014-05-17,2026-10-07,,ACC_PARTNER_DEAL_REG,Effective-dated history / audit trail of ACC_PARTNER_DEAL_REG
ACC_PARTNER_DEAL_REG_LATAM,SALES_OPS,TRANSACTION,Partners,Channel Operations,REGIONAL,53429,72,56.7,14,True,False,576,2016-11-08,2026-10-05,,ACC_PARTNER_DEAL_REG,Regional partition (LATAM) of ACC_PARTNER_DEAL_REG
ACC_PARTNER_DEAL_REG_NA,SALES_OPS,TRANSACTION,Partners,Channel Operations,REGIONAL,457767,72,588.43,7,True,False,7125,2016-10-11,2026-10-06,,ACC_PARTNER_DEAL_REG,Regional partition (NA) of ACC_PARTNER_DEAL_REG
ACC_PARTNER_EMEA,SALES_OPS,DATA,Partners,Channel Operations,REGIONAL,3677,50,1.4,3,True,False,42,2016-06-06,2026-08-29,,ACC_PARTNER,Regional partition (EMEA) of ACC_PARTNER
ACC_PARTNER_HIST,SALES_OPS,DATA,Partners,Channel Operations,HISTORY,39141,54,22.74,3,True,False,191,2015-04-15,2026-08-29,,ACC_PARTNER,Effective-dated history / audit trail of ACC_PARTNER
ACC_PARTNER_LATAM,SALES_OPS,DATA,Partners,Channel Operations,REGIONAL,870,50,0.63,5,True,False,6,2017-06-03,2026-08-28,,ACC_PARTNER,Regional partition (LATAM) of ACC_PARTNER
ACC_PARTNER_NA,SALES_OPS,DATA,Partners,Channel Operations,REGIONAL,8623,50,3.33,2,True,False,64,2017-02-11,2026-08-28,,ACC_PARTNER,Regional partition (NA) of ACC_PARTNER
ACC_PARTNER_POS_SALE,SALES_OPS,TRANSACTION,Partners,Channel Operations,BASE,73476109,34,39743.51,12,True,False,704361,2013-06-07,2026-10-06,ACC_PARTNER;PRO_PRODUCT,,Transactional records of partner POS sale
ACC_PARTNER_POS_SALE_APAC,SALES_OPS,TRANSACTION,Partners,Channel Operations,REGIONAL,16951629,34,7964.07,5,True,False,251170,2016-04-12,2026-10-03,,ACC_PARTNER_POS_SALE,Regional partition (APAC) of ACC_PARTNER_POS_SALE
ACC_PARTNER_POS_SALE_EMEA,SALES_OPS,TRANSACTION,Partners,Channel Operations,REGIONAL,23168596,34,12738.77,8,True,False,281528,2016-05-20,2026-10-05,,ACC_PARTNER_POS_SALE,Regional partition (EMEA) of ACC_PARTNER_POS_SALE
ACC_PARTNER_POS_SALE_HIST,SALES_OPS,TRANSACTION,Partners,Channel Operations,HISTORY,11872364,38,5399.26,3,True,False,83712,2013-06-07,2026-10-06,,ACC_PARTNER_POS_SALE,Effective-dated history / audit trail of ACC_PARTNER_POS_SALE
ACC_PARTNER_POS_SALE_LATAM,SALES_OPS,TRANSACTION,Partners,Channel Operations,REGIONAL,5254024,34,2671.5,7,True,False,59918,2016-05-10,2026-10-05,,ACC_PARTNER_POS_SALE,Regional partition (LATAM) of ACC_PARTNER_POS_SALE
ACC_PARTNER_POS_SALE_NA,SALES_OPS,TRANSACTION,Partners,Channel Operations,REGIONAL,31790936,34,23583.06,12,True,False,330342,2016-11-26,2026-10-05,,ACC_PARTNER_POS_SALE,Regional partition (NA) of ACC_PARTNER_POS_SALE
HRC_COST_CENTER_MAP,SALES_OPS,CONFIG,Hierarchy,Sales Planning,BASE,9825,12,1.33,1,True,False,0,2015-05-19,2026-03-22,HRC_ORG_UNIT,,Configuration for cost center map
HRC_COST_CENTER_MAP_APAC,SALES_OPS,CONFIG,Hierarchy,Sales Planning,REGIONAL,1338,12,0.31,4,True,False,0,2017-06-27,2026-03-19,,HRC_COST_CENTER_MAP,Regional partition (APAC) of HRC_COST_CENTER_MAP
HRC_COST_CENTER_MAP_EMEA,SALES_OPS,CONFIG,Hierarchy,Sales Planning,REGIONAL,0,12,0.12,1,True,False,0,2016-04-22,2026-03-19,,HRC_COST_CENTER_MAP,Regional partition (EMEA) of HRC_COST_CENTER_MAP
HRC_COST_CENTER_MAP_HIST,SALES_OPS,CONFIG,Hierarchy,Sales Planning,HISTORY,61059,16,15.29,4,True,False,0,2015-05-19,2026-03-22,,HRC_COST_CENTER_MAP,Effective-dated history / audit trail of HRC_COST_CENTER_MAP
HRC_COST_CENTER_MAP_LATAM,SALES_OPS,CONFIG,Hierarchy,Sales Planning,REGIONAL,791,12,0.13,1,True,False,0,2016-11-17,2026-03-20,,HRC_COST_CENTER_MAP,Regional partition (LATAM) of HRC_COST_CENTER_MAP
HRC_COST_CENTER_MAP_NA,SALES_OPS,CONFIG,Hierarchy,Sales Planning,REGIONAL,4633,12,0.64,1,True,False,0,2016-05-27,2026-03-22,,HRC_COST_CENTER_MAP,Regional partition (NA) of HRC_COST_CENTER_MAP
HRC_HIERARCHY_NODE,SALES_OPS,DATA,Hierarchy,HR Systems,BASE,208033,33,65.17,5,True,False,937,2014-02-27,2026-09-26,HRC_SALES_HIERARCHY,,Master/reference data: hierarchy node
HRC_HIERARCHY_NODE_APAC,SALES_OPS,DATA,Hierarchy,HR Systems,REGIONAL,36231,33,9.0,3,True,False,272,2016-05-31,2026-09-23,,HRC_HIERARCHY_NODE,Regional partition (APAC) of HRC_HIERARCHY_NODE
HRC_HIERARCHY_NODE_EMEA,SALES_OPS,DATA,Hierarchy,HR Systems,REGIONAL,45220,33,22.99,5,True,False,263,2016-06-27,2026-09-25,,HRC_HIERARCHY_NODE,Regional partition (EMEA) of HRC_HIERARCHY_NODE
HRC_HIERARCHY_NODE_HIST,SALES_OPS,DATA,Hierarchy,HR Systems,HISTORY,1448983,37,787.26,3,True,False,6828,2014-02-27,2026-09-26,,HRC_HIERARCHY_NODE,Effective-dated history / audit trail of HRC_HIERARCHY_NODE
HRC_HIERARCHY_NODE_LATAM,SALES_OPS,DATA,Hierarchy,HR Systems,REGIONAL,17839,33,5.57,4,True,False,193,2016-02-13,2026-09-24,,HRC_HIERARCHY_NODE,Regional partition (LATAM) of HRC_HIERARCHY_NODE
HRC_HIERARCHY_NODE_NA,SALES_OPS,DATA,Hierarchy,HR Systems,REGIONAL,96643,33,64.79,8,True,False,935,2016-10-24,2026-09-23,,HRC_HIERARCHY_NODE,Regional partition (NA) of HRC_HIERARCHY_NODE
HRC_HIERARCHY_VERSION,SALES_OPS,CONFIG,Hierarchy,Sales Planning,BASE,370,35,0.12,1,True,False,3,2018-03-23,2026-08-03,,,Configuration for hierarchy version
HRC_HIERARCHY_VERSION_HIST,SALES_OPS,CONFIG,Hierarchy,Sales Planning,HISTORY,678,39,0.42,4,True,False,5,2018-03-23,2026-08-03,,HRC_HIERARCHY_VERSION,Effective-dated history / audit trail of HRC_HIERARCHY_VERSION
HRC_MANAGER_ROLLUP,SALES_OPS,DATA,Hierarchy,Sales Planning,BASE,1454297,33,758.05,5,False,False,12908,2014-03-08,2026-09-25,HRC_REPORTING_LINE,,Master/reference data: manager rollup
HRC_MANAGER_ROLLUP_HIST,SALES_OPS,DATA,Hierarchy,Sales Planning,HISTORY,5203031,37,1646.21,3,True,False,49091,2014-03-08,2026-09-25,,HRC_MANAGER_ROLLUP,Effective-dated history / audit trail of HRC_MANAGER_ROLLUP
HRC_ORG_UNIT,SALES_OPS,DATA,Hierarchy,Sales Planning,BASE,10175,30,5.78,7,True,False,60,2015-01-21,2026-10-06,,,Master/reference data: org unit
HRC_ORG_UNIT_HIST,SALES_OPS,DATA,Hierarchy,Sales Planning,HISTORY,22483,34,13.52,8,True,False,111,2015-01-21,2026-10-06,,HRC_ORG_UNIT,Effective-dated history / audit trail of HRC_ORG_UNIT
HRC_REPORTING_LINE,SALES_OPS,DATA,Hierarchy,Sales Planning,BASE,269048,63,184.63,5,True,False,2205,2014-06-14,2026-10-01,HRC_SALES_HIERARCHY,,Master/reference data: reporting line
HRC_REPORTING_LINE_APAC,SALES_OPS,DATA,Hierarchy,Sales Planning,REGIONAL,57580,63,48.74,2,True,False,541,2017-04-16,2026-09-29,,HRC_REPORTING_LINE,Regional partition (APAC) of HRC_REPORTING_LINE
HRC_REPORTING_LINE_EMEA,SALES_OPS,DATA,Hierarchy,Sales Planning,REGIONAL,82576,63,64.61,3,True,False,687,2016-01-01,2026-10-01,,HRC_REPORTING_LINE,Regional partition (EMEA) of HRC_REPORTING_LINE
HRC_REPORTING_LINE_HIST,SALES_OPS,DATA,Hierarchy,Sales Planning,HISTORY,999858,67,560.55,5,True,False,8564,2014-06-14,2026-10-01,,HRC_REPORTING_LINE,Effective-dated history / audit trail of HRC_REPORTING_LINE
HRC_REPORTING_LINE_LATAM,SALES_OPS,DATA,Hierarchy,Sales Planning,REGIONAL,21379,63,17.46,5,True,False,154,2016-05-05,2026-09-29,,HRC_REPORTING_LINE,Regional partition (LATAM) of HRC_REPORTING_LINE
HRC_REPORTING_LINE_NA,SALES_OPS,DATA,Hierarchy,Sales Planning,REGIONAL,89064,63,39.23,3,True,False,827,2016-07-28,2026-09-29,,HRC_REPORTING_LINE,Regional partition (NA) of HRC_REPORTING_LINE
HRC_SALES_HIERARCHY,SALES_OPS,DATA,Hierarchy,Sales Planning,BASE,221063,21,63.77,8,True,False,1388,2014-03-29,2026-09-21,HRC_HIERARCHY_VERSION,,Master/reference data: sales hierarchy
HRC_SALES_HIERARCHY_HIST,SALES_OPS,DATA,Hierarchy,Sales Planning,HISTORY,1341920,25,483.27,5,True,False,8509,2014-03-29,2026-09-21,,HRC_SALES_HIERARCHY,Effective-dated history / audit trail of HRC_SALES_HIERARCHY
INT_API_SYNC_STATE,SALES_OPS,SYSTEM,Integration,Integration Team,BASE,1117,8,0.19,2,True,False,12,2019-03-27,2026-10-07,,,System/operational log of API sync state
INT_API_SYNC_STATE_HIST,SALES_OPS,SYSTEM,Integration,Integration Team,HISTORY,545,12,0.31,4,False,False,7,2019-03-27,2026-10-07,,INT_API_SYNC_STATE,Effective-dated history / audit trail of INT_API_SYNC_STATE
INT_BILLING_INVOICE_FEED,SALES_OPS,TRANSACTION,Integration,Integration Team,BASE,121026667,101,173402.72,3,True,True,1555074,2014-11-07,2026-10-07,ORD_INVOICE,,Transactional records of billing invoice feed
INT_BILLING_INVOICE_FEED_2022,SALES_OPS,TRANSACTION,Integration,Integration Team,YEARLY,18243045,101,29468.44,13,True,False,0,2021-12-28,2023-04-03,,INT_BILLING_INVOICE_FEED,Fiscal-year 2022 split of INT_BILLING_INVOICE_FEED
INT_BILLING_INVOICE_FEED_2023,SALES_OPS,TRANSACTION,Integration,Integration Team,YEARLY,17338944,101,17047.0,4,True,False,0,2022-12-22,2024-04-12,,INT_BILLING_INVOICE_FEED,Fiscal-year 2023 split of INT_BILLING_INVOICE_FEED
INT_BILLING_INVOICE_FEED_2024,SALES_OPS,TRANSACTION,Integration,Integration Team,YEARLY,24689063,101,18996.79,4,True,False,0,2023-12-18,2025-02-18,,INT_BILLING_INVOICE_FEED,Fiscal-year 2024 split of INT_BILLING_INVOICE_FEED
INT_BILLING_INVOICE_FEED_2025,SALES_OPS,TRANSACTION,Integration,Integration Team,YEARLY,21073606,101,24861.94,7,False,False,0,2024-12-25,2026-03-02,,INT_BILLING_INVOICE_FEED,Fiscal-year 2025 split of INT_BILLING_INVOICE_FEED
INT_BILLING_INVOICE_FEED_2026,SALES_OPS,TRANSACTION,Integration,Integration Team,YEARLY,18765373,101,30148.33,5,True,False,3811396,2025-12-17,2026-10-05,,INT_BILLING_INVOICE_FEED,Fiscal-year 2026 split of INT_BILLING_INVOICE_FEED
INT_BILLING_INVOICE_FEED_HIST,SALES_OPS,TRANSACTION,Integration,Integration Team,HISTORY,85455420,105,225025.08,14,True,True,1052222,2014-11-07,2026-10-07,,INT_BILLING_INVOICE_FEED,Effective-dated history / audit trail of INT_BILLING_INVOICE_FEED
INT_CDC_WATERMARK,SALES_OPS,SYSTEM,Integration,Data Engineering,BASE,471,28,0.19,2,True,False,4,2014-12-01,2026-10-07,,,System/operational log of CDC watermark
INT_CDC_WATERMARK_HIST,SALES_OPS,SYSTEM,Integration,Data Engineering,HISTORY,308,32,0.31,4,True,False,4,2014-12-01,2026-10-07,,INT_CDC_WATERMARK,Effective-dated history / audit trail of INT_CDC_WATERMARK
INT_CRM_OPPORTUNITY_FEED,SALES_OPS,TRANSACTION,Integration,Integration Team,BASE,20520444,100,46201.06,12,True,False,497400,2021-10-29,2026-10-07,ACC_OPPORTUNITY,,Transactional records of CRM opportunity feed
INT_CRM_OPPORTUNITY_FEED_2022,SALES_OPS,TRANSACTION,Integration,Integration Team,YEARLY,3589120,100,4982.45,7,True,False,0,2021-12-16,2023-01-16,,INT_CRM_OPPORTUNITY_FEED,Fiscal-year 2022 split of INT_CRM_OPPORTUNITY_FEED
INT_CRM_OPPORTUNITY_FEED_2023,SALES_OPS,TRANSACTION,Integration,Integration Team,YEARLY,3576993,100,7024.49,12,True,False,0,2022-12-28,2024-04-08,,INT_CRM_OPPORTUNITY_FEED,Fiscal-year 2023 split of INT_CRM_OPPORTUNITY_FEED
INT_CRM_OPPORTUNITY_FEED_2024,SALES_OPS,TRANSACTION,Integration,Integration Team,YEARLY,4100944,100,8392.49,8,True,False,0,2023-12-28,2025-02-09,,INT_CRM_OPPORTUNITY_FEED,Fiscal-year 2024 split of INT_CRM_OPPORTUNITY_FEED
INT_CRM_OPPORTUNITY_FEED_2025,SALES_OPS,TRANSACTION,Integration,Integration Team,YEARLY,3791536,100,6612.85,12,True,False,0,2024-12-21,2026-02-05,,INT_CRM_OPPORTUNITY_FEED,Fiscal-year 2025 split of INT_CRM_OPPORTUNITY_FEED
INT_CRM_OPPORTUNITY_FEED_2026,SALES_OPS,TRANSACTION,Integration,Integration Team,YEARLY,2746972,100,6512.22,12,True,False,434980,2025-12-22,2026-10-07,,INT_CRM_OPPORTUNITY_FEED,Fiscal-year 2026 split of INT_CRM_OPPORTUNITY_FEED
INT_CRM_OPPORTUNITY_FEED_APAC,SALES_OPS,TRANSACTION,Integration,Integration Team,REGIONAL,4185014,100,10639.29,14,True,False,62650,2021-10-29,2026-10-05,,INT_CRM_OPPORTUNITY_FEED,Regional partition (APAC) of INT_CRM_OPPORTUNITY_FEED
INT_CRM_OPPORTUNITY_FEED_EMEA,SALES_OPS,TRANSACTION,Integration,Integration Team,REGIONAL,6323894,100,13805.48,12,True,False,145747,2021-10-29,2026-10-06,,INT_CRM_OPPORTUNITY_FEED,Regional partition (EMEA) of INT_CRM_OPPORTUNITY_FEED
INT_CRM_OPPORTUNITY_FEED_HIST,SALES_OPS,TRANSACTION,Integration,Integration Team,HISTORY,4635241,104,8644.77,13,True,False,139157,2021-10-29,2026-10-07,,INT_CRM_OPPORTUNITY_FEED,Effective-dated history / audit trail of INT_CRM_OPPORTUNITY_FEED
INT_CRM_OPPORTUNITY_FEED_LATAM,SALES_OPS,TRANSACTION,Integration,Integration Team,REGIONAL,2053743,100,3688.34,12,True,False,60091,2021-10-29,2026-10-04,,INT_CRM_OPPORTUNITY_FEED,Regional partition (LATAM) of INT_CRM_OPPORTUNITY_FEED
INT_CRM_OPPORTUNITY_FEED_NA,SALES_OPS,TRANSACTION,Integration,Integration Team,REGIONAL,11783366,100,15575.89,6,True,False,0,2021-10-29,2022-09-21,,INT_CRM_OPPORTUNITY_FEED,Regional partition (NA) of INT_CRM_OPPORTUNITY_FEED
INT_ERP_ORDER_FEED,SALES_OPS,TRANSACTION,Integration,Integration Team,BASE,50568666,74,36085.14,3,True,True,463563,2013-09-02,2026-10-07,ORD_SALES_ORDER,,Transactional records of ERP order feed
INT_ERP_ORDER_FEED_2019,SALES_OPS,TRANSACTION,Integration,Integration Team,YEARLY,5817142,74,8492.06,10,True,False,0,2018-12-18,2020-03-19,,INT_ERP_ORDER_FEED,Fiscal-year 2019 split of INT_ERP_ORDER_FEED
INT_ERP_ORDER_FEED_2020,SALES_OPS,TRANSACTION,Integration,Integration Team,YEARLY,5146310,74,8725.32,13,True,False,0,2019-12-22,2021-04-10,,INT_ERP_ORDER_FEED,Fiscal-year 2020 split of INT_ERP_ORDER_FEED
INT_ERP_ORDER_FEED_2021,SALES_OPS,TRANSACTION,Integration,Integration Team,YEARLY,7990567,74,9737.92,5,True,False,0,2020-12-28,2022-02-07,,INT_ERP_ORDER_FEED,Fiscal-year 2021 split of INT_ERP_ORDER_FEED
INT_ERP_ORDER_FEED_2022,SALES_OPS,TRANSACTION,Integration,Integration Team,YEARLY,8538524,74,8942.51,14,True,False,0,2021-12-30,2023-02-17,,INT_ERP_ORDER_FEED,Fiscal-year 2022 split of INT_ERP_ORDER_FEED
INT_ERP_ORDER_FEED_2023,SALES_OPS,TRANSACTION,Integration,Integration Team,YEARLY,8394531,74,10816.13,13,True,False,0,2022-12-18,2024-01-29,,INT_ERP_ORDER_FEED,Fiscal-year 2023 split of INT_ERP_ORDER_FEED
INT_ERP_ORDER_FEED_2024,SALES_OPS,TRANSACTION,Integration,Integration Team,YEARLY,8729575,74,6619.1,5,True,False,0,2023-12-17,2025-04-07,,INT_ERP_ORDER_FEED,Fiscal-year 2024 split of INT_ERP_ORDER_FEED
INT_ERP_ORDER_FEED_2025,SALES_OPS,TRANSACTION,Integration,Integration Team,YEARLY,9560736,74,5653.97,3,True,False,0,2024-12-17,2026-04-21,,INT_ERP_ORDER_FEED,Fiscal-year 2025 split of INT_ERP_ORDER_FEED
INT_ERP_ORDER_FEED_2026,SALES_OPS,TRANSACTION,Integration,Integration Team,YEARLY,7985122,74,8433.69,10,False,False,1601452,2025-12-26,2026-10-07,,INT_ERP_ORDER_FEED,Fiscal-year 2026 split of INT_ERP_ORDER_FEED
INT_ERP_ORDER_FEED_APAC,SALES_OPS,TRANSACTION,Integration,Integration Team,REGIONAL,9479638,74,7814.94,4,True,False,98070,2017-01-05,2026-10-07,,INT_ERP_ORDER_FEED,Regional partition (APAC) of INT_ERP_ORDER_FEED
INT_ERP_ORDER_FEED_EMEA,SALES_OPS,TRANSACTION,Integration,Integration Team,REGIONAL,11538757,74,12807.01,9,True,False,111076,2016-10-15,2026-10-06,,INT_ERP_ORDER_FEED,Regional partition (EMEA) of INT_ERP_ORDER_FEED
INT_ERP_ORDER_FEED_HIST,SALES_OPS,TRANSACTION,Integration,Integration Team,HISTORY,37658808,78,77952.24,14,True,False,424470,2013-09-02,2026-10-07,,INT_ERP_ORDER_FEED,Effective-dated history / audit trail of INT_ERP_ORDER_FEED
INT_ERP_ORDER_FEED_LATAM,SALES_OPS,TRANSACTION,Integration,Integration Team,REGIONAL,3528041,74,5405.89,12,True,False,28939,2017-03-14,2026-10-06,,INT_ERP_ORDER_FEED,Regional partition (LATAM) of INT_ERP_ORDER_FEED
INT_ERP_ORDER_FEED_NA,SALES_OPS,TRANSACTION,Integration,Integration Team,REGIONAL,26868150,74,28765.33,11,True,False,279077,2017-05-01,2026-10-04,,INT_ERP_ORDER_FEED,Regional partition (NA) of INT_ERP_ORDER_FEED
INT_FEED_CONTROL,SALES_OPS,SYSTEM,Integration,Unassigned,BASE,66662,20,23.87,5,True,False,552,2015-03-26,2026-10-07,,,System/operational log of feed control
INT_FEED_CONTROL_HIST,SALES_OPS,SYSTEM,Integration,Unassigned,HISTORY,24659,24,5.25,4,True,False,228,2015-03-26,2026-10-07,,INT_FEED_CONTROL,Effective-dated history / audit trail of INT_FEED_CONTROL
INT_FEED_ERROR,SALES_OPS,SYSTEM,Integration,Integration Team,BASE,5384301,18,1283.88,6,True,False,69913,2014-01-15,2026-10-07,INT_FEED_CONTROL,,System/operational log of feed error
INT_FEED_ERROR_HIST,SALES_OPS,SYSTEM,Integration,Integration Team,HISTORY,4706184,22,1043.35,2,True,False,36891,2014-01-15,2026-10-07,,INT_FEED_ERROR,Effective-dated history / audit trail of INT_FEED_ERROR
INT_FIELD_MAPPING,SALES_OPS,CONFIG,Integration,Integration Team,BASE,3659,32,1.77,3,False,False,0,2013-07-06,2026-01-24,,,Configuration for field mapping
INT_FIELD_MAPPING_HIST,SALES_OPS,CONFIG,Integration,Integration Team,HISTORY,20873,36,7.13,1,True,False,0,2013-07-06,2026-01-24,,INT_FIELD_MAPPING,Effective-dated history / audit trail of INT_FIELD_MAPPING
INT_FILE_MANIFEST,SALES_OPS,SYSTEM,Integration,Integration Team,BASE,220706,10,36.33,4,True,False,16945,2024-08-12,2026-10-06,INT_FEED_CONTROL,,System/operational log of file manifest
INT_FILE_MANIFEST_2021,SALES_OPS,SYSTEM,Integration,Integration Team,YEARLY,35667,10,6.02,3,True,False,0,2020-12-24,2022-01-16,,INT_FILE_MANIFEST,Fiscal-year 2021 split of INT_FILE_MANIFEST
INT_FILE_MANIFEST_2022,SALES_OPS,SYSTEM,Integration,Integration Team,YEARLY,30902,10,3.3,4,True,False,0,2021-12-28,2023-02-23,,INT_FILE_MANIFEST,Fiscal-year 2022 split of INT_FILE_MANIFEST
INT_FILE_MANIFEST_2023,SALES_OPS,SYSTEM,Integration,Integration Team,YEARLY,36880,10,6.97,6,False,False,0,2022-12-20,2024-02-03,,INT_FILE_MANIFEST,Fiscal-year 2023 split of INT_FILE_MANIFEST
INT_FILE_MANIFEST_2024,SALES_OPS,SYSTEM,Integration,Integration Team,YEARLY,35165,10,5.29,3,True,False,0,2023-12-30,2025-02-10,,INT_FILE_MANIFEST,Fiscal-year 2024 split of INT_FILE_MANIFEST
INT_FILE_MANIFEST_2025,SALES_OPS,SYSTEM,Integration,Integration Team,YEARLY,34031,10,4.39,5,True,False,0,2024-12-31,2026-03-30,,INT_FILE_MANIFEST,Fiscal-year 2025 split of INT_FILE_MANIFEST
INT_FILE_MANIFEST_2026,SALES_OPS,SYSTEM,Integration,Integration Team,YEARLY,26803,10,3.48,1,True,False,2786,2025-12-30,2026-10-07,,INT_FILE_MANIFEST,Fiscal-year 2026 split of INT_FILE_MANIFEST
INT_FILE_MANIFEST_HIST,SALES_OPS,SYSTEM,Integration,Integration Team,HISTORY,98425,14,14.96,1,True,False,7045,2024-08-12,2026-10-06,,INT_FILE_MANIFEST,Effective-dated history / audit trail of INT_FILE_MANIFEST
INT_FILE_MANIFEST_V2,SALES_OPS,SYSTEM,Integration,Integration Team,VERSIONED,31589,14,4.88,4,True,False,0,2025-06-22,2025-08-26,,INT_FILE_MANIFEST,Re-modelled version of INT_FILE_MANIFEST (abandoned migration)
INT_HRIS_EMPLOYEE_FEED,SALES_OPS,DATA,Integration,Integration Team,BASE,490399,71,688.59,8,True,False,4227,2014-02-12,2026-10-07,,,Master/reference data: HRIS employee feed
INT_HRIS_EMPLOYEE_FEED_APAC,SALES_OPS,DATA,Integration,Integration Team,REGIONAL,79607,71,63.31,8,True,False,1048,2017-04-19,2026-10-05,,INT_HRIS_EMPLOYEE_FEED,Regional partition (APAC) of INT_HRIS_EMPLOYEE_FEED
INT_HRIS_EMPLOYEE_FEED_EMEA,SALES_OPS,DATA,Integration,Integration Team,REGIONAL,177184,71,203.28,5,True,False,2172,2017-05-20,2026-10-07,,INT_HRIS_EMPLOYEE_FEED,Regional partition (EMEA) of INT_HRIS_EMPLOYEE_FEED
INT_HRIS_EMPLOYEE_FEED_HIST,SALES_OPS,DATA,Integration,Integration Team,HISTORY,1243483,75,1377.37,8,True,False,8041,2014-02-12,2026-10-07,,INT_HRIS_EMPLOYEE_FEED,Effective-dated history / audit trail of INT_HRIS_EMPLOYEE_FEED
INT_HRIS_EMPLOYEE_FEED_LATAM,SALES_OPS,DATA,Integration,Integration Team,REGIONAL,43144,71,29.03,5,True,False,343,2017-05-05,2026-10-05,,INT_HRIS_EMPLOYEE_FEED,Regional partition (LATAM) of INT_HRIS_EMPLOYEE_FEED
INT_HRIS_EMPLOYEE_FEED_NA,SALES_OPS,DATA,Integration,Integration Team,REGIONAL,273180,71,268.08,6,True,False,1906,2017-05-30,2026-10-07,,INT_HRIS_EMPLOYEE_FEED,Regional partition (NA) of INT_HRIS_EMPLOYEE_FEED
INT_HRIS_JOB_CHANGE_FEED,SALES_OPS,TRANSACTION,Integration,Integration Team,BASE,913003,96,1610.05,11,True,False,9182,2013-07-02,2026-10-07,INT_HRIS_EMPLOYEE_FEED,,Transactional records of HRIS job change feed
INT_HRIS_JOB_CHANGE_FEED_2022,SALES_OPS,TRANSACTION,Integration,Integration Team,YEARLY,116862,96,159.56,3,True,False,0,2021-12-15,2023-01-15,,INT_HRIS_JOB_CHANGE_FEED,Fiscal-year 2022 split of INT_HRIS_JOB_CHANGE_FEED
INT_HRIS_JOB_CHANGE_FEED_2023,SALES_OPS,TRANSACTION,Integration,Integration Team,YEARLY,119843,96,187.58,5,True,False,0,2022-12-28,2024-04-26,,INT_HRIS_JOB_CHANGE_FEED,Fiscal-year 2023 split of INT_HRIS_JOB_CHANGE_FEED
INT_HRIS_JOB_CHANGE_FEED_2024,SALES_OPS,TRANSACTION,Integration,Integration Team,YEARLY,167647,96,210.49,6,True,False,0,2023-12-22,2025-03-02,,INT_HRIS_JOB_CHANGE_FEED,Fiscal-year 2024 split of INT_HRIS_JOB_CHANGE_FEED
INT_HRIS_JOB_CHANGE_FEED_2025,SALES_OPS,TRANSACTION,Integration,Integration Team,YEARLY,148399,96,256.38,14,True,False,0,2024-12-24,2026-02-18,,INT_HRIS_JOB_CHANGE_FEED,Fiscal-year 2025 split of INT_HRIS_JOB_CHANGE_FEED
INT_HRIS_JOB_CHANGE_FEED_2026,SALES_OPS,TRANSACTION,Integration,Integration Team,YEARLY,154406,96,256.08,6,True,False,15762,2025-12-15,2026-10-07,,INT_HRIS_JOB_CHANGE_FEED,Fiscal-year 2026 split of INT_HRIS_JOB_CHANGE_FEED
INT_HRIS_JOB_CHANGE_FEED_HIST,SALES_OPS,TRANSACTION,Integration,Integration Team,HISTORY,269490,100,235.88,3,True,False,1558,2013-07-02,2026-10-07,,INT_HRIS_JOB_CHANGE_FEED,Effective-dated history / audit trail of INT_HRIS_JOB_CHANGE_FEED
INT_PARTNER_POS_FEED,SALES_OPS,TRANSACTION,Integration,Data Engineering,BASE,20717249,31,14355.9,14,True,False,410533,2020-07-19,2026-10-06,ACC_PARTNER,,Transactional records of partner POS feed
INT_PARTNER_POS_FEED_2019,SALES_OPS,TRANSACTION,Integration,Data Engineering,YEARLY,2315481,31,1938.53,14,True,False,0,2018-12-12,2020-03-02,,INT_PARTNER_POS_FEED,Fiscal-year 2019 split of INT_PARTNER_POS_FEED
INT_PARTNER_POS_FEED_2020,SALES_OPS,TRANSACTION,Integration,Data Engineering,YEARLY,2172340,31,1003.34,5,True,False,0,2019-12-30,2021-04-03,,INT_PARTNER_POS_FEED,Fiscal-year 2020 split of INT_PARTNER_POS_FEED
INT_PARTNER_POS_FEED_2021,SALES_OPS,TRANSACTION,Integration,Data Engineering,YEARLY,3080648,31,1985.85,12,True,False,0,2020-12-29,2022-02-24,,INT_PARTNER_POS_FEED,Fiscal-year 2021 split of INT_PARTNER_POS_FEED
INT_PARTNER_POS_FEED_2022,SALES_OPS,TRANSACTION,Integration,Data Engineering,YEARLY,2791658,31,2117.32,13,True,False,0,2021-12-28,2023-03-27,,INT_PARTNER_POS_FEED,Fiscal-year 2022 split of INT_PARTNER_POS_FEED
INT_PARTNER_POS_FEED_2023,SALES_OPS,TRANSACTION,Integration,Data Engineering,YEARLY,2979586,31,1188.92,3,True,False,0,2022-12-14,2024-01-26,,INT_PARTNER_POS_FEED,Fiscal-year 2023 split of INT_PARTNER_POS_FEED
INT_PARTNER_POS_FEED_2024,SALES_OPS,TRANSACTION,Integration,Data Engineering,YEARLY,2880917,31,682.44,3,True,False,0,2023-12-31,2025-02-23,,INT_PARTNER_POS_FEED,Fiscal-year 2024 split of INT_PARTNER_POS_FEED
INT_PARTNER_POS_FEED_2025,SALES_OPS,TRANSACTION,Integration,Data Engineering,YEARLY,3761354,31,1665.57,5,True,False,0,2024-12-14,2026-04-03,,INT_PARTNER_POS_FEED,Fiscal-year 2025 split of INT_PARTNER_POS_FEED
INT_PARTNER_POS_FEED_2026,SALES_OPS,TRANSACTION,Integration,Data Engineering,YEARLY,3567369,31,1535.03,6,True,False,310657,2025-12-17,2026-10-07,,INT_PARTNER_POS_FEED,Fiscal-year 2026 split of INT_PARTNER_POS_FEED
INT_PARTNER_POS_FEED_APAC,SALES_OPS,TRANSACTION,Integration,Data Engineering,REGIONAL,3958190,31,1469.14,7,True,False,52190,2020-07-19,2026-10-03,,INT_PARTNER_POS_FEED,Regional partition (APAC) of INT_PARTNER_POS_FEED
INT_PARTNER_POS_FEED_EMEA,SALES_OPS,TRANSACTION,Integration,Data Engineering,REGIONAL,7216852,31,3879.37,14,True,False,124972,2020-07-19,2026-10-05,,INT_PARTNER_POS_FEED,Regional partition (EMEA) of INT_PARTNER_POS_FEED
INT_PARTNER_POS_FEED_HIST,SALES_OPS,TRANSACTION,Integration,Data Engineering,HISTORY,18952135,35,11753.4,13,True,False,470753,2020-07-19,2026-10-06,,INT_PARTNER_POS_FEED,Effective-dated history / audit trail of INT_PARTNER_POS_FEED
INT_PARTNER_POS_FEED_LATAM,SALES_OPS,TRANSACTION,Integration,Data Engineering,REGIONAL,1889127,31,1190.75,8,True,False,29305,2020-07-19,2026-10-06,,INT_PARTNER_POS_FEED,Regional partition (LATAM) of INT_PARTNER_POS_FEED
INT_PARTNER_POS_FEED_NA,SALES_OPS,TRANSACTION,Integration,Data Engineering,REGIONAL,8988870,31,7297.91,13,True,False,123641,2020-07-19,2026-10-06,,INT_PARTNER_POS_FEED,Regional partition (NA) of INT_PARTNER_POS_FEED
LKP_COUNTRY,SALES_OPS,LOOKUP,Territories,Sales Planning,BASE,150,4,0.19,2,True,False,0,2021-05-26,2022-08-09,,,Reference list of country
LKP_CURRENCY,SALES_OPS,LOOKUP,Orders,Sales Operations,BASE,155,6,0.19,2,True,False,0,2013-09-05,2025-03-10,,,Reference list of currency
LKP_CURRENCY_V2,SALES_OPS,LOOKUP,Orders,Sales Operations,VERSIONED,23,7,0.12,1,True,False,0,2025-03-13,2025-06-02,,LKP_CURRENCY,Re-modelled version of LKP_CURRENCY (abandoned migration)
LKP_DEAL_TYPE,SALES_OPS,LOOKUP,Accounts,Sales Operations,BASE,10,8,0.12,1,True,False,0,2018-02-28,2026-08-23,,,Reference list of deal type
LKP_DEAL_TYPE_APAC,SALES_OPS,LOOKUP,Accounts,Sales Operations,REGIONAL,2,8,0.19,2,True,False,0,2018-02-28,2026-08-20,,LKP_DEAL_TYPE,Regional partition (APAC) of LKP_DEAL_TYPE
LKP_DEAL_TYPE_BKP_20230603,SALES_OPS,LOOKUP,Accounts,Sales Operations,BACKUP,5,8,0.06,0,False,False,0,2023-06-03,2023-06-03,,LKP_DEAL_TYPE,Ad-hoc backup copy of LKP_DEAL_TYPE taken 2023-06-03
LKP_DEAL_TYPE_EMEA,SALES_OPS,LOOKUP,Accounts,Sales Operations,REGIONAL,2,8,0.19,2,True,False,0,2018-02-28,2026-08-23,,LKP_DEAL_TYPE,Regional partition (EMEA) of LKP_DEAL_TYPE
LKP_DEAL_TYPE_LATAM,SALES_OPS,LOOKUP,Accounts,Sales Operations,REGIONAL,0,8,0.12,1,True,False,0,2018-02-28,2026-08-23,,LKP_DEAL_TYPE,Regional partition (LATAM) of LKP_DEAL_TYPE
LKP_DEAL_TYPE_NA,SALES_OPS,LOOKUP,Accounts,Sales Operations,REGIONAL,4,8,0.12,1,True,False,1,2018-02-28,2026-08-23,,LKP_DEAL_TYPE,Regional partition (NA) of LKP_DEAL_TYPE
LKP_INDUSTRY,SALES_OPS,LOOKUP,Accounts,CRM Team,BASE,172,7,0.19,2,True,False,0,2014-04-09,2025-05-24,,,Reference list of industry
LKP_OPPORTUNITY_STAGE,SALES_OPS,LOOKUP,Accounts,Sales Operations,BASE,20,10,0.19,2,True,False,0,2017-02-23,2026-05-11,,,Reference list of opportunity stage
LKP_ORDER_STATUS,SALES_OPS,LOOKUP,Orders,Integration Team,BASE,8,6,0.19,2,True,False,0,2013-10-22,2026-09-04,,,Reference list of order status
LKP_ORDER_TYPE,SALES_OPS,LOOKUP,Orders,Sales Operations,BASE,13,8,0.12,1,True,False,0,2015-05-28,2026-03-19,,,Reference list of order type
LKP_PARTNER_TIER,SALES_OPS,LOOKUP,Partners,Channel Operations,BASE,7,6,0.12,1,True,False,0,2014-07-28,2026-04-21,,,Reference list of partner tier
LKP_PRODUCT_CATEGORY,SALES_OPS,LOOKUP,Products,Sales Operations,BASE,65,5,0.19,2,True,False,0,2021-04-13,2025-08-12,,,Reference list of product category
LKP_PRODUCT_CATEGORY_APAC,SALES_OPS,LOOKUP,Products,Sales Operations,REGIONAL,15,5,0.19,2,True,False,0,2021-04-13,2021-11-03,,LKP_PRODUCT_CATEGORY,Regional partition (APAC) of LKP_PRODUCT_CATEGORY
LKP_PRODUCT_CATEGORY_EMEA,SALES_OPS,LOOKUP,Products,Sales Operations,REGIONAL,16,5,0.12,1,True,False,0,2021-04-13,2025-08-11,,LKP_PRODUCT_CATEGORY,Regional partition (EMEA) of LKP_PRODUCT_CATEGORY
LKP_PRODUCT_CATEGORY_LATAM,SALES_OPS,LOOKUP,Products,Sales Operations,REGIONAL,5,5,0.12,1,True,False,0,2021-04-13,2025-08-12,,LKP_PRODUCT_CATEGORY,Regional partition (LATAM) of LKP_PRODUCT_CATEGORY
LKP_PRODUCT_CATEGORY_NA,SALES_OPS,LOOKUP,Products,Sales Operations,REGIONAL,33,5,0.12,1,True,False,0,2021-04-13,2025-08-10,,LKP_PRODUCT_CATEGORY,Regional partition (NA) of LKP_PRODUCT_CATEGORY
LKP_REGION,SALES_OPS,LOOKUP,Territories,Sales Planning,BASE,10,11,0.19,2,True,False,1,2015-05-25,2026-09-10,,,Reference list of region
LKP_SALES_CHANNEL,SALES_OPS,LOOKUP,Accounts,Sales Operations,BASE,8,12,0.19,2,True,False,0,2014-06-08,2026-05-19,,,Reference list of sales channel
LKP_SALES_ROLE,SALES_OPS,LOOKUP,Hierarchy,HR Systems,BASE,54,12,0.19,2,True,False,0,2013-09-01,2025-12-17,,,Reference list of sales role
LKP_SEGMENT,SALES_OPS,LOOKUP,Accounts,Sales Operations,BASE,9,12,0.12,1,True,False,0,2018-02-13,2025-03-25,,,Reference list of segment
LKP_SEGMENT_HIST,SALES_OPS,LOOKUP,Accounts,Sales Operations,HISTORY,47,16,0.19,2,True,False,0,2018-02-13,2025-03-25,,LKP_SEGMENT,Effective-dated history / audit trail of LKP_SEGMENT
LKP_TERRITORY_TYPE,SALES_OPS,LOOKUP,Territories,Sales Planning,BASE,6,4,0.19,2,True,False,0,2013-11-16,2026-05-26,,,Reference list of territory type
LKP_UOM,SALES_OPS,LOOKUP,Products,Sales Operations,BASE,36,12,0.12,1,True,False,0,2021-02-06,2026-03-13,,,Reference list of unit of measure
LKP_UOM_BKP_20220822,SALES_OPS,LOOKUP,Products,Sales Operations,BACKUP,9,12,0.06,0,False,False,0,2022-08-22,2022-08-22,,LKP_UOM,Ad-hoc backup copy of LKP_UOM taken 2022-08-22
LKP_UOM_BKP_20251203,SALES_OPS,LOOKUP,Products,Sales Operations,BACKUP,30,12,0.06,0,False,False,0,2025-12-03,2025-12-03,,LKP_UOM,Ad-hoc backup copy of LKP_UOM taken 2025-12-03
ORD_BOOKING,SALES_OPS,TRANSACTION,Orders,Sales Operations,BASE,63776023,102,89072.2,8,True,True,641557,2013-04-23,2026-10-07,ORD_SALES_ORDER,,Transactional records of booking
ORD_BOOKING_2022,SALES_OPS,TRANSACTION,Orders,Sales Operations,YEARLY,7634529,102,10065.65,13,True,False,0,2021-12-29,2023-04-26,,ORD_BOOKING,Fiscal-year 2022 split of ORD_BOOKING
ORD_BOOKING_2023,SALES_OPS,TRANSACTION,Orders,Sales Operations,YEARLY,8569288,102,11772.39,4,True,False,0,2022-12-13,2024-04-20,,ORD_BOOKING,Fiscal-year 2023 split of ORD_BOOKING
ORD_BOOKING_2024,SALES_OPS,TRANSACTION,Orders,Sales Operations,YEARLY,9403395,102,15271.29,9,True,False,0,2023-12-15,2025-04-26,,ORD_BOOKING,Fiscal-year 2024 split of ORD_BOOKING
ORD_BOOKING_2025,SALES_OPS,TRANSACTION,Orders,Sales Operations,YEARLY,12947801,102,25977.3,14,True,False,0,2024-12-27,2026-03-18,,ORD_BOOKING,Fiscal-year 2025 split of ORD_BOOKING
ORD_BOOKING_2026,SALES_OPS,TRANSACTION,Orders,Sales Operations,YEARLY,9708773,102,12404.05,6,True,False,1637751,2025-12-19,2026-10-07,,ORD_BOOKING,Fiscal-year 2026 split of ORD_BOOKING
ORD_BOOKING_ADJ,SALES_OPS,TRANSACTION,Orders,Sales Operations,BASE,5209502,95,7222.97,11,True,False,46173,2016-01-17,2026-10-06,ORD_BOOKING,,Transactional records of booking adjustments
ORD_BOOKING_ADJ_2019,SALES_OPS,TRANSACTION,Orders,Sales Operations,YEARLY,527917,95,940.17,9,True,False,0,2018-12-14,2020-01-12,,ORD_BOOKING_ADJ,Fiscal-year 2019 split of ORD_BOOKING_ADJ
ORD_BOOKING_ADJ_2020,SALES_OPS,TRANSACTION,Orders,Sales Operations,YEARLY,748554,95,655.07,4,True,False,0,2019-12-14,2021-03-27,,ORD_BOOKING_ADJ,Fiscal-year 2020 split of ORD_BOOKING_ADJ
ORD_BOOKING_ADJ_2021,SALES_OPS,TRANSACTION,Orders,Sales Operations,YEARLY,695887,95,586.82,6,True,False,0,2020-12-27,2022-02-20,,ORD_BOOKING_ADJ,Fiscal-year 2021 split of ORD_BOOKING_ADJ
ORD_BOOKING_ADJ_2022,SALES_OPS,TRANSACTION,Orders,Sales Operations,YEARLY,912203,95,900.0,3,True,False,0,2021-12-12,2023-03-17,,ORD_BOOKING_ADJ,Fiscal-year 2022 split of ORD_BOOKING_ADJ
ORD_BOOKING_ADJ_2023,SALES_OPS,TRANSACTION,Orders,Sales Operations,YEARLY,849678,95,1769.22,14,True,False,0,2022-12-28,2024-02-21,,ORD_BOOKING_ADJ,Fiscal-year 2023 split of ORD_BOOKING_ADJ
ORD_BOOKING_ADJ_2024,SALES_OPS,TRANSACTION,Orders,Sales Operations,YEARLY,857927,95,972.74,10,True,False,0,2023-12-13,2025-04-20,,ORD_BOOKING_ADJ,Fiscal-year 2024 split of ORD_BOOKING_ADJ
ORD_BOOKING_ADJ_2025,SALES_OPS,TRANSACTION,Orders,Sales Operations,YEARLY,830115,95,1165.25,12,True,False,0,2024-12-16,2026-03-08,,ORD_BOOKING_ADJ,Fiscal-year 2025 split of ORD_BOOKING_ADJ
ORD_BOOKING_ADJ_2026,SALES_OPS,TRANSACTION,Orders,Sales Operations,YEARLY,829354,95,1131.06,3,True,False,148867,2025-12-16,2026-10-06,,ORD_BOOKING_ADJ,Fiscal-year 2026 split of ORD_BOOKING_ADJ
ORD_BOOKING_ADJ_APAC,SALES_OPS,TRANSACTION,Orders,Sales Operations,REGIONAL,1213058,95,2543.97,12,True,False,19059,2017-03-23,2026-10-06,,ORD_BOOKING_ADJ,Regional partition (APAC) of ORD_BOOKING_ADJ
ORD_BOOKING_ADJ_BKP_20160127,SALES_OPS,TRANSACTION,Orders,Sales Operations,BACKUP,242246,95,158.37,0,False,False,0,2016-01-27,2016-01-27,,ORD_BOOKING_ADJ,Ad-hoc backup copy of ORD_BOOKING_ADJ taken 2016-01-27
ORD_BOOKING_ADJ_BKP_20220611,SALES_OPS,TRANSACTION,Orders,Sales Operations,BACKUP,3084196,95,3056.63,0,False,False,0,2022-06-11,2022-06-11,,ORD_BOOKING_ADJ,Ad-hoc backup copy of ORD_BOOKING_ADJ taken 2022-06-11
ORD_BOOKING_ADJ_EMEA,SALES_OPS,TRANSACTION,Orders,Sales Operations,REGIONAL,1760848,95,2976.22,14,True,False,21282,2016-06-15,2026-10-06,,ORD_BOOKING_ADJ,Regional partition (EMEA) of ORD_BOOKING_ADJ
ORD_BOOKING_ADJ_HIST,SALES_OPS,TRANSACTION,Orders,Sales Operations,HISTORY,3110605,99,6001.31,12,True,False,44761,2016-01-17,2026-10-06,,ORD_BOOKING_ADJ,Effective-dated history / audit trail of ORD_BOOKING_ADJ
ORD_BOOKING_ADJ_LATAM,SALES_OPS,TRANSACTION,Orders,Sales Operations,REGIONAL,456007,95,601.32,3,True,False,5785,2017-01-15,2026-10-05,,ORD_BOOKING_ADJ,Regional partition (LATAM) of ORD_BOOKING_ADJ
ORD_BOOKING_ADJ_NA,SALES_OPS,TRANSACTION,Orders,Sales Operations,REGIONAL,1956084,95,2652.61,9,True,False,15966,2016-01-17,2026-10-05,,ORD_BOOKING_ADJ,Regional partition (NA) of ORD_BOOKING_ADJ
ORD_BOOKING_APAC,SALES_OPS,TRANSACTION,Orders,Sales Operations,REGIONAL,10223705,102,18930.68,10,True,False,87774,2016-06-15,2026-10-07,,ORD_BOOKING,Regional partition (APAC) of ORD_BOOKING
ORD_BOOKING_EMEA,SALES_OPS,TRANSACTION,Orders,Sales Operations,REGIONAL,23031798,102,17675.99,3,True,False,392602,2017-06-30,2026-10-06,,ORD_BOOKING,Regional partition (EMEA) of ORD_BOOKING
ORD_BOOKING_HIST,SALES_OPS,TRANSACTION,Orders,Sales Operations,HISTORY,51348206,106,122417.28,14,True,True,387823,2013-04-23,2026-10-07,,ORD_BOOKING,Effective-dated history / audit trail of ORD_BOOKING
ORD_BOOKING_LATAM,SALES_OPS,TRANSACTION,Orders,Sales Operations,REGIONAL,4377762,102,5355.69,4,True,False,35033,2017-01-21,2026-10-05,,ORD_BOOKING,Regional partition (LATAM) of ORD_BOOKING
ORD_BOOKING_NA,SALES_OPS,TRANSACTION,Orders,Sales Operations,REGIONAL,31385080,102,78980.58,14,True,False,419547,2016-08-26,2026-10-07,,ORD_BOOKING,Regional partition (NA) of ORD_BOOKING
ORD_CONTRACT,SALES_OPS,DATA,Orders,Integration Team,BASE,1360130,60,1075.59,5,True,False,17302,2018-06-08,2026-09-04,ACC_ACCOUNT,,Master/reference data: contract
ORD_CONTRACT_APAC,SALES_OPS,DATA,Orders,Integration Team,REGIONAL,202226,60,83.94,2,True,False,2685,2018-06-08,2026-09-02,,ORD_CONTRACT,Regional partition (APAC) of ORD_CONTRACT
ORD_CONTRACT_EMEA,SALES_OPS,DATA,Orders,Integration Team,REGIONAL,421504,60,295.5,6,True,False,4769,2018-06-08,2026-09-02,,ORD_CONTRACT,Regional partition (EMEA) of ORD_CONTRACT
ORD_CONTRACT_HIST,SALES_OPS,DATA,Orders,Integration Team,HISTORY,2067510,64,1277.85,4,True,False,24395,2018-06-08,2026-09-04,,ORD_CONTRACT,Effective-dated history / audit trail of ORD_CONTRACT
ORD_CONTRACT_LATAM,SALES_OPS,DATA,Orders,Integration Team,REGIONAL,120561,60,116.31,7,True,False,1747,2018-06-08,2026-09-03,,ORD_CONTRACT,Regional partition (LATAM) of ORD_CONTRACT
ORD_CONTRACT_LINE,SALES_OPS,DATA,Orders,Integration Team,BASE,10095137,53,8517.03,4,True,False,119545,2021-10-16,2026-10-04,ORD_CONTRACT;PRO_PRODUCT,,Master/reference data: contract line
ORD_CONTRACT_LINE_APAC,SALES_OPS,DATA,Orders,Integration Team,REGIONAL,1914741,53,1334.88,5,True,False,36485,2021-10-16,2026-10-01,,ORD_CONTRACT_LINE,Regional partition (APAC) of ORD_CONTRACT_LINE
ORD_CONTRACT_LINE_EMEA,SALES_OPS,DATA,Orders,Integration Team,REGIONAL,3039136,53,2472.76,8,True,False,49611,2021-10-16,2026-10-01,,ORD_CONTRACT_LINE,Regional partition (EMEA) of ORD_CONTRACT_LINE
ORD_CONTRACT_LINE_HIST,SALES_OPS,DATA,Orders,Integration Team,HISTORY,50413341,57,38091.2,5,True,True,941869,2021-10-16,2026-10-04,,ORD_CONTRACT_LINE,Effective-dated history / audit trail of ORD_CONTRACT_LINE
ORD_CONTRACT_LINE_LATAM,SALES_OPS,DATA,Orders,Integration Team,REGIONAL,809426,53,459.99,3,True,False,19089,2021-10-16,2026-10-01,,ORD_CONTRACT_LINE,Regional partition (LATAM) of ORD_CONTRACT_LINE
ORD_CONTRACT_LINE_NA,SALES_OPS,DATA,Orders,Integration Team,REGIONAL,4788286,53,1723.62,2,True,False,63725,2021-10-16,2026-10-01,,ORD_CONTRACT_LINE,Regional partition (NA) of ORD_CONTRACT_LINE
ORD_CONTRACT_NA,SALES_OPS,DATA,Orders,Integration Team,REGIONAL,783945,60,366.76,4,True,False,8744,2018-06-08,2026-09-03,,ORD_CONTRACT,Regional partition (NA) of ORD_CONTRACT
ORD_CREDIT_MEMO,SALES_OPS,TRANSACTION,Orders,Integration Team,BASE,3026406,87,2576.27,4,True,False,21502,2013-08-14,2026-10-07,ORD_INVOICE,,Transactional records of credit memo
ORD_CREDIT_MEMO_BKP_20241014,SALES_OPS,TRANSACTION,Orders,Integration Team,BACKUP,2511942,87,1522.1,0,False,False,0,2024-10-14,2024-10-14,,ORD_CREDIT_MEMO,Ad-hoc backup copy of ORD_CREDIT_MEMO taken 2024-10-14
ORD_CREDIT_MEMO_HIST,SALES_OPS,TRANSACTION,Orders,Integration Team,HISTORY,2671363,91,3422.57,3,True,False,22265,2013-08-14,2026-10-07,,ORD_CREDIT_MEMO,Effective-dated history / audit trail of ORD_CREDIT_MEMO
ORD_DISCOUNT_SCHEDULE,SALES_OPS,CONFIG,Orders,Sales Operations,BASE,1168,42,0.52,1,True,False,33,2023-04-22,2026-06-16,ORD_PRICE_BOOK,,Configuration for discount schedule
ORD_DISCOUNT_SCHEDULE_HIST,SALES_OPS,CONFIG,Orders,Sales Operations,HISTORY,8375,46,4.82,2,True,False,228,2023-04-22,2026-06-16,,ORD_DISCOUNT_SCHEDULE,Effective-dated history / audit trail of ORD_DISCOUNT_SCHEDULE
ORD_DISCOUNT_SCHEDULE_V2,SALES_OPS,CONFIG,Orders,Sales Operations,VERSIONED,890,42,0.39,1,True,False,36,2024-03-20,2026-09-25,,ORD_DISCOUNT_SCHEDULE,Re-modelled version of ORD_DISCOUNT_SCHEDULE (migration in progress)
ORD_INVOICE,SALES_OPS,TRANSACTION,Orders,Sales Operations,BASE,41779455,99,47148.36,3,True,True,360005,2017-12-14,2026-10-07,ORD_SALES_ORDER;ACC_ACCOUNT,,Transactional records of invoice
ORD_INVOICE_2020,SALES_OPS,TRANSACTION,Orders,Sales Operations,YEARLY,4720504,99,3909.24,5,True,False,0,2019-12-31,2021-02-13,,ORD_INVOICE,Fiscal-year 2020 split of ORD_INVOICE
ORD_INVOICE_2021,SALES_OPS,TRANSACTION,Orders,Sales Operations,YEARLY,6662793,99,8676.65,6,True,False,0,2020-12-28,2022-01-14,,ORD_INVOICE,Fiscal-year 2021 split of ORD_INVOICE
ORD_INVOICE_2022,SALES_OPS,TRANSACTION,Orders,Sales Operations,YEARLY,7060555,99,8654.34,12,True,False,0,2021-12-15,2023-02-07,,ORD_INVOICE,Fiscal-year 2022 split of ORD_INVOICE
ORD_INVOICE_2023,SALES_OPS,TRANSACTION,Orders,Sales Operations,YEARLY,7471286,99,14180.1,12,True,False,0,2022-12-17,2024-02-01,,ORD_INVOICE,Fiscal-year 2023 split of ORD_INVOICE
ORD_INVOICE_2024,SALES_OPS,TRANSACTION,Orders,Sales Operations,YEARLY,7306769,99,15038.48,8,True,False,0,2023-12-13,2025-04-10,,ORD_INVOICE,Fiscal-year 2024 split of ORD_INVOICE
ORD_INVOICE_2025,SALES_OPS,TRANSACTION,Orders,Sales Operations,YEARLY,7390247,99,11324.8,10,True,False,0,2024-12-13,2026-01-30,,ORD_INVOICE,Fiscal-year 2025 split of ORD_INVOICE
ORD_INVOICE_2026,SALES_OPS,TRANSACTION,Orders,Sales Operations,YEARLY,5192568,99,6831.92,9,True,False,640562,2025-12-23,2026-10-07,,ORD_INVOICE,Fiscal-year 2026 split of ORD_INVOICE
ORD_INVOICE_HIST,SALES_OPS,TRANSACTION,Orders,Sales Operations,HISTORY,23419378,103,40231.37,8,True,False,296913,2017-12-14,2026-10-07,,ORD_INVOICE,Effective-dated history / audit trail of ORD_INVOICE
ORD_INVOICE_LINE,SALES_OPS,TRANSACTION,Orders,Sales Operations,BASE,235245093,35,120450.5,5,True,True,9941609,2023-02-17,2026-10-05,ORD_INVOICE;PRO_PRODUCT,,Transactional records of invoice line
ORD_INVOICE_LINE_APAC,SALES_OPS,TRANSACTION,Orders,Sales Operations,REGIONAL,47428978,35,27318.38,7,True,False,1556424,2023-02-17,2026-10-03,,ORD_INVOICE_LINE,Regional partition (APAC) of ORD_INVOICE_LINE
ORD_INVOICE_LINE_EMEA,SALES_OPS,TRANSACTION,Orders,Sales Operations,REGIONAL,46946199,35,19417.85,9,True,False,940009,2023-02-17,2026-10-05,,ORD_INVOICE_LINE,Regional partition (EMEA) of ORD_INVOICE_LINE
ORD_INVOICE_LINE_HIST,SALES_OPS,TRANSACTION,Orders,Sales Operations,HISTORY,136270269,39,103164.55,13,True,True,5272204,2023-02-17,2026-10-05,,ORD_INVOICE_LINE,Effective-dated history / audit trail of ORD_INVOICE_LINE
ORD_INVOICE_LINE_LATAM,SALES_OPS,TRANSACTION,Orders,Sales Operations,REGIONAL,14683724,35,7086.15,11,True,False,0,2023-02-17,2023-02-17,,ORD_INVOICE_LINE,Regional partition (LATAM) of ORD_INVOICE_LINE
ORD_INVOICE_LINE_NA,SALES_OPS,TRANSACTION,Orders,Sales Operations,REGIONAL,91488157,35,28910.5,4,True,True,3605395,2023-02-17,2026-10-04,,ORD_INVOICE_LINE,Regional partition (NA) of ORD_INVOICE_LINE
ORD_ORDER_LINE,SALES_OPS,TRANSACTION,Orders,Sales Operations,BASE,357789612,73,402608.31,5,True,False,3531719,2014-03-20,2026-10-07,ORD_SALES_ORDER;PRO_PRODUCT,,Transactional records of order line
ORD_ORDER_LINE_APAC,SALES_OPS,TRANSACTION,Orders,Sales Operations,REGIONAL,49555587,73,29676.68,5,True,False,489408,2017-06-14,2026-10-04,,ORD_ORDER_LINE,Regional partition (APAC) of ORD_ORDER_LINE
ORD_ORDER_LINE_EMEA,SALES_OPS,TRANSACTION,Orders,Sales Operations,REGIONAL,96938584,73,166024.78,14,True,True,1326391,2017-03-20,2026-10-05,,ORD_ORDER_LINE,Regional partition (EMEA) of ORD_ORDER_LINE
ORD_ORDER_LINE_HIST,SALES_OPS,TRANSACTION,Orders,Sales Operations,HISTORY,132104843,77,103437.29,3,True,True,1097622,2014-03-20,2026-10-07,,ORD_ORDER_LINE,Effective-dated history / audit trail of ORD_ORDER_LINE
ORD_ORDER_LINE_LATAM,SALES_OPS,TRANSACTION,Orders,Sales Operations,REGIONAL,32046221,73,31731.19,5,True,False,423336,2017-04-11,2026-10-04,,ORD_ORDER_LINE,Regional partition (LATAM) of ORD_ORDER_LINE
ORD_ORDER_LINE_NA,SALES_OPS,TRANSACTION,Orders,Sales Operations,REGIONAL,164853006,73,243761.18,13,True,False,1767623,2016-07-18,2026-10-07,,ORD_ORDER_LINE,Regional partition (NA) of ORD_ORDER_LINE
ORD_ORDER_LINE_SPLIT,SALES_OPS,TRANSACTION,Orders,Integration Team,BASE,127401708,67,101237.8,4,False,True,1610716,2017-09-23,2026-10-07,ORD_ORDER_LINE,,Transactional records of order line split
ORD_ORDER_LINE_SPLIT_HIST,SALES_OPS,TRANSACTION,Orders,Integration Team,HISTORY,110626497,71,69960.51,4,True,True,1670151,2017-09-23,2026-10-07,,ORD_ORDER_LINE_SPLIT,Effective-dated history / audit trail of ORD_ORDER_LINE_SPLIT
ORD_PRICE_BOOK,SALES_OPS,CONFIG,Orders,Sales Operations,BASE,2756,27,1.02,3,True,False,40,2023-05-11,2026-09-18,LKP_CURRENCY,,Configuration for price book
ORD_PRICE_BOOK_BKP_20250125,SALES_OPS,CONFIG,Orders,Sales Operations,BACKUP,1256,27,0.21,0,False,False,0,2025-01-25,2025-01-25,,ORD_PRICE_BOOK,Ad-hoc backup copy of ORD_PRICE_BOOK taken 2025-01-25
ORD_PRICE_BOOK_HIST,SALES_OPS,CONFIG,Orders,Sales Operations,HISTORY,14882,31,3.7,2,True,False,235,2023-05-11,2026-09-18,,ORD_PRICE_BOOK,Effective-dated history / audit trail of ORD_PRICE_BOOK
ORD_RETURN,SALES_OPS,TRANSACTION,Orders,Sales Operations,BASE,2136808,34,1004.99,10,True,False,24877,2015-04-20,2026-10-07,ORD_SALES_ORDER,,Transactional records of return
ORD_RETURN_2021,SALES_OPS,TRANSACTION,Orders,Sales Operations,YEARLY,295556,34,252.24,12,True,False,0,2020-12-21,2022-03-06,,ORD_RETURN,Fiscal-year 2021 split of ORD_RETURN
ORD_RETURN_2022,SALES_OPS,TRANSACTION,Orders,Sales Operations,YEARLY,275451,34,173.49,7,True,False,0,2021-12-31,2023-04-12,,ORD_RETURN,Fiscal-year 2022 split of ORD_RETURN
ORD_RETURN_2023,SALES_OPS,TRANSACTION,Orders,Sales Operations,YEARLY,403966,34,230.92,7,True,False,0,2022-12-22,2024-03-01,,ORD_RETURN,Fiscal-year 2023 split of ORD_RETURN
ORD_RETURN_2024,SALES_OPS,TRANSACTION,Orders,Sales Operations,YEARLY,344820,34,211.03,10,True,False,0,2023-12-12,2025-03-21,,ORD_RETURN,Fiscal-year 2024 split of ORD_RETURN
ORD_RETURN_2025,SALES_OPS,TRANSACTION,Orders,Sales Operations,YEARLY,354265,34,133.85,3,True,False,0,2024-12-13,2026-04-07,,ORD_RETURN,Fiscal-year 2025 split of ORD_RETURN
ORD_RETURN_2026,SALES_OPS,TRANSACTION,Orders,Sales Operations,YEARLY,274307,34,122.04,11,True,False,36943,2025-12-20,2026-10-06,,ORD_RETURN,Fiscal-year 2026 split of ORD_RETURN
ORD_RETURN_APAC,SALES_OPS,TRANSACTION,Orders,Sales Operations,REGIONAL,307909,34,113.68,3,True,False,3670,2016-12-19,2026-10-05,,ORD_RETURN,Regional partition (APAC) of ORD_RETURN
ORD_RETURN_BKP_20180901,SALES_OPS,TRANSACTION,Orders,Sales Operations,BACKUP,0,34,0.06,0,False,False,0,2018-09-01,2018-09-01,,ORD_RETURN,Ad-hoc backup copy of ORD_RETURN taken 2018-09-01
ORD_RETURN_EMEA,SALES_OPS,TRANSACTION,Orders,Sales Operations,REGIONAL,438403,34,166.43,4,True,False,4179,2016-07-06,2026-10-07,,ORD_RETURN,Regional partition (EMEA) of ORD_RETURN
ORD_RETURN_HIST,SALES_OPS,TRANSACTION,Orders,Sales Operations,HISTORY,1440304,38,620.87,8,True,False,11271,2015-04-20,2026-10-07,,ORD_RETURN,Effective-dated history / audit trail of ORD_RETURN
ORD_RETURN_LATAM,SALES_OPS,TRANSACTION,Orders,Sales Operations,REGIONAL,144794,34,91.91,14,True,False,1110,2016-01-13,2026-10-04,,ORD_RETURN,Regional partition (LATAM) of ORD_RETURN
ORD_RETURN_NA,SALES_OPS,TRANSACTION,Orders,Sales Operations,REGIONAL,797259,34,650.67,12,True,False,9316,2016-05-17,2026-10-06,,ORD_RETURN,Regional partition (NA) of ORD_RETURN
ORD_SALES_ORDER,SALES_OPS,TRANSACTION,Orders,Sales Operations,BASE,74708868,103,106085.09,8,True,True,929380,2013-12-18,2026-10-06,ACC_ACCOUNT;LKP_ORDER_TYPE;LKP_ORDER_STATUS,,Transactional records of sales order
ORD_SALES_ORDER_APAC,SALES_OPS,TRANSACTION,Orders,Sales Operations,REGIONAL,17704502,103,27514.03,9,True,False,181941,2016-12-30,2026-10-06,,ORD_SALES_ORDER,Regional partition (APAC) of ORD_SALES_ORDER
ORD_SALES_ORDER_EMEA,SALES_OPS,TRANSACTION,Orders,Sales Operations,REGIONAL,17540003,103,37715.71,14,True,False,169289,2016-05-17,2026-10-06,,ORD_SALES_ORDER,Regional partition (EMEA) of ORD_SALES_ORDER
ORD_SALES_ORDER_HIST,SALES_OPS,TRANSACTION,Orders,Sales Operations,HISTORY,62825508,107,105030.54,14,True,True,357116,2013-12-18,2026-10-06,,ORD_SALES_ORDER,Effective-dated history / audit trail of ORD_SALES_ORDER
ORD_SALES_ORDER_LATAM,SALES_OPS,TRANSACTION,Orders,Sales Operations,REGIONAL,7602001,103,17834.03,13,True,False,73432,2016-12-22,2026-10-04,,ORD_SALES_ORDER,Regional partition (LATAM) of ORD_SALES_ORDER
ORD_SALES_ORDER_NA,SALES_OPS,TRANSACTION,Orders,Sales Operations,REGIONAL,35751302,103,29538.1,3,True,False,492238,2016-05-21,2026-10-03,,ORD_SALES_ORDER,Regional partition (NA) of ORD_SALES_ORDER
ORD_SALES_ORDER_V2,SALES_OPS,TRANSACTION,Orders,Sales Operations,VERSIONED,51101720,101,104837.2,9,True,True,6910572,2025-09-09,2026-09-25,,ORD_SALES_ORDER,Re-modelled version of ORD_SALES_ORDER (migration in progress)
ORD_SUBSCRIPTION,SALES_OPS,DATA,Orders,Sales Operations,BASE,6092193,49,4754.37,7,True,False,89972,2020-11-24,2026-10-03,ACC_ACCOUNT;PRO_PRODUCT,,Master/reference data: subscription
ORD_SUBSCRIPTION_APAC,SALES_OPS,DATA,Orders,Sales Operations,REGIONAL,1151456,49,578.18,6,True,False,0,2020-11-24,2021-04-25,,ORD_SUBSCRIPTION,Regional partition (APAC) of ORD_SUBSCRIPTION
ORD_SUBSCRIPTION_BKP_20240502,SALES_OPS,DATA,Orders,Sales Operations,BACKUP,3498826,49,1052.93,0,False,False,0,2024-05-02,2024-05-02,,ORD_SUBSCRIPTION,Ad-hoc backup copy of ORD_SUBSCRIPTION taken 2024-05-02
ORD_SUBSCRIPTION_EMEA,SALES_OPS,DATA,Orders,Sales Operations,REGIONAL,1419122,49,788.75,2,True,False,22071,2020-11-24,2026-09-30,,ORD_SUBSCRIPTION,Regional partition (EMEA) of ORD_SUBSCRIPTION
ORD_SUBSCRIPTION_HIST,SALES_OPS,DATA,Orders,Sales Operations,HISTORY,18944404,53,10783.47,5,True,False,317693,2020-11-24,2026-10-03,,ORD_SUBSCRIPTION,Effective-dated history / audit trail of ORD_SUBSCRIPTION
ORD_SUBSCRIPTION_LATAM,SALES_OPS,DATA,Orders,Sales Operations,REGIONAL,377252,49,199.61,2,True,False,7719,2020-11-24,2026-10-01,,ORD_SUBSCRIPTION,Regional partition (LATAM) of ORD_SUBSCRIPTION
ORD_SUBSCRIPTION_NA,SALES_OPS,DATA,Orders,Sales Operations,REGIONAL,3370529,49,1401.52,3,True,False,40869,2020-11-24,2026-10-01,,ORD_SUBSCRIPTION,Regional partition (NA) of ORD_SUBSCRIPTION
ORD_SUBSCRIPTION_RENEWAL,SALES_OPS,TRANSACTION,Orders,Integration Team,BASE,10159071,46,5871.71,5,False,True,125926,2017-01-27,2026-10-06,ORD_SUBSCRIPTION,,Transactional records of subscription renewal
ORD_SUBSCRIPTION_RENEWAL_APAC,SALES_OPS,TRANSACTION,Orders,Integration Team,REGIONAL,1411509,46,936.66,4,True,False,17451,2017-01-27,2026-10-03,,ORD_SUBSCRIPTION_RENEWAL,Regional partition (APAC) of ORD_SUBSCRIPTION_RENEWAL
ORD_SUBSCRIPTION_RENEWAL_EMEA,SALES_OPS,TRANSACTION,Orders,Integration Team,REGIONAL,3463909,46,2424.09,4,True,False,46315,2017-01-27,2026-10-03,,ORD_SUBSCRIPTION_RENEWAL,Regional partition (EMEA) of ORD_SUBSCRIPTION_RENEWAL
ORD_SUBSCRIPTION_RENEWAL_HIST,SALES_OPS,TRANSACTION,Orders,Integration Team,HISTORY,3639029,50,2910.01,5,True,False,38811,2017-01-27,2026-10-06,,ORD_SUBSCRIPTION_RENEWAL,Effective-dated history / audit trail of ORD_SUBSCRIPTION_RENEWAL
ORD_SUBSCRIPTION_RENEWAL_LATAM,SALES_OPS,TRANSACTION,Orders,Integration Team,REGIONAL,628395,46,368.7,11,True,False,10467,2017-01-27,2026-10-06,,ORD_SUBSCRIPTION_RENEWAL,Regional partition (LATAM) of ORD_SUBSCRIPTION_RENEWAL
ORD_SUBSCRIPTION_RENEWAL_NA,SALES_OPS,TRANSACTION,Orders,Integration Team,REGIONAL,4262273,46,3578.54,10,True,False,55022,2017-02-08,2026-10-04,,ORD_SUBSCRIPTION_RENEWAL,Regional partition (NA) of ORD_SUBSCRIPTION_RENEWAL
ORD_SUBSCRIPTION_V2,SALES_OPS,DATA,Orders,Sales Operations,VERSIONED,423817,48,226.86,8,True,False,0,2024-10-11,2024-12-19,,ORD_SUBSCRIPTION,Re-modelled version of ORD_SUBSCRIPTION (abandoned migration)
ORD_USAGE_EVENT,SALES_OPS,TRANSACTION,Orders,Sales Operations,BASE,4660237910,36,4283162.89,13,True,True,48353185,2015-06-19,2026-10-07,ORD_SUBSCRIPTION,,Transactional records of usage event
ORD_USAGE_EVENT_HIST,SALES_OPS,TRANSACTION,Orders,Sales Operations,HISTORY,4404401266,40,3562959.85,7,True,True,46398172,2015-06-19,2026-10-07,,ORD_USAGE_EVENT,Effective-dated history / audit trail of ORD_USAGE_EVENT
PRO_PRODUCT,SALES_OPS,DATA,Products,Sales Operations,BASE,99436,39,62.7,7,True,False,1922,2021-09-05,2026-09-11,LKP_PRODUCT_CATEGORY;LKP_UOM,,Master/reference data: product
PRO_PRODUCT_APAC,SALES_OPS,DATA,Products,Sales Operations,REGIONAL,15373,39,9.16,7,True,False,326,2021-09-05,2026-09-10,,PRO_PRODUCT,Regional partition (APAC) of PRO_PRODUCT
PRO_PRODUCT_BKP_20241026,SALES_OPS,DATA,Products,Sales Operations,BACKUP,60739,39,26.13,0,False,False,0,2024-10-26,2024-10-26,,PRO_PRODUCT,Ad-hoc backup copy of PRO_PRODUCT taken 2024-10-26
PRO_PRODUCT_BUNDLE,SALES_OPS,DATA,Products,Sales Operations,BASE,27915,19,9.59,6,True,False,136,2013-08-12,2026-09-28,PRO_PRODUCT,,Master/reference data: product bundle
PRO_PRODUCT_BUNDLE_APAC,SALES_OPS,DATA,Products,Sales Operations,REGIONAL,6128,19,0.94,2,True,False,55,2016-06-03,2026-09-28,,PRO_PRODUCT_BUNDLE,Regional partition (APAC) of PRO_PRODUCT_BUNDLE
PRO_PRODUCT_BUNDLE_EMEA,SALES_OPS,DATA,Products,Sales Operations,REGIONAL,7432,19,2.11,6,True,False,70,2017-04-13,2026-09-27,,PRO_PRODUCT_BUNDLE,Regional partition (EMEA) of PRO_PRODUCT_BUNDLE
PRO_PRODUCT_BUNDLE_HIST,SALES_OPS,DATA,Products,Sales Operations,HISTORY,161517,23,30.2,3,True,False,1103,2013-08-12,2026-09-28,,PRO_PRODUCT_BUNDLE,Effective-dated history / audit trail of PRO_PRODUCT_BUNDLE
PRO_PRODUCT_BUNDLE_LATAM,SALES_OPS,DATA,Products,Sales Operations,REGIONAL,2109,19,0.54,4,True,False,21,2016-08-27,2026-09-28,,PRO_PRODUCT_BUNDLE,Regional partition (LATAM) of PRO_PRODUCT_BUNDLE
PRO_PRODUCT_BUNDLE_NA,SALES_OPS,DATA,Products,Sales Operations,REGIONAL,12713,19,3.13,7,True,False,148,2016-09-29,2026-09-25,,PRO_PRODUCT_BUNDLE,Regional partition (NA) of PRO_PRODUCT_BUNDLE
PRO_PRODUCT_EMEA,SALES_OPS,DATA,Products,Sales Operations,REGIONAL,35854,39,19.06,6,True,False,483,2021-09-05,2026-09-09,,PRO_PRODUCT,Regional partition (EMEA) of PRO_PRODUCT
PRO_PRODUCT_FAMILY,SALES_OPS,DATA,Products,Integration Team,BASE,264,66,0.31,4,True,False,2,2015-05-09,2026-09-22,,,Master/reference data: product family
PRO_PRODUCT_FAMILY_HIST,SALES_OPS,DATA,Products,Integration Team,HISTORY,1018,70,0.49,2,True,False,10,2015-05-09,2026-09-22,,PRO_PRODUCT_FAMILY,Effective-dated history / audit trail of PRO_PRODUCT_FAMILY
PRO_PRODUCT_HIERARCHY,SALES_OPS,DATA,Products,Sales Operations,BASE,118269,65,124.89,5,True,False,1184,2019-12-20,2026-10-03,PRO_PRODUCT,,Master/reference data: product hierarchy
PRO_PRODUCT_HIERARCHY_APAC,SALES_OPS,DATA,Products,Sales Operations,REGIONAL,18103,65,12.87,4,True,False,0,2019-12-20,2020-09-26,,PRO_PRODUCT_HIERARCHY,Regional partition (APAC) of PRO_PRODUCT_HIERARCHY
PRO_PRODUCT_HIERARCHY_BKP_20250126,SALES_OPS,DATA,Products,Sales Operations,BACKUP,80019,65,40.73,0,False,False,0,2025-01-26,2025-01-26,,PRO_PRODUCT_HIERARCHY,Ad-hoc backup copy of PRO_PRODUCT_HIERARCHY taken 2025-01-26
PRO_PRODUCT_HIERARCHY_EMEA,SALES_OPS,DATA,Products,Sales Operations,REGIONAL,40650,65,45.4,5,True,False,578,2019-12-20,2026-09-30,,PRO_PRODUCT_HIERARCHY,Regional partition (EMEA) of PRO_PRODUCT_HIERARCHY
PRO_PRODUCT_HIERARCHY_HIST,SALES_OPS,DATA,Products,Sales Operations,HISTORY,498948,69,456.97,2,True,False,4119,2019-12-20,2026-10-03,,PRO_PRODUCT_HIERARCHY,Effective-dated history / audit trail of PRO_PRODUCT_HIERARCHY
PRO_PRODUCT_HIERARCHY_LATAM,SALES_OPS,DATA,Products,Sales Operations,REGIONAL,7018,65,8.92,8,True,False,60,2019-12-20,2026-10-01,,PRO_PRODUCT_HIERARCHY,Regional partition (LATAM) of PRO_PRODUCT_HIERARCHY
PRO_PRODUCT_HIERARCHY_NA,SALES_OPS,DATA,Products,Sales Operations,REGIONAL,54151,65,48.34,5,True,False,440,2019-12-20,2026-09-30,,PRO_PRODUCT_HIERARCHY,Regional partition (NA) of PRO_PRODUCT_HIERARCHY
PRO_PRODUCT_HIST,SALES_OPS,DATA,Products,Sales Operations,HISTORY,198810,43,86.38,3,True,False,3037,2021-09-05,2026-09-11,,PRO_PRODUCT,Effective-dated history / audit trail of PRO_PRODUCT
PRO_PRODUCT_LATAM,SALES_OPS,DATA,Products,Sales Operations,REGIONAL,5820,39,2.56,4,True,False,120,2021-09-05,2026-09-08,,PRO_PRODUCT,Regional partition (LATAM) of PRO_PRODUCT
PRO_PRODUCT_NA,SALES_OPS,DATA,Products,Sales Operations,REGIONAL,38544,39,24.26,6,False,False,941,2021-09-05,2026-09-08,,PRO_PRODUCT,Regional partition (NA) of PRO_PRODUCT
PRO_SKU_MAP,SALES_OPS,CONFIG,Products,Sales Operations,BASE,96894,12,13.3,2,True,False,655,2014-07-30,2026-09-26,PRO_PRODUCT,,Configuration for SKU map
PRO_SKU_MAP_APAC,SALES_OPS,CONFIG,Products,Sales Operations,REGIONAL,17008,12,2.5,2,True,False,181,2017-05-16,2026-09-24,,PRO_SKU_MAP,Regional partition (APAC) of PRO_SKU_MAP
PRO_SKU_MAP_BKP_20170616,SALES_OPS,CONFIG,Products,Sales Operations,BACKUP,22710,12,3.34,0,False,False,0,2017-06-16,2017-06-16,,PRO_SKU_MAP,Ad-hoc backup copy of PRO_SKU_MAP taken 2017-06-16
PRO_SKU_MAP_EMEA,SALES_OPS,CONFIG,Products,Sales Operations,REGIONAL,30794,12,4.97,1,True,False,241,2016-05-09,2026-09-24,,PRO_SKU_MAP,Regional partition (EMEA) of PRO_SKU_MAP
PRO_SKU_MAP_HIST,SALES_OPS,CONFIG,Products,Sales Operations,HISTORY,722721,16,119.91,2,True,False,5392,2014-07-30,2026-09-26,,PRO_SKU_MAP,Effective-dated history / audit trail of PRO_SKU_MAP
PRO_SKU_MAP_LATAM,SALES_OPS,CONFIG,Products,Sales Operations,REGIONAL,8963,12,1.18,1,True,False,47,2016-01-10,2026-09-26,,PRO_SKU_MAP,Regional partition (LATAM) of PRO_SKU_MAP
PRO_SKU_MAP_NA,SALES_OPS,CONFIG,Products,Sales Operations,REGIONAL,53989,12,6.4,2,True,False,446,2016-11-17,2026-09-26,,PRO_SKU_MAP,Regional partition (NA) of PRO_SKU_MAP
PRO_SKU_MAP_V2,SALES_OPS,CONFIG,Products,Sales Operations,VERSIONED,58159,19,12.15,2,True,False,1817,2024-02-18,2026-09-27,,PRO_SKU_MAP,Re-modelled version of PRO_SKU_MAP (migration in progress)
TER_ACCOUNT_ALIGNMENT,SALES_OPS,DATA,Territories,Sales Planning,BASE,8510781,46,5115.07,2,True,False,73306,2013-06-23,2026-10-01,TER_TERRITORY;ACC_ACCOUNT,,Master/reference data: account alignment
TER_ACCOUNT_ALIGNMENT_BKP_20250531,SALES_OPS,DATA,Territories,Sales Planning,BACKUP,7424831,46,2493.88,0,False,False,0,2025-05-31,2025-05-31,,TER_ACCOUNT_ALIGNMENT,Ad-hoc backup copy of TER_ACCOUNT_ALIGNMENT taken 2025-05-31
TER_ACCOUNT_ALIGNMENT_HIST,SALES_OPS,DATA,Territories,Sales Planning,HISTORY,40201094,50,34487.82,5,True,False,356796,2013-06-23,2026-10-01,,TER_ACCOUNT_ALIGNMENT,Effective-dated history / audit trail of TER_ACCOUNT_ALIGNMENT
TER_COVERAGE_MODEL,SALES_OPS,CONFIG,Territories,Sales Planning,BASE,291,10,0.12,1,True,False,0,2014-02-10,2024-09-16,,,Configuration for coverage model
TER_COVERAGE_MODEL_HIST,SALES_OPS,CONFIG,Territories,Sales Planning,HISTORY,481,14,0.19,2,True,False,0,2014-02-10,2024-09-16,,TER_COVERAGE_MODEL,Effective-dated history / audit trail of TER_COVERAGE_MODEL
TER_REALIGNMENT_EVENT,SALES_OPS,TRANSACTION,Territories,Sales Planning,BASE,155727,73,287.62,13,True,False,982,2014-03-20,2026-10-06,TER_TERRITORY,,Transactional records of realignment event
TER_REALIGNMENT_EVENT_HIST,SALES_OPS,TRANSACTION,Territories,Sales Planning,HISTORY,119025,77,126.78,6,True,False,1244,2014-03-20,2026-10-06,,TER_REALIGNMENT_EVENT,Effective-dated history / audit trail of TER_REALIGNMENT_EVENT
TER_TERRITORY,SALES_OPS,DATA,Territories,Sales Planning,BASE,32871,25,15.31,6,True,False,240,2014-03-27,2026-10-05,LKP_TERRITORY_TYPE,,Master/reference data: territory
TER_TERRITORY_APAC,SALES_OPS,DATA,Territories,Sales Planning,REGIONAL,5871,25,2.3,6,True,False,0,2016-01-07,2020-01-11,,TER_TERRITORY,Regional partition (APAC) of TER_TERRITORY
TER_TERRITORY_ASSIGNMENT,SALES_OPS,DATA,Territories,Sales Planning,BASE,484200,15,109.58,5,True,False,15351,2024-02-07,2026-09-25,TER_TERRITORY,,Master/reference data: territory assignment
TER_TERRITORY_ASSIGNMENT_APAC,SALES_OPS,DATA,Territories,Sales Planning,REGIONAL,67033,15,10.75,4,True,False,2297,2024-02-07,2026-09-25,,TER_TERRITORY_ASSIGNMENT,Regional partition (APAC) of TER_TERRITORY_ASSIGNMENT
TER_TERRITORY_ASSIGNMENT_EMEA,SALES_OPS,DATA,Territories,Sales Planning,REGIONAL,138945,15,25.73,8,True,False,5974,2024-02-07,2026-09-25,,TER_TERRITORY_ASSIGNMENT,Regional partition (EMEA) of TER_TERRITORY_ASSIGNMENT
TER_TERRITORY_ASSIGNMENT_HIST,SALES_OPS,DATA,Territories,Sales Planning,HISTORY,1692419,19,502.21,6,True,False,50565,2024-02-07,2026-09-25,,TER_TERRITORY_ASSIGNMENT,Effective-dated history / audit trail of TER_TERRITORY_ASSIGNMENT
TER_TERRITORY_ASSIGNMENT_LATAM,SALES_OPS,DATA,Territories,Sales Planning,REGIONAL,37373,15,7.98,3,True,False,1165,2024-02-07,2026-09-22,,TER_TERRITORY_ASSIGNMENT,Regional partition (LATAM) of TER_TERRITORY_ASSIGNMENT
TER_TERRITORY_ASSIGNMENT_NA,SALES_OPS,DATA,Territories,Sales Planning,REGIONAL,154630,15,32.9,7,True,False,3552,2024-02-07,2026-09-25,,TER_TERRITORY_ASSIGNMENT,Regional partition (NA) of TER_TERRITORY_ASSIGNMENT
TER_TERRITORY_EMEA,SALES_OPS,DATA,Territories,Sales Planning,REGIONAL,6973,25,1.97,7,True,False,64,2017-01-11,2026-10-04,,TER_TERRITORY,Regional partition (EMEA) of TER_TERRITORY
TER_TERRITORY_HIERARCHY,SALES_OPS,DATA,Territories,Sales Planning,BASE,41104,26,16.83,6,True,False,460,2019-08-14,2026-09-27,TER_TERRITORY,,Master/reference data: territory hierarchy
TER_TERRITORY_HIERARCHY_APAC,SALES_OPS,DATA,Territories,Sales Planning,REGIONAL,5486,26,1.13,2,True,False,90,2019-08-14,2026-09-25,,TER_TERRITORY_HIERARCHY,Regional partition (APAC) of TER_TERRITORY_HIERARCHY
TER_TERRITORY_HIERARCHY_EMEA,SALES_OPS,DATA,Territories,Sales Planning,REGIONAL,9039,26,3.6,4,True,False,125,2019-08-14,2026-09-26,,TER_TERRITORY_HIERARCHY,Regional partition (EMEA) of TER_TERRITORY_HIERARCHY
TER_TERRITORY_HIERARCHY_HIST,SALES_OPS,DATA,Territories,Sales Planning,HISTORY,293820,30,127.84,3,True,False,4757,2019-08-14,2026-09-27,,TER_TERRITORY_HIERARCHY,Effective-dated history / audit trail of TER_TERRITORY_HIERARCHY
TER_TERRITORY_HIERARCHY_LATAM,SALES_OPS,DATA,Territories,Sales Planning,REGIONAL,3604,26,1.14,8,True,False,53,2019-08-14,2026-09-24,,TER_TERRITORY_HIERARCHY,Regional partition (LATAM) of TER_TERRITORY_HIERARCHY
TER_TERRITORY_HIERARCHY_NA,SALES_OPS,DATA,Territories,Sales Planning,REGIONAL,21192,26,7.73,5,True,False,285,2019-08-14,2026-09-27,,TER_TERRITORY_HIERARCHY,Regional partition (NA) of TER_TERRITORY_HIERARCHY
TER_TERRITORY_HIST,SALES_OPS,DATA,Territories,Sales Planning,HISTORY,168012,29,65.6,4,True,False,1429,2014-03-27,2026-10-05,,TER_TERRITORY,Effective-dated history / audit trail of TER_TERRITORY
TER_TERRITORY_LATAM,SALES_OPS,DATA,Territories,Sales Planning,REGIONAL,2213,25,0.82,6,True,False,19,2016-09-01,2026-10-05,,TER_TERRITORY,Regional partition (LATAM) of TER_TERRITORY
TER_TERRITORY_NA,SALES_OPS,DATA,Territories,Sales Planning,REGIONAL,19130,25,7.27,7,True,False,200,2017-05-11,2026-10-02,,TER_TERRITORY,Regional partition (NA) of TER_TERRITORY
TER_TERRITORY_QUOTA_MAP,SALES_OPS,DATA,Territories,Sales Planning,BASE,225905,60,213.73,6,True,False,1600,2013-08-11,2026-10-04,TER_TERRITORY,,Master/reference data: territory quota map
TER_TERRITORY_QUOTA_MAP_HIST,SALES_OPS,DATA,Territories,Sales Planning,HISTORY,1438907,64,1468.49,6,True,False,10180,2013-08-11,2026-10-04,,TER_TERRITORY_QUOTA_MAP,Effective-dated history / audit trail of TER_TERRITORY_QUOTA_MAP
TER_TERRITORY_QUOTA_MAP_V2,SALES_OPS,DATA,Territories,Sales Planning,VERSIONED,233506,65,134.48,4,True,False,31232,2026-01-05,2026-09-18,,TER_TERRITORY_QUOTA_MAP,Re-modelled version of TER_TERRITORY_QUOTA_MAP (migration in progress)
TER_TERRITORY_RULE,SALES_OPS,CONFIG,Territories,Sales Planning,BASE,17436,30,7.24,4,True,False,0,2019-04-22,2025-09-01,TER_TERRITORY,,Configuration for territory rule
TER_TERRITORY_RULE_APAC,SALES_OPS,CONFIG,Territories,Sales Planning,REGIONAL,3498,30,1.19,4,True,False,0,2019-04-22,2025-08-29,,TER_TERRITORY_RULE,Regional partition (APAC) of TER_TERRITORY_RULE
TER_TERRITORY_RULE_CRITERIA,SALES_OPS,CONFIG,Territories,Sales Planning,BASE,53213,9,5.04,1,True,False,273,2015-01-09,2026-08-02,TER_TERRITORY_RULE,,Configuration for territory rule criteria
TER_TERRITORY_RULE_CRITERIA_HIST,SALES_OPS,CONFIG,Territories,Sales Planning,HISTORY,306107,13,60.03,4,True,False,1915,2015-01-09,2026-08-02,,TER_TERRITORY_RULE_CRITERIA,Effective-dated history / audit trail of TER_TERRITORY_RULE_CRITERIA
TER_TERRITORY_RULE_EMEA,SALES_OPS,CONFIG,Territories,Sales Planning,REGIONAL,4990,30,2.17,3,True,False,0,2019-04-22,2025-08-31,,TER_TERRITORY_RULE,Regional partition (EMEA) of TER_TERRITORY_RULE
TER_TERRITORY_RULE_HIST,SALES_OPS,CONFIG,Territories,Sales Planning,HISTORY,139355,34,64.28,3,True,False,0,2019-04-22,2025-09-01,,TER_TERRITORY_RULE,Effective-dated history / audit trail of TER_TERRITORY_RULE
TER_TERRITORY_RULE_LATAM,SALES_OPS,CONFIG,Territories,Sales Planning,REGIONAL,1206,30,0.38,3,True,False,0,2019-04-22,2025-09-01,,TER_TERRITORY_RULE,Regional partition (LATAM) of TER_TERRITORY_RULE
TER_TERRITORY_RULE_NA,SALES_OPS,CONFIG,Territories,Sales Planning,REGIONAL,7974,30,3.16,4,True,False,0,2019-04-22,2025-09-01,,TER_TERRITORY_RULE,Regional partition (NA) of TER_TERRITORY_RULE
TER_ZIP_ALIGNMENT,SALES_OPS,DATA,Territories,Sales Operations,BASE,484708,22,216.37,8,True,False,2357,2014-11-03,2026-10-05,TER_TERRITORY;LKP_COUNTRY,,Master/reference data: zip alignment
TER_ZIP_ALIGNMENT_APAC,SALES_OPS,DATA,Territories,Sales Operations,REGIONAL,106625,22,26.87,8,True,False,1195,2016-05-08,2026-10-03,,TER_ZIP_ALIGNMENT,Regional partition (APAC) of TER_ZIP_ALIGNMENT
TER_ZIP_ALIGNMENT_EMEA,SALES_OPS,DATA,Territories,Sales Operations,REGIONAL,134792,22,23.98,2,True,False,1313,2016-06-25,2026-10-02,,TER_ZIP_ALIGNMENT,Regional partition (EMEA) of TER_ZIP_ALIGNMENT
TER_ZIP_ALIGNMENT_HIST,SALES_OPS,DATA,Territories,Sales Operations,HISTORY,846090,26,311.43,3,True,False,5970,2014-11-03,2026-10-05,,TER_ZIP_ALIGNMENT,Effective-dated history / audit trail of TER_ZIP_ALIGNMENT
TER_ZIP_ALIGNMENT_LATAM,SALES_OPS,DATA,Territories,Sales Operations,REGIONAL,36755,22,13.72,8,True,False,385,2016-07-11,2026-10-05,,TER_ZIP_ALIGNMENT,Regional partition (LATAM) of TER_ZIP_ALIGNMENT
TER_ZIP_ALIGNMENT_NA,SALES_OPS,DATA,Territories,Sales Operations,REGIONAL,198238,22,59.37,2,True,False,0,2017-02-17,2018-11-30,,TER_ZIP_ALIGNMENT,Regional partition (NA) of TER_ZIP_ALIGNMENT
TMP_ACC_CONTACT,SALES_OPS,DATA,Accounts,Sales Operations,TEMP,125280,12,10.49,0,False,False,0,2018-11-29,2018-12-01,,ACC_CONTACT,Temporary work table derived from ACC_CONTACT
TMP_ACC_OPPORTUNITY,SALES_OPS,TRANSACTION,Accounts,Sales Operations,TEMP,795,40,0.19,0,False,False,0,2025-12-05,2025-12-31,,ACC_OPPORTUNITY,Temporary work table derived from ACC_OPPORTUNITY
TMP_ACC_PARTNER_POS_SALE,SALES_OPS,TRANSACTION,Partners,Channel Operations,TEMP,1159010,34,243.08,0,False,False,1357810,2026-08-28,2026-09-04,,ACC_PARTNER_POS_SALE,Temporary work table derived from ACC_PARTNER_POS_SALE
TMP_INT_FILE_MANIFEST,SALES_OPS,SYSTEM,Integration,Integration Team,TEMP,0,10,0.06,0,False,False,0,2019-01-16,2019-01-26,,INT_FILE_MANIFEST,Temporary work table derived from INT_FILE_MANIFEST
TMP_ORD_DISCOUNT_SCHEDULE,SALES_OPS,CONFIG,Orders,Sales Operations,TEMP,0,42,0.06,0,False,False,0,2024-06-14,2024-06-21,,ORD_DISCOUNT_SCHEDULE,Temporary work table derived from ORD_DISCOUNT_SCHEDULE
TMP_ORD_ORDER_LINE,SALES_OPS,TRANSACTION,Orders,Sales Operations,TEMP,1166518,73,491.07,1,False,False,0,2023-07-13,2023-08-12,,ORD_ORDER_LINE,Temporary work table derived from ORD_ORDER_LINE
TMP_ORD_SALES_ORDER,SALES_OPS,TRANSACTION,Orders,Sales Operations,TEMP,0,103,0.06,0,False,False,0,2025-09-18,2025-09-28,,ORD_SALES_ORDER,Temporary work table derived from ORD_SALES_ORDER
TMP_PRO_PRODUCT_BUNDLE,SALES_OPS,DATA,Products,Sales Operations,TEMP,0,19,0.12,1,False,False,0,2018-09-29,2018-09-29,,PRO_PRODUCT_BUNDLE,Temporary work table derived from PRO_PRODUCT_BUNDLE
ASC_AMORTIZATION_POLICY,FINANCE_GL,CONFIG,ASC 606,Comp Accounting,BASE,212,17,0.31,4,True,False,0,2014-03-15,2025-09-28,,,Configuration for amortization policy
ASC_AMORTIZATION_POLICY_BKP_20171130,FINANCE_GL,CONFIG,ASC 606,Comp Accounting,BACKUP,58,17,0.06,0,False,False,0,2017-11-30,2017-11-30,,ASC_AMORTIZATION_POLICY,Ad-hoc backup copy of ASC_AMORTIZATION_POLICY taken 2017-11-30
ASC_AMORTIZATION_POLICY_HIST,FINANCE_GL,CONFIG,ASC 606,Comp Accounting,HISTORY,746,21,0.25,3,True,False,0,2014-03-15,2025-09-28,,ASC_AMORTIZATION_POLICY,Effective-dated history / audit trail of ASC_AMORTIZATION_POLICY
ASC_AMORTIZATION_POLICY_V2,FINANCE_GL,CONFIG,ASC 606,Comp Accounting,VERSIONED,15,15,0.25,3,True,False,0,2025-03-15,2025-04-16,,ASC_AMORTIZATION_POLICY,Re-modelled version of ASC_AMORTIZATION_POLICY (abandoned migration)
ASC_AMORTIZATION_SCHEDULE,FINANCE_GL,TRANSACTION,ASC 606,Comp Accounting,BASE,64641530,27,28547.96,9,True,True,600409,2014-07-09,2026-10-07,ASC_CAPITALIZED_COST;ASC_AMORTIZATION_POLICY,,Transactional records of amortization schedule
ASC_AMORTIZATION_SCHEDULE_APAC,FINANCE_GL,TRANSACTION,ASC 606,Comp Accounting,REGIONAL,11254402,27,3282.55,4,True,False,184413,2017-01-05,2026-10-05,,ASC_AMORTIZATION_SCHEDULE,Regional partition (APAC) of ASC_AMORTIZATION_SCHEDULE
ASC_AMORTIZATION_SCHEDULE_EMEA,FINANCE_GL,TRANSACTION,ASC 606,Comp Accounting,REGIONAL,14877311,27,3808.09,3,True,False,99972,2016-01-18,2026-10-05,,ASC_AMORTIZATION_SCHEDULE,Regional partition (EMEA) of ASC_AMORTIZATION_SCHEDULE
ASC_AMORTIZATION_SCHEDULE_HIST,FINANCE_GL,TRANSACTION,ASC 606,Comp Accounting,HISTORY,14945756,31,10812.81,13,True,False,160459,2014-07-09,2026-10-07,,ASC_AMORTIZATION_SCHEDULE,Effective-dated history / audit trail of ASC_AMORTIZATION_SCHEDULE
ASC_AMORTIZATION_SCHEDULE_LATAM,FINANCE_GL,TRANSACTION,ASC 606,Comp Accounting,REGIONAL,5753948,27,2743.44,7,True,False,0,2016-04-27,2017-09-04,,ASC_AMORTIZATION_SCHEDULE,Regional partition (LATAM) of ASC_AMORTIZATION_SCHEDULE
ASC_AMORTIZATION_SCHEDULE_NA,FINANCE_GL,TRANSACTION,ASC 606,Comp Accounting,REGIONAL,33147466,27,13397.14,8,True,False,335305,2016-04-11,2026-10-06,,ASC_AMORTIZATION_SCHEDULE,Regional partition (NA) of ASC_AMORTIZATION_SCHEDULE
ASC_CAPITALIZED_COST,FINANCE_GL,TRANSACTION,ASC 606,Comp Accounting,BASE,5125511,98,8012.7,8,True,False,59681,2014-08-23,2026-10-06,ASC_CONTRACT_COST_POOL,,Transactional records of capitalized cost
ASC_CAPITALIZED_COST_2021,FINANCE_GL,TRANSACTION,ASC 606,Comp Accounting,YEARLY,791666,98,1125.99,12,True,False,0,2020-12-29,2022-01-20,,ASC_CAPITALIZED_COST,Fiscal-year 2021 split of ASC_CAPITALIZED_COST
ASC_CAPITALIZED_COST_2022,FINANCE_GL,TRANSACTION,ASC 606,Comp Accounting,YEARLY,757703,98,609.54,4,True,False,0,2021-12-22,2023-03-18,,ASC_CAPITALIZED_COST,Fiscal-year 2022 split of ASC_CAPITALIZED_COST
ASC_CAPITALIZED_COST_2023,FINANCE_GL,TRANSACTION,ASC 606,Comp Accounting,YEARLY,814393,98,871.99,4,True,False,0,2022-12-27,2024-03-24,,ASC_CAPITALIZED_COST,Fiscal-year 2023 split of ASC_CAPITALIZED_COST
ASC_CAPITALIZED_COST_2024,FINANCE_GL,TRANSACTION,ASC 606,Comp Accounting,YEARLY,865849,98,1389.37,12,True,False,0,2023-12-18,2025-01-16,,ASC_CAPITALIZED_COST,Fiscal-year 2024 split of ASC_CAPITALIZED_COST
ASC_CAPITALIZED_COST_2025,FINANCE_GL,TRANSACTION,ASC 606,Comp Accounting,YEARLY,998820,98,1495.96,11,True,False,0,2024-12-14,2026-05-01,,ASC_CAPITALIZED_COST,Fiscal-year 2025 split of ASC_CAPITALIZED_COST
ASC_CAPITALIZED_COST_2026,FINANCE_GL,TRANSACTION,ASC 606,Comp Accounting,YEARLY,727367,98,1249.89,6,True,False,137429,2025-12-12,2026-10-06,,ASC_CAPITALIZED_COST,Fiscal-year 2026 split of ASC_CAPITALIZED_COST
ASC_CAPITALIZED_COST_HIST,FINANCE_GL,TRANSACTION,ASC 606,Comp Accounting,HISTORY,841514,102,1374.74,5,True,False,10186,2014-08-23,2026-10-06,,ASC_CAPITALIZED_COST,Effective-dated history / audit trail of ASC_CAPITALIZED_COST
ASC_CONTRACT_COST_POOL,FINANCE_GL,DATA,ASC 606,Comp Accounting,BASE,312002,25,122.95,8,True,False,1820,2014-10-28,2026-09-30,GL_LEGAL_ENTITY,,Master/reference data: contract cost pool
ASC_CONTRACT_COST_POOL_HIST,FINANCE_GL,DATA,ASC 606,Comp Accounting,HISTORY,596828,29,153.19,2,True,False,6208,2014-10-28,2026-09-30,,ASC_CONTRACT_COST_POOL,Effective-dated history / audit trail of ASC_CONTRACT_COST_POOL
ASC_DEFERRED_COMMISSION_BAL,FINANCE_GL,DATA,ASC 606,Comp Accounting,BASE,2013340,52,1909.78,6,True,False,9061,2014-03-02,2026-10-05,ASC_CAPITALIZED_COST,,Master/reference data: deferred commission balance
ASC_DEFERRED_COMMISSION_BAL_APAC,FINANCE_GL,DATA,ASC 606,Comp Accounting,REGIONAL,466741,52,356.78,3,True,False,5005,2017-02-01,2026-10-02,,ASC_DEFERRED_COMMISSION_BAL,Regional partition (APAC) of ASC_DEFERRED_COMMISSION_BAL
ASC_DEFERRED_COMMISSION_BAL_EMEA,FINANCE_GL,DATA,ASC 606,Comp Accounting,REGIONAL,587778,52,336.03,6,False,False,6558,2016-02-09,2026-10-03,,ASC_DEFERRED_COMMISSION_BAL,Regional partition (EMEA) of ASC_DEFERRED_COMMISSION_BAL
ASC_DEFERRED_COMMISSION_BAL_HIST,FINANCE_GL,DATA,ASC 606,Comp Accounting,HISTORY,13632182,56,14552.25,8,True,False,111523,2014-03-02,2026-10-05,,ASC_DEFERRED_COMMISSION_BAL,Effective-dated history / audit trail of ASC_DEFERRED_COMMISSION_BAL
ASC_DEFERRED_COMMISSION_BAL_LATAM,FINANCE_GL,DATA,ASC 606,Comp Accounting,REGIONAL,114246,52,40.3,2,True,False,880,2016-05-03,2026-10-02,,ASC_DEFERRED_COMMISSION_BAL,Regional partition (LATAM) of ASC_DEFERRED_COMMISSION_BAL
ASC_DEFERRED_COMMISSION_BAL_NA,FINANCE_GL,DATA,ASC 606,Comp Accounting,REGIONAL,678080,52,376.23,2,True,False,7190,2016-08-12,2026-10-05,,ASC_DEFERRED_COMMISSION_BAL,Regional partition (NA) of ASC_DEFERRED_COMMISSION_BAL
ASC_IMPAIRMENT_TEST,FINANCE_GL,DATA,ASC 606,Comp Accounting,BASE,15322,18,2.83,4,True,False,96,2013-07-09,2026-10-02,ASC_CONTRACT_COST_POOL,,Master/reference data: impairment test
ASC_IMPAIRMENT_TEST_APAC,FINANCE_GL,DATA,ASC 606,Comp Accounting,REGIONAL,2182,18,0.4,3,True,False,0,2017-05-15,2022-09-30,,ASC_IMPAIRMENT_TEST,Regional partition (APAC) of ASC_IMPAIRMENT_TEST
ASC_IMPAIRMENT_TEST_EMEA,FINANCE_GL,DATA,ASC 606,Comp Accounting,REGIONAL,4757,18,1.4,8,True,False,45,2016-06-19,2026-10-01,,ASC_IMPAIRMENT_TEST,Regional partition (EMEA) of ASC_IMPAIRMENT_TEST
ASC_IMPAIRMENT_TEST_HIST,FINANCE_GL,DATA,ASC 606,Comp Accounting,HISTORY,95192,22,29.31,3,True,False,898,2013-07-09,2026-10-02,,ASC_IMPAIRMENT_TEST,Effective-dated history / audit trail of ASC_IMPAIRMENT_TEST
ASC_IMPAIRMENT_TEST_LATAM,FINANCE_GL,DATA,ASC 606,Comp Accounting,REGIONAL,1558,18,0.27,2,True,False,10,2016-02-02,2026-09-29,,ASC_IMPAIRMENT_TEST,Regional partition (LATAM) of ASC_IMPAIRMENT_TEST
ASC_IMPAIRMENT_TEST_NA,FINANCE_GL,DATA,ASC 606,Comp Accounting,REGIONAL,6740,18,2.16,6,True,False,79,2017-03-26,2026-10-02,,ASC_IMPAIRMENT_TEST,Regional partition (NA) of ASC_IMPAIRMENT_TEST
BUD_COMP_BUDGET,FINANCE_GL,DATA,Budget & Forecast,FP&A,BASE,457517,75,414.87,3,True,False,2730,2014-02-10,2026-09-03,GL_COST_CENTER;BUD_SCENARIO,,Master/reference data: comp budget
BUD_COMP_BUDGET_APAC,FINANCE_GL,DATA,Budget & Forecast,FP&A,REGIONAL,0,75,0.31,4,True,False,0,2016-01-11,2026-09-03,,BUD_COMP_BUDGET,Regional partition (APAC) of BUD_COMP_BUDGET
BUD_COMP_BUDGET_EMEA,FINANCE_GL,DATA,Budget & Forecast,FP&A,REGIONAL,111020,75,97.45,5,True,False,1163,2016-05-28,2026-09-01,,BUD_COMP_BUDGET,Regional partition (EMEA) of BUD_COMP_BUDGET
BUD_COMP_BUDGET_HIST,FINANCE_GL,DATA,Budget & Forecast,FP&A,HISTORY,2709378,79,2260.38,6,True,False,22914,2014-02-10,2026-09-03,,BUD_COMP_BUDGET,Effective-dated history / audit trail of BUD_COMP_BUDGET
BUD_COMP_BUDGET_LATAM,FINANCE_GL,DATA,Budget & Forecast,FP&A,REGIONAL,46181,75,36.3,6,True,False,423,2017-03-31,2026-09-03,,BUD_COMP_BUDGET,Regional partition (LATAM) of BUD_COMP_BUDGET
BUD_COMP_BUDGET_NA,FINANCE_GL,DATA,Budget & Forecast,FP&A,REGIONAL,254111,75,364.56,8,True,False,1575,2016-10-26,2026-09-02,,BUD_COMP_BUDGET,Regional partition (NA) of BUD_COMP_BUDGET
BUD_COMP_FORECAST,FINANCE_GL,DATA,Budget & Forecast,FP&A,BASE,1326043,48,1129.8,7,True,False,10153,2013-05-22,2026-09-12,BUD_COMP_BUDGET,,Master/reference data: comp forecast
BUD_COMP_FORECAST_BKP_20180929,FINANCE_GL,DATA,Budget & Forecast,FP&A,BACKUP,484793,48,196.35,0,False,False,0,2018-09-29,2018-09-29,,BUD_COMP_FORECAST,Ad-hoc backup copy of BUD_COMP_FORECAST taken 2018-09-29
BUD_COMP_FORECAST_HIST,FINANCE_GL,DATA,Budget & Forecast,FP&A,HISTORY,3441053,52,2654.28,3,True,False,21938,2013-05-22,2026-09-12,,BUD_COMP_FORECAST,Effective-dated history / audit trail of BUD_COMP_FORECAST
BUD_SCENARIO,FINANCE_GL,CONFIG,Budget & Forecast,FP&A,BASE,57,11,0.31,4,True,False,0,2014-05-16,2026-09-24,,,Configuration for scenario
BUD_SCENARIO_APAC,FINANCE_GL,CONFIG,Budget & Forecast,FP&A,REGIONAL,8,11,0.25,3,True,False,0,2016-03-20,2026-09-24,,BUD_SCENARIO,Regional partition (APAC) of BUD_SCENARIO
BUD_SCENARIO_EMEA,FINANCE_GL,CONFIG,Budget & Forecast,FP&A,REGIONAL,20,11,0.25,3,True,False,0,2017-06-12,2026-09-22,,BUD_SCENARIO,Regional partition (EMEA) of BUD_SCENARIO
BUD_SCENARIO_HIST,FINANCE_GL,CONFIG,Budget & Forecast,FP&A,HISTORY,391,15,0.31,4,True,False,3,2014-05-16,2026-09-24,,BUD_SCENARIO,Effective-dated history / audit trail of BUD_SCENARIO
BUD_SCENARIO_LATAM,FINANCE_GL,CONFIG,Budget & Forecast,FP&A,REGIONAL,4,11,0.25,3,False,False,0,2017-05-24,2026-09-22,,BUD_SCENARIO,Regional partition (LATAM) of BUD_SCENARIO
BUD_SCENARIO_NA,FINANCE_GL,CONFIG,Budget & Forecast,FP&A,REGIONAL,20,11,0.25,3,True,False,0,2017-02-24,2026-09-21,,BUD_SCENARIO,Regional partition (NA) of BUD_SCENARIO
BUD_VARIANCE_ANALYSIS,FINANCE_GL,DATA,Budget & Forecast,Finance Systems,BASE,472026,13,80.86,6,True,False,3346,2014-10-02,2026-10-01,BUD_COMP_FORECAST,,Master/reference data: variance analysis
BUD_VARIANCE_ANALYSIS_APAC,FINANCE_GL,DATA,Budget & Forecast,Finance Systems,REGIONAL,83074,13,15.41,7,True,False,482,2016-08-15,2026-09-28,,BUD_VARIANCE_ANALYSIS,Regional partition (APAC) of BUD_VARIANCE_ANALYSIS
BUD_VARIANCE_ANALYSIS_EMEA,FINANCE_GL,DATA,Budget & Forecast,Finance Systems,REGIONAL,133872,13,25.41,8,True,False,954,2016-05-08,2026-09-30,,BUD_VARIANCE_ANALYSIS,Regional partition (EMEA) of BUD_VARIANCE_ANALYSIS
BUD_VARIANCE_ANALYSIS_HIST,FINANCE_GL,DATA,Budget & Forecast,Finance Systems,HISTORY,1822837,17,470.37,6,True,False,11450,2014-10-02,2026-10-01,,BUD_VARIANCE_ANALYSIS,Effective-dated history / audit trail of BUD_VARIANCE_ANALYSIS
BUD_VARIANCE_ANALYSIS_LATAM,FINANCE_GL,DATA,Budget & Forecast,Finance Systems,REGIONAL,44752,13,5.95,2,True,False,469,2017-03-16,2026-09-28,,BUD_VARIANCE_ANALYSIS,Regional partition (LATAM) of BUD_VARIANCE_ANALYSIS
BUD_VARIANCE_ANALYSIS_NA,FINANCE_GL,DATA,Budget & Forecast,Finance Systems,REGIONAL,165318,13,34.67,4,True,False,1585,2016-05-03,2026-10-01,,BUD_VARIANCE_ANALYSIS,Regional partition (NA) of BUD_VARIANCE_ANALYSIS
CLB_CLAWBACK,FINANCE_GL,TRANSACTION,Clawbacks,Comp Accounting,BASE,274960,84,295.99,6,True,False,2273,2013-08-06,2026-10-07,CLB_CLAWBACK_RULE;LKP_CLAWBACK_REASON,,Transactional records of clawback
CLB_CLAWBACK_APAC,FINANCE_GL,TRANSACTION,Clawbacks,Comp Accounting,REGIONAL,46872,84,53.38,10,True,False,483,2016-10-11,2026-10-05,,CLB_CLAWBACK,Regional partition (APAC) of CLB_CLAWBACK
CLB_CLAWBACK_EMEA,FINANCE_GL,TRANSACTION,Clawbacks,Comp Accounting,REGIONAL,61469,84,55.2,5,True,False,443,2016-06-06,2026-10-05,,CLB_CLAWBACK,Regional partition (EMEA) of CLB_CLAWBACK
CLB_CLAWBACK_HIST,FINANCE_GL,TRANSACTION,Clawbacks,Comp Accounting,HISTORY,144006,88,178.58,3,True,False,942,2013-08-06,2026-10-07,,CLB_CLAWBACK,Effective-dated history / audit trail of CLB_CLAWBACK
CLB_CLAWBACK_LATAM,FINANCE_GL,TRANSACTION,Clawbacks,Comp Accounting,REGIONAL,17553,84,28.32,8,True,False,184,2016-10-06,2026-10-05,,CLB_CLAWBACK,Regional partition (LATAM) of CLB_CLAWBACK
CLB_CLAWBACK_NA,FINANCE_GL,TRANSACTION,Clawbacks,Comp Accounting,REGIONAL,124298,84,260.27,11,True,False,1425,2016-12-13,2026-10-04,,CLB_CLAWBACK,Regional partition (NA) of CLB_CLAWBACK
CLB_CLAWBACK_RULE,FINANCE_GL,CONFIG,Clawbacks,Comp Operations,BASE,290,41,0.31,4,True,False,0,2019-05-18,2026-04-23,,,Configuration for clawback rule
CLB_CLAWBACK_RULE_APAC,FINANCE_GL,CONFIG,Clawbacks,Comp Operations,REGIONAL,42,41,0.12,1,True,False,0,2019-05-18,2026-04-23,,CLB_CLAWBACK_RULE,Regional partition (APAC) of CLB_CLAWBACK_RULE
CLB_CLAWBACK_RULE_EMEA,FINANCE_GL,CONFIG,Clawbacks,Comp Operations,REGIONAL,66,41,0.19,2,True,False,0,2019-05-18,2026-04-23,,CLB_CLAWBACK_RULE,Regional partition (EMEA) of CLB_CLAWBACK_RULE
CLB_CLAWBACK_RULE_HIST,FINANCE_GL,CONFIG,Clawbacks,Comp Operations,HISTORY,886,45,0.43,1,True,False,0,2019-05-18,2026-04-23,,CLB_CLAWBACK_RULE,Effective-dated history / audit trail of CLB_CLAWBACK_RULE
CLB_CLAWBACK_RULE_LATAM,FINANCE_GL,CONFIG,Clawbacks,Comp Operations,REGIONAL,22,41,0.12,1,True,False,0,2019-05-18,2026-04-20,,CLB_CLAWBACK_RULE,Regional partition (LATAM) of CLB_CLAWBACK_RULE
CLB_CLAWBACK_RULE_NA,FINANCE_GL,CONFIG,Clawbacks,Comp Operations,REGIONAL,101,41,0.12,1,True,False,0,2019-05-18,2021-05-08,,CLB_CLAWBACK_RULE,Regional partition (NA) of CLB_CLAWBACK_RULE
CLB_CLAWBACK_SCHEDULE,FINANCE_GL,DATA,Clawbacks,Comp Accounting,BASE,815870,23,265.8,4,True,False,4392,2014-09-29,2026-10-05,CLB_CLAWBACK,,Master/reference data: clawback schedule
CLB_CLAWBACK_SCHEDULE_APAC,FINANCE_GL,DATA,Clawbacks,Comp Accounting,REGIONAL,0,23,0.25,3,True,False,0,2016-07-27,2026-10-03,,CLB_CLAWBACK_SCHEDULE,Regional partition (APAC) of CLB_CLAWBACK_SCHEDULE
CLB_CLAWBACK_SCHEDULE_EMEA,FINANCE_GL,DATA,Clawbacks,Comp Accounting,REGIONAL,258017,23,117.82,7,True,False,2599,2016-06-13,2026-10-03,,CLB_CLAWBACK_SCHEDULE,Regional partition (EMEA) of CLB_CLAWBACK_SCHEDULE
CLB_CLAWBACK_SCHEDULE_HIST,FINANCE_GL,DATA,Clawbacks,Comp Accounting,HISTORY,5084532,27,1362.21,2,True,False,29735,2014-09-29,2026-10-05,,CLB_CLAWBACK_SCHEDULE,Effective-dated history / audit trail of CLB_CLAWBACK_SCHEDULE
CLB_CLAWBACK_SCHEDULE_LATAM,FINANCE_GL,DATA,Clawbacks,Comp Accounting,REGIONAL,64443,23,19.82,8,True,False,434,2016-09-06,2026-10-05,,CLB_CLAWBACK_SCHEDULE,Regional partition (LATAM) of CLB_CLAWBACK_SCHEDULE
CLB_CLAWBACK_SCHEDULE_NA,FINANCE_GL,DATA,Clawbacks,Comp Accounting,REGIONAL,452844,23,145.31,3,True,False,5287,2016-08-08,2026-10-04,,CLB_CLAWBACK_SCHEDULE,Regional partition (NA) of CLB_CLAWBACK_SCHEDULE
CLB_RECOVERY_BALANCE,FINANCE_GL,DATA,Clawbacks,Comp Operations,BASE,295642,55,179.72,6,True,False,1749,2015-02-04,2026-09-28,CLB_CLAWBACK,,Master/reference data: recovery balance
CLB_RECOVERY_BALANCE_APAC,FINANCE_GL,DATA,Clawbacks,Comp Operations,REGIONAL,65789,55,41.9,7,True,False,639,2016-12-13,2026-09-26,,CLB_RECOVERY_BALANCE,Regional partition (APAC) of CLB_RECOVERY_BALANCE
CLB_RECOVERY_BALANCE_EMEA,FINANCE_GL,DATA,Clawbacks,Comp Operations,REGIONAL,76681,55,34.13,3,True,False,760,2016-05-08,2026-09-25,,CLB_RECOVERY_BALANCE,Regional partition (EMEA) of CLB_RECOVERY_BALANCE
CLB_RECOVERY_BALANCE_HIST,FINANCE_GL,DATA,Clawbacks,Comp Operations,HISTORY,1664448,59,1288.66,5,True,False,11875,2015-02-04,2026-09-28,,CLB_RECOVERY_BALANCE,Effective-dated history / audit trail of CLB_RECOVERY_BALANCE
CLB_RECOVERY_BALANCE_LATAM,FINANCE_GL,DATA,Clawbacks,Comp Operations,REGIONAL,16935,55,15.8,6,True,False,155,2017-04-17,2026-09-25,,CLB_RECOVERY_BALANCE,Regional partition (LATAM) of CLB_RECOVERY_BALANCE
CLB_RECOVERY_BALANCE_NA,FINANCE_GL,DATA,Clawbacks,Comp Operations,REGIONAL,154067,55,91.05,3,True,False,1354,2016-07-03,2026-09-28,,CLB_RECOVERY_BALANCE,Regional partition (NA) of CLB_RECOVERY_BALANCE
CLB_WRITE_OFF,FINANCE_GL,TRANSACTION,Clawbacks,Comp Accounting,BASE,45086,51,37.14,6,True,False,542,2014-11-12,2026-10-06,CLB_RECOVERY_BALANCE,,Transactional records of write off
CLB_WRITE_OFF_2018,FINANCE_GL,TRANSACTION,Clawbacks,Comp Accounting,YEARLY,4803,51,3.49,5,True,False,0,2017-12-29,2019-01-24,,CLB_WRITE_OFF,Fiscal-year 2018 split of CLB_WRITE_OFF
CLB_WRITE_OFF_2019,FINANCE_GL,TRANSACTION,Clawbacks,Comp Accounting,YEARLY,5075,51,3.53,3,True,False,0,2018-12-13,2020-03-29,,CLB_WRITE_OFF,Fiscal-year 2019 split of CLB_WRITE_OFF
CLB_WRITE_OFF_2020,FINANCE_GL,TRANSACTION,Clawbacks,Comp Accounting,YEARLY,5384,51,3.88,4,True,False,0,2019-12-31,2021-01-23,,CLB_WRITE_OFF,Fiscal-year 2020 split of CLB_WRITE_OFF
CLB_WRITE_OFF_2021,FINANCE_GL,TRANSACTION,Clawbacks,Comp Accounting,YEARLY,5194,51,3.79,11,True,False,0,2020-12-16,2022-03-15,,CLB_WRITE_OFF,Fiscal-year 2021 split of CLB_WRITE_OFF
CLB_WRITE_OFF_2022,FINANCE_GL,TRANSACTION,Clawbacks,Comp Accounting,YEARLY,6961,51,5.99,14,True,False,0,2021-12-29,2023-04-05,,CLB_WRITE_OFF,Fiscal-year 2022 split of CLB_WRITE_OFF
CLB_WRITE_OFF_2023,FINANCE_GL,TRANSACTION,Clawbacks,Comp Accounting,YEARLY,7178,51,5.18,7,True,False,0,2022-12-30,2024-01-31,,CLB_WRITE_OFF,Fiscal-year 2023 split of CLB_WRITE_OFF
CLB_WRITE_OFF_2024,FINANCE_GL,TRANSACTION,Clawbacks,Comp Accounting,YEARLY,8294,51,5.35,3,True,False,0,2023-12-14,2025-02-13,,CLB_WRITE_OFF,Fiscal-year 2024 split of CLB_WRITE_OFF
CLB_WRITE_OFF_2025,FINANCE_GL,TRANSACTION,Clawbacks,Comp Accounting,YEARLY,9678,51,6.29,8,True,False,0,2024-12-17,2026-04-15,,CLB_WRITE_OFF,Fiscal-year 2025 split of CLB_WRITE_OFF
CLB_WRITE_OFF_2026,FINANCE_GL,TRANSACTION,Clawbacks,Comp Accounting,YEARLY,7121,51,9.66,13,True,False,774,2025-12-29,2026-10-07,,CLB_WRITE_OFF,Fiscal-year 2026 split of CLB_WRITE_OFF
CLB_WRITE_OFF_APAC,FINANCE_GL,TRANSACTION,Clawbacks,Comp Accounting,REGIONAL,9266,51,10.26,14,True,False,122,2016-07-08,2026-10-05,,CLB_WRITE_OFF,Regional partition (APAC) of CLB_WRITE_OFF
CLB_WRITE_OFF_EMEA,FINANCE_GL,TRANSACTION,Clawbacks,Comp Accounting,REGIONAL,0,51,0.75,11,True,False,0,2017-02-28,2026-10-05,,CLB_WRITE_OFF,Regional partition (EMEA) of CLB_WRITE_OFF
CLB_WRITE_OFF_HIST,FINANCE_GL,TRANSACTION,Clawbacks,Comp Accounting,HISTORY,43211,55,63.0,14,True,False,510,2014-11-12,2026-10-06,,CLB_WRITE_OFF,Effective-dated history / audit trail of CLB_WRITE_OFF
CLB_WRITE_OFF_LATAM,FINANCE_GL,TRANSACTION,Clawbacks,Comp Accounting,REGIONAL,3508,51,2.16,4,True,False,49,2017-01-25,2026-10-06,,CLB_WRITE_OFF,Regional partition (LATAM) of CLB_WRITE_OFF
CLB_WRITE_OFF_NA,FINANCE_GL,TRANSACTION,Clawbacks,Comp Accounting,REGIONAL,22057,51,8.36,3,True,False,318,2016-09-24,2026-10-03,,CLB_WRITE_OFF,Regional partition (NA) of CLB_WRITE_OFF
FIN_ACCRUAL,FINANCE_GL,TRANSACTION,Accruals,Finance Systems,BASE,5685793,18,2036.07,14,True,False,58762,2014-06-14,2026-10-07,PRD_PERIOD;GL_COST_CENTER,,Transactional records of accrual
FIN_ACCRUAL_APAC,FINANCE_GL,TRANSACTION,Accruals,Finance Systems,REGIONAL,972148,18,297.35,7,True,False,10197,2016-08-03,2026-10-06,,FIN_ACCRUAL,Regional partition (APAC) of FIN_ACCRUAL
FIN_ACCRUAL_DETAIL,FINANCE_GL,TRANSACTION,Accruals,Finance Systems,BASE,72606372,85,128151.86,10,True,True,910051,2016-04-03,2026-10-06,FIN_ACCRUAL;CAL_EARNING,,Transactional records of accrual detail
FIN_ACCRUAL_DETAIL_APAC,FINANCE_GL,TRANSACTION,Accruals,Finance Systems,REGIONAL,10120140,85,9470.82,4,True,False,111259,2017-02-05,2026-10-05,,FIN_ACCRUAL_DETAIL,Regional partition (APAC) of FIN_ACCRUAL_DETAIL
FIN_ACCRUAL_DETAIL_EMEA,FINANCE_GL,TRANSACTION,Accruals,Finance Systems,REGIONAL,15916854,85,25952.64,11,True,False,170268,2016-09-08,2026-10-03,,FIN_ACCRUAL_DETAIL,Regional partition (EMEA) of FIN_ACCRUAL_DETAIL
FIN_ACCRUAL_DETAIL_HIST,FINANCE_GL,TRANSACTION,Accruals,Finance Systems,HISTORY,28331504,89,30627.5,8,True,False,215388,2016-04-03,2026-10-06,,FIN_ACCRUAL_DETAIL,Effective-dated history / audit trail of FIN_ACCRUAL_DETAIL
FIN_ACCRUAL_DETAIL_LATAM,FINANCE_GL,TRANSACTION,Accruals,Finance Systems,REGIONAL,6499752,85,5771.35,7,True,False,0,2017-04-09,2017-08-25,,FIN_ACCRUAL_DETAIL,Regional partition (LATAM) of FIN_ACCRUAL_DETAIL
FIN_ACCRUAL_DETAIL_NA,FINANCE_GL,TRANSACTION,Accruals,Finance Systems,REGIONAL,42285259,85,46576.66,9,True,False,289009,2016-05-06,2026-10-04,,FIN_ACCRUAL_DETAIL,Regional partition (NA) of FIN_ACCRUAL_DETAIL
FIN_ACCRUAL_EMEA,FINANCE_GL,TRANSACTION,Accruals,Finance Systems,REGIONAL,2006167,18,433.65,7,True,False,28874,2016-08-21,2026-10-05,,FIN_ACCRUAL,Regional partition (EMEA) of FIN_ACCRUAL
FIN_ACCRUAL_ESTIMATE,FINANCE_GL,DATA,Accruals,Comp Accounting,BASE,428869,34,215.76,3,True,False,4496,2015-01-19,2026-09-24,FIN_ACCRUAL_RULE,,Master/reference data: accrual estimate
FIN_ACCRUAL_ESTIMATE_APAC,FINANCE_GL,DATA,Accruals,Comp Accounting,REGIONAL,89474,34,46.79,5,True,False,550,2016-09-16,2026-09-22,,FIN_ACCRUAL_ESTIMATE,Regional partition (APAC) of FIN_ACCRUAL_ESTIMATE
FIN_ACCRUAL_ESTIMATE_EMEA,FINANCE_GL,DATA,Accruals,Comp Accounting,REGIONAL,86725,34,42.51,4,True,False,1070,2017-02-13,2026-09-21,,FIN_ACCRUAL_ESTIMATE,Regional partition (EMEA) of FIN_ACCRUAL_ESTIMATE
FIN_ACCRUAL_ESTIMATE_HIST,FINANCE_GL,DATA,Accruals,Comp Accounting,HISTORY,2305661,38,1287.53,3,True,False,22009,2015-01-19,2026-09-24,,FIN_ACCRUAL_ESTIMATE,Effective-dated history / audit trail of FIN_ACCRUAL_ESTIMATE
FIN_ACCRUAL_ESTIMATE_LATAM,FINANCE_GL,DATA,Accruals,Comp Accounting,REGIONAL,43785,34,21.46,7,True,False,531,2017-04-23,2026-09-23,,FIN_ACCRUAL_ESTIMATE,Regional partition (LATAM) of FIN_ACCRUAL_ESTIMATE
FIN_ACCRUAL_ESTIMATE_NA,FINANCE_GL,DATA,Accruals,Comp Accounting,REGIONAL,227914,34,133.75,7,True,False,2050,2017-03-25,2026-09-21,,FIN_ACCRUAL_ESTIMATE,Regional partition (NA) of FIN_ACCRUAL_ESTIMATE
FIN_ACCRUAL_HIST,FINANCE_GL,TRANSACTION,Accruals,Finance Systems,HISTORY,3239431,22,1944.24,13,True,False,19126,2014-06-14,2026-10-07,,FIN_ACCRUAL,Effective-dated history / audit trail of FIN_ACCRUAL
FIN_ACCRUAL_LATAM,FINANCE_GL,TRANSACTION,Accruals,Finance Systems,REGIONAL,445263,18,156.11,6,True,False,5872,2017-02-20,2026-10-07,,FIN_ACCRUAL,Regional partition (LATAM) of FIN_ACCRUAL
FIN_ACCRUAL_NA,FINANCE_GL,TRANSACTION,Accruals,Finance Systems,REGIONAL,2082916,18,366.81,4,True,False,15923,2016-07-31,2026-10-04,,FIN_ACCRUAL,Regional partition (NA) of FIN_ACCRUAL
FIN_ACCRUAL_REVERSAL,FINANCE_GL,TRANSACTION,Accruals,Finance Systems,BASE,2720213,23,993.53,11,True,False,19976,2014-07-26,2026-10-04,FIN_ACCRUAL,,Transactional records of accrual reversal
FIN_ACCRUAL_REVERSAL_2021,FINANCE_GL,TRANSACTION,Accruals,Finance Systems,YEARLY,331687,23,145.57,13,True,False,0,2020-12-16,2022-04-07,,FIN_ACCRUAL_REVERSAL,Fiscal-year 2021 split of FIN_ACCRUAL_REVERSAL
FIN_ACCRUAL_REVERSAL_2022,FINANCE_GL,TRANSACTION,Accruals,Finance Systems,YEARLY,325220,23,207.2,12,True,False,0,2021-12-20,2023-01-14,,FIN_ACCRUAL_REVERSAL,Fiscal-year 2022 split of FIN_ACCRUAL_REVERSAL
FIN_ACCRUAL_REVERSAL_2023,FINANCE_GL,TRANSACTION,Accruals,Finance Systems,YEARLY,365326,23,136.68,9,True,False,0,2022-12-15,2024-03-06,,FIN_ACCRUAL_REVERSAL,Fiscal-year 2023 split of FIN_ACCRUAL_REVERSAL
FIN_ACCRUAL_REVERSAL_2024,FINANCE_GL,TRANSACTION,Accruals,Finance Systems,YEARLY,391255,23,128.03,3,True,False,0,2023-12-30,2025-03-25,,FIN_ACCRUAL_REVERSAL,Fiscal-year 2024 split of FIN_ACCRUAL_REVERSAL
FIN_ACCRUAL_REVERSAL_2025,FINANCE_GL,TRANSACTION,Accruals,Finance Systems,YEARLY,535638,23,252.84,7,True,False,0,2024-12-18,2026-04-15,,FIN_ACCRUAL_REVERSAL,Fiscal-year 2025 split of FIN_ACCRUAL_REVERSAL
FIN_ACCRUAL_REVERSAL_2026,FINANCE_GL,TRANSACTION,Accruals,Finance Systems,YEARLY,401847,23,121.4,9,True,False,51094,2025-12-22,2026-10-05,,FIN_ACCRUAL_REVERSAL,Fiscal-year 2026 split of FIN_ACCRUAL_REVERSAL
FIN_ACCRUAL_REVERSAL_BKP_20240420,FINANCE_GL,TRANSACTION,Accruals,Finance Systems,BACKUP,1954621,23,314.09,0,False,False,0,2024-04-20,2024-04-20,,FIN_ACCRUAL_REVERSAL,Ad-hoc backup copy of FIN_ACCRUAL_REVERSAL taken 2024-04-20
FIN_ACCRUAL_REVERSAL_HIST,FINANCE_GL,TRANSACTION,Accruals,Finance Systems,HISTORY,2172658,27,1626.3,14,True,False,25709,2014-07-26,2026-10-04,,FIN_ACCRUAL_REVERSAL,Effective-dated history / audit trail of FIN_ACCRUAL_REVERSAL
FIN_ACCRUAL_RULE,FINANCE_GL,CONFIG,Accruals,Finance Systems,BASE,823,14,0.25,3,True,False,0,2015-04-21,2026-05-29,LKP_ACCRUAL_TYPE,,Configuration for accrual rule
FIN_ACCRUAL_RULE_HIST,FINANCE_GL,CONFIG,Accruals,Finance Systems,HISTORY,1493,18,0.39,2,True,False,0,2015-04-21,2026-05-29,,FIN_ACCRUAL_RULE,Effective-dated history / audit trail of FIN_ACCRUAL_RULE
FIN_ACCRUAL_RULE_V2,FINANCE_GL,CONFIG,Accruals,Finance Systems,VERSIONED,97,13,0.12,1,True,False,0,2025-06-11,2025-09-04,,FIN_ACCRUAL_RULE,Re-modelled version of FIN_ACCRUAL_RULE (abandoned migration)
FIN_PERIOD_CLOSE_CHECKLIST,FINANCE_GL,CONFIG,Controls & SOX,Internal Controls,BASE,523,22,0.31,4,True,False,7,2021-12-25,2026-07-24,,,Configuration for period close checklist
FIN_PERIOD_CLOSE_CHECKLIST_APAC,FINANCE_GL,CONFIG,Controls & SOX,Internal Controls,REGIONAL,126,22,0.31,4,True,False,2,2021-12-25,2026-07-24,,FIN_PERIOD_CLOSE_CHECKLIST,Regional partition (APAC) of FIN_PERIOD_CLOSE_CHECKLIST
FIN_PERIOD_CLOSE_CHECKLIST_BKP_20230728,FINANCE_GL,CONFIG,Controls & SOX,Internal Controls,BACKUP,172,22,0.06,0,False,False,0,2023-07-28,2023-07-28,,FIN_PERIOD_CLOSE_CHECKLIST,Ad-hoc backup copy of FIN_PERIOD_CLOSE_CHECKLIST taken 2023-07-28
FIN_PERIOD_CLOSE_CHECKLIST_EMEA,FINANCE_GL,CONFIG,Controls & SOX,Internal Controls,REGIONAL,168,22,0.25,3,True,False,2,2021-12-25,2026-07-24,,FIN_PERIOD_CLOSE_CHECKLIST,Regional partition (EMEA) of FIN_PERIOD_CLOSE_CHECKLIST
FIN_PERIOD_CLOSE_CHECKLIST_HIST,FINANCE_GL,CONFIG,Controls & SOX,Internal Controls,HISTORY,3864,26,1.33,2,False,False,74,2021-12-25,2026-07-24,,FIN_PERIOD_CLOSE_CHECKLIST,Effective-dated history / audit trail of FIN_PERIOD_CLOSE_CHECKLIST
FIN_PERIOD_CLOSE_CHECKLIST_LATAM,FINANCE_GL,CONFIG,Controls & SOX,Internal Controls,REGIONAL,44,22,0.31,4,True,False,1,2021-12-25,2026-07-24,,FIN_PERIOD_CLOSE_CHECKLIST,Regional partition (LATAM) of FIN_PERIOD_CLOSE_CHECKLIST
FIN_PERIOD_CLOSE_CHECKLIST_NA,FINANCE_GL,CONFIG,Controls & SOX,Internal Controls,REGIONAL,182,22,0.31,4,True,False,2,2021-12-25,2026-07-21,,FIN_PERIOD_CLOSE_CHECKLIST,Regional partition (NA) of FIN_PERIOD_CLOSE_CHECKLIST
FIN_RECON_RESULT,FINANCE_GL,DATA,Controls & SOX,Internal Controls,BASE,1394010,15,346.45,6,True,False,14040,2015-04-13,2026-10-04,FIN_SOX_CONTROL,,Master/reference data: reconciliation result
FIN_RECON_RESULT_APAC,FINANCE_GL,DATA,Controls & SOX,Internal Controls,REGIONAL,302387,15,56.8,6,True,False,3651,2016-12-12,2026-10-04,,FIN_RECON_RESULT,Regional partition (APAC) of FIN_RECON_RESULT
FIN_RECON_RESULT_EMEA,FINANCE_GL,DATA,Controls & SOX,Internal Controls,REGIONAL,459562,15,73.21,5,True,False,5227,2016-11-05,2026-10-02,,FIN_RECON_RESULT,Regional partition (EMEA) of FIN_RECON_RESULT
FIN_RECON_RESULT_HIST,FINANCE_GL,DATA,Controls & SOX,Internal Controls,HISTORY,8771672,19,2987.92,6,True,False,43256,2015-04-13,2026-10-04,,FIN_RECON_RESULT,Effective-dated history / audit trail of FIN_RECON_RESULT
FIN_RECON_RESULT_LATAM,FINANCE_GL,DATA,Controls & SOX,Internal Controls,REGIONAL,90879,15,24.96,6,True,False,814,2016-11-06,2026-10-03,,FIN_RECON_RESULT,Regional partition (LATAM) of FIN_RECON_RESULT
FIN_RECON_RESULT_NA,FINANCE_GL,DATA,Controls & SOX,Internal Controls,REGIONAL,706874,15,207.4,6,True,False,8443,2016-09-21,2026-10-02,,FIN_RECON_RESULT,Regional partition (NA) of FIN_RECON_RESULT
FIN_SOX_CONTROL,FINANCE_GL,CONFIG,Controls & SOX,Internal Controls,BASE,170,28,0.12,1,True,False,1,2014-12-19,2026-09-07,,,Configuration for SOX control
FIN_SOX_CONTROL_APAC,FINANCE_GL,CONFIG,Controls & SOX,Internal Controls,REGIONAL,29,28,0.25,3,True,False,0,2016-09-24,2026-09-05,,FIN_SOX_CONTROL,Regional partition (APAC) of FIN_SOX_CONTROL
FIN_SOX_CONTROL_BKP_20190615,FINANCE_GL,CONFIG,Controls & SOX,Internal Controls,BACKUP,60,28,0.06,0,False,False,0,2019-06-15,2019-06-15,,FIN_SOX_CONTROL,Ad-hoc backup copy of FIN_SOX_CONTROL taken 2019-06-15
FIN_SOX_CONTROL_BKP_20190827,FINANCE_GL,CONFIG,Controls & SOX,Internal Controls,BACKUP,66,28,0.06,0,False,False,0,2019-08-27,2019-08-27,,FIN_SOX_CONTROL,Ad-hoc backup copy of FIN_SOX_CONTROL taken 2019-08-27
FIN_SOX_CONTROL_EMEA,FINANCE_GL,CONFIG,Controls & SOX,Internal Controls,REGIONAL,60,28,0.19,2,True,False,1,2017-06-20,2026-09-06,,FIN_SOX_CONTROL,Regional partition (EMEA) of FIN_SOX_CONTROL
FIN_SOX_CONTROL_HIST,FINANCE_GL,CONFIG,Controls & SOX,Internal Controls,HISTORY,781,32,0.35,3,True,False,5,2014-12-19,2026-09-07,,FIN_SOX_CONTROL,Effective-dated history / audit trail of FIN_SOX_CONTROL
FIN_SOX_CONTROL_LATAM,FINANCE_GL,CONFIG,Controls & SOX,Internal Controls,REGIONAL,14,28,0.31,4,True,False,0,2016-11-06,2026-09-06,,FIN_SOX_CONTROL,Regional partition (LATAM) of FIN_SOX_CONTROL
FIN_SOX_CONTROL_NA,FINANCE_GL,CONFIG,Controls & SOX,Internal Controls,REGIONAL,78,28,0.25,3,True,False,0,2016-11-04,2026-09-05,,FIN_SOX_CONTROL,Regional partition (NA) of FIN_SOX_CONTROL
FIN_SOX_EVIDENCE,FINANCE_GL,DATA,Controls & SOX,Internal Controls,BASE,92434,50,43.91,3,True,False,479,2015-03-27,2026-10-07,FIN_SOX_CONTROL,,Master/reference data: SOX evidence
FIN_SOX_EVIDENCE_HIST,FINANCE_GL,DATA,Controls & SOX,Internal Controls,HISTORY,450434,54,348.85,6,True,False,2151,2015-03-27,2026-10-07,,FIN_SOX_EVIDENCE,Effective-dated history / audit trail of FIN_SOX_EVIDENCE
FX_CONVERSION_POLICY,FINANCE_GL,CONFIG,FX,Treasury Systems,BASE,90,31,0.12,1,True,False,0,2014-03-14,2026-09-22,LKP_FX_RATE_TYPE,,Configuration for conversion policy
FX_CONVERSION_POLICY_APAC,FINANCE_GL,CONFIG,FX,Treasury Systems,REGIONAL,18,31,0.25,3,True,False,0,2017-02-16,2026-09-19,,FX_CONVERSION_POLICY,Regional partition (APAC) of FX_CONVERSION_POLICY
FX_CONVERSION_POLICY_BKP_20210819,FINANCE_GL,CONFIG,FX,Treasury Systems,BACKUP,52,31,0.06,0,False,False,0,2021-08-19,2021-08-19,,FX_CONVERSION_POLICY,Ad-hoc backup copy of FX_CONVERSION_POLICY taken 2021-08-19
FX_CONVERSION_POLICY_BKP_20220607,FINANCE_GL,CONFIG,FX,Treasury Systems,BACKUP,53,31,0.06,0,False,False,0,2022-06-07,2022-06-07,,FX_CONVERSION_POLICY,Ad-hoc backup copy of FX_CONVERSION_POLICY taken 2022-06-07
FX_CONVERSION_POLICY_EMEA,FINANCE_GL,CONFIG,FX,Treasury Systems,REGIONAL,26,31,0.31,4,True,False,0,2016-07-03,2026-09-20,,FX_CONVERSION_POLICY,Regional partition (EMEA) of FX_CONVERSION_POLICY
FX_CONVERSION_POLICY_HIST,FINANCE_GL,CONFIG,FX,Treasury Systems,HISTORY,476,35,0.31,4,True,False,3,2014-03-14,2026-09-22,,FX_CONVERSION_POLICY,Effective-dated history / audit trail of FX_CONVERSION_POLICY
FX_CONVERSION_POLICY_LATAM,FINANCE_GL,CONFIG,FX,Treasury Systems,REGIONAL,9,31,0.12,1,True,False,0,2016-03-17,2026-09-20,,FX_CONVERSION_POLICY,Regional partition (LATAM) of FX_CONVERSION_POLICY
FX_CONVERSION_POLICY_NA,FINANCE_GL,CONFIG,FX,Treasury Systems,REGIONAL,38,31,0.19,2,True,False,0,2017-06-11,2026-09-19,,FX_CONVERSION_POLICY,Regional partition (NA) of FX_CONVERSION_POLICY
FX_DAILY_RATE,FINANCE_GL,DATA,FX,Finance Systems,BASE,99364,47,79.16,5,True,False,874,2015-05-23,2026-09-26,LKP_FX_RATE_TYPE,,Master/reference data: daily rate
FX_DAILY_RATE_APAC,FINANCE_GL,DATA,FX,Finance Systems,REGIONAL,17332,47,9.32,7,True,False,99,2016-10-20,2026-09-23,,FX_DAILY_RATE,Regional partition (APAC) of FX_DAILY_RATE
FX_DAILY_RATE_EMEA,FINANCE_GL,DATA,FX,Finance Systems,REGIONAL,19495,47,10.13,5,True,False,236,2016-08-17,2026-09-26,,FX_DAILY_RATE,Regional partition (EMEA) of FX_DAILY_RATE
FX_DAILY_RATE_HIST,FINANCE_GL,DATA,FX,Finance Systems,HISTORY,491108,51,436.91,8,True,False,3405,2015-05-23,2026-09-26,,FX_DAILY_RATE,Effective-dated history / audit trail of FX_DAILY_RATE
FX_DAILY_RATE_LATAM,FINANCE_GL,DATA,FX,Finance Systems,REGIONAL,7619,47,5.78,4,True,False,76,2016-07-21,2026-09-26,,FX_DAILY_RATE,Regional partition (LATAM) of FX_DAILY_RATE
FX_DAILY_RATE_NA,FINANCE_GL,DATA,FX,Finance Systems,REGIONAL,44730,47,17.21,3,True,False,613,2017-05-30,2026-09-25,,FX_DAILY_RATE,Regional partition (NA) of FX_DAILY_RATE
FX_REVALUATION,FINANCE_GL,TRANSACTION,FX,Treasury Systems,BASE,1814274,109,2676.96,3,True,False,13927,2013-08-19,2026-10-07,FX_DAILY_RATE,,Transactional records of revaluation
FX_REVALUATION_2019,FINANCE_GL,TRANSACTION,FX,Treasury Systems,YEARLY,233672,109,356.71,5,True,False,0,2018-12-12,2020-02-25,,FX_REVALUATION,Fiscal-year 2019 split of FX_REVALUATION
FX_REVALUATION_2020,FINANCE_GL,TRANSACTION,FX,Treasury Systems,YEARLY,242941,109,301.15,3,True,False,0,2019-12-24,2021-04-10,,FX_REVALUATION,Fiscal-year 2020 split of FX_REVALUATION
FX_REVALUATION_2021,FINANCE_GL,TRANSACTION,FX,Treasury Systems,YEARLY,235567,109,239.83,7,True,False,0,2020-12-26,2022-01-13,,FX_REVALUATION,Fiscal-year 2021 split of FX_REVALUATION
FX_REVALUATION_2022,FINANCE_GL,TRANSACTION,FX,Treasury Systems,YEARLY,214186,109,318.39,4,True,False,0,2021-12-25,2023-01-25,,FX_REVALUATION,Fiscal-year 2022 split of FX_REVALUATION
FX_REVALUATION_2023,FINANCE_GL,TRANSACTION,FX,Treasury Systems,YEARLY,313698,109,710.1,12,True,False,0,2022-12-19,2024-01-27,,FX_REVALUATION,Fiscal-year 2023 split of FX_REVALUATION
FX_REVALUATION_2024,FINANCE_GL,TRANSACTION,FX,Treasury Systems,YEARLY,283533,109,710.57,14,True,False,0,2023-12-28,2025-03-15,,FX_REVALUATION,Fiscal-year 2024 split of FX_REVALUATION
FX_REVALUATION_2025,FINANCE_GL,TRANSACTION,FX,Treasury Systems,YEARLY,389873,109,356.08,5,True,False,0,2024-12-12,2026-02-17,,FX_REVALUATION,Fiscal-year 2025 split of FX_REVALUATION
FX_REVALUATION_2026,FINANCE_GL,TRANSACTION,FX,Treasury Systems,YEARLY,258668,109,395.5,11,True,False,22887,2025-12-17,2026-10-07,,FX_REVALUATION,Fiscal-year 2026 split of FX_REVALUATION
FX_REVALUATION_APAC,FINANCE_GL,TRANSACTION,FX,Treasury Systems,REGIONAL,284891,109,621.62,14,True,False,0,2017-01-16,2019-09-05,,FX_REVALUATION,Regional partition (APAC) of FX_REVALUATION
FX_REVALUATION_BKP_20260604,FINANCE_GL,TRANSACTION,FX,Treasury Systems,BACKUP,1748550,109,1990.0,0,False,False,0,2026-06-04,2026-06-04,,FX_REVALUATION,Ad-hoc backup copy of FX_REVALUATION taken 2026-06-04
FX_REVALUATION_EMEA,FINANCE_GL,TRANSACTION,FX,Treasury Systems,REGIONAL,396589,109,570.88,13,True,False,4090,2017-02-02,2026-10-04,,FX_REVALUATION,Regional partition (EMEA) of FX_REVALUATION
FX_REVALUATION_HIST,FINANCE_GL,TRANSACTION,FX,Treasury Systems,HISTORY,1781174,113,4657.17,14,True,False,19021,2013-08-19,2026-10-07,,FX_REVALUATION,Effective-dated history / audit trail of FX_REVALUATION
FX_REVALUATION_LATAM,FINANCE_GL,TRANSACTION,FX,Treasury Systems,REGIONAL,145788,109,185.27,3,True,False,1236,2017-03-12,2026-10-04,,FX_REVALUATION,Regional partition (LATAM) of FX_REVALUATION
FX_REVALUATION_NA,FINANCE_GL,TRANSACTION,FX,Treasury Systems,REGIONAL,1013548,109,1795.71,8,True,False,14589,2017-03-31,2026-10-04,,FX_REVALUATION,Regional partition (NA) of FX_REVALUATION
GL_ACCOUNT_MAPPING,FINANCE_GL,CONFIG,General Ledger,Finance Systems,BASE,6010,35,2.67,3,True,False,0,2016-05-19,2025-12-20,GL_CHART_OF_ACCOUNTS,,Configuration for account mapping
GL_ACCOUNT_MAPPING_HIST,FINANCE_GL,CONFIG,General Ledger,Finance Systems,HISTORY,20889,39,10.06,4,True,False,0,2016-05-19,2025-12-20,,GL_ACCOUNT_MAPPING,Effective-dated history / audit trail of GL_ACCOUNT_MAPPING
GL_CHART_OF_ACCOUNTS,FINANCE_GL,CONFIG,General Ledger,Comp Accounting,BASE,15889,36,5.0,2,True,False,71,2014-05-15,2026-08-10,LKP_GL_ACCOUNT_TYPE,,Configuration for chart of accounts
GL_CHART_OF_ACCOUNTS_HIST,FINANCE_GL,CONFIG,General Ledger,Comp Accounting,HISTORY,58700,40,25.56,2,True,False,338,2014-05-15,2026-08-10,,GL_CHART_OF_ACCOUNTS,Effective-dated history / audit trail of GL_CHART_OF_ACCOUNTS
GL_COST_CENTER,FINANCE_GL,DATA,General Ledger,Finance Systems,BASE,9139,49,3.82,5,True,False,85,2015-02-06,2026-09-26,GL_LEGAL_ENTITY,,Master/reference data: cost center
GL_COST_CENTER_HIST,FINANCE_GL,DATA,General Ledger,Finance Systems,HISTORY,38843,53,29.55,3,True,False,288,2015-02-06,2026-09-26,,GL_COST_CENTER,Effective-dated history / audit trail of GL_COST_CENTER
GL_INTERCOMPANY_ALLOC,FINANCE_GL,TRANSACTION,General Ledger,Finance Systems,BASE,2254325,91,4275.78,13,True,False,12160,2013-06-18,2026-10-07,GL_JOURNAL_ENTRY;GL_LEGAL_ENTITY,,Transactional records of intercompany allocations
GL_INTERCOMPANY_ALLOC_2022,FINANCE_GL,TRANSACTION,General Ledger,Finance Systems,YEARLY,295321,91,370.12,7,True,False,0,2021-12-31,2023-01-23,,GL_INTERCOMPANY_ALLOC,Fiscal-year 2022 split of GL_INTERCOMPANY_ALLOC
GL_INTERCOMPANY_ALLOC_2023,FINANCE_GL,TRANSACTION,General Ledger,Finance Systems,YEARLY,344785,91,408.87,5,True,False,0,2022-12-14,2024-01-26,,GL_INTERCOMPANY_ALLOC,Fiscal-year 2023 split of GL_INTERCOMPANY_ALLOC
GL_INTERCOMPANY_ALLOC_2024,FINANCE_GL,TRANSACTION,General Ledger,Finance Systems,YEARLY,426738,91,481.86,3,True,False,0,2023-12-18,2025-01-17,,GL_INTERCOMPANY_ALLOC,Fiscal-year 2024 split of GL_INTERCOMPANY_ALLOC
GL_INTERCOMPANY_ALLOC_2025,FINANCE_GL,TRANSACTION,General Ledger,Finance Systems,YEARLY,429017,91,591.64,10,True,False,0,2024-12-17,2026-02-21,,GL_INTERCOMPANY_ALLOC,Fiscal-year 2025 split of GL_INTERCOMPANY_ALLOC
GL_INTERCOMPANY_ALLOC_2026,FINANCE_GL,TRANSACTION,General Ledger,Finance Systems,YEARLY,272483,91,284.59,4,True,False,43702,2025-12-13,2026-10-07,,GL_INTERCOMPANY_ALLOC,Fiscal-year 2026 split of GL_INTERCOMPANY_ALLOC
GL_INTERCOMPANY_ALLOC_HIST,FINANCE_GL,TRANSACTION,General Ledger,Finance Systems,HISTORY,718473,95,960.43,7,True,False,5792,2013-06-18,2026-10-07,,GL_INTERCOMPANY_ALLOC,Effective-dated history / audit trail of GL_INTERCOMPANY_ALLOC
GL_JOURNAL_BATCH,FINANCE_GL,DATA,General Ledger,Finance Systems,BASE,38623,70,41.03,4,True,False,198,2015-04-04,2026-10-05,LKP_JOURNAL_SOURCE,,Master/reference data: journal batch
GL_JOURNAL_BATCH_APAC,FINANCE_GL,DATA,General Ledger,Finance Systems,REGIONAL,8263,70,11.19,7,True,False,75,2017-06-14,2026-10-02,,GL_JOURNAL_BATCH,Regional partition (APAC) of GL_JOURNAL_BATCH
GL_JOURNAL_BATCH_EMEA,FINANCE_GL,DATA,General Ledger,Finance Systems,REGIONAL,12641,70,8.42,6,True,False,80,2016-04-14,2026-10-05,,GL_JOURNAL_BATCH,Regional partition (EMEA) of GL_JOURNAL_BATCH
GL_JOURNAL_BATCH_HIST,FINANCE_GL,DATA,General Ledger,Finance Systems,HISTORY,294774,74,358.81,8,True,False,3262,2015-04-04,2026-10-05,,GL_JOURNAL_BATCH,Effective-dated history / audit trail of GL_JOURNAL_BATCH
GL_JOURNAL_BATCH_LATAM,FINANCE_GL,DATA,General Ledger,Finance Systems,REGIONAL,2558,70,1.95,3,True,False,25,2016-02-02,2026-10-02,,GL_JOURNAL_BATCH,Regional partition (LATAM) of GL_JOURNAL_BATCH
GL_JOURNAL_BATCH_NA,FINANCE_GL,DATA,General Ledger,Finance Systems,REGIONAL,18248,70,16.32,5,True,False,174,2017-01-26,2026-10-03,,GL_JOURNAL_BATCH,Regional partition (NA) of GL_JOURNAL_BATCH
GL_JOURNAL_BATCH_V2,FINANCE_GL,DATA,General Ledger,Finance Systems,VERSIONED,36709,72,33.66,3,True,False,837,2024-03-20,2026-10-07,,GL_JOURNAL_BATCH,Re-modelled version of GL_JOURNAL_BATCH (migration in progress)
GL_JOURNAL_ENTRY,FINANCE_GL,TRANSACTION,General Ledger,Finance Systems,BASE,16419391,57,10773.18,9,True,True,185152,2019-01-13,2026-10-03,GL_JOURNAL_BATCH;GL_LEGAL_ENTITY,,Transactional records of journal entry
GL_JOURNAL_ENTRY_APAC,FINANCE_GL,TRANSACTION,General Ledger,Finance Systems,REGIONAL,2637688,57,2492.31,7,True,False,28279,2019-01-13,2026-10-03,,GL_JOURNAL_ENTRY,Regional partition (APAC) of GL_JOURNAL_ENTRY
GL_JOURNAL_ENTRY_BKP_20210818,FINANCE_GL,TRANSACTION,General Ledger,Finance Systems,BACKUP,5038422,57,1577.36,0,False,False,0,2021-08-18,2021-08-18,,GL_JOURNAL_ENTRY,Ad-hoc backup copy of GL_JOURNAL_ENTRY taken 2021-08-18
GL_JOURNAL_ENTRY_EMEA,FINANCE_GL,TRANSACTION,General Ledger,Finance Systems,REGIONAL,4642811,57,2791.81,6,True,False,78449,2019-01-13,2026-10-01,,GL_JOURNAL_ENTRY,Regional partition (EMEA) of GL_JOURNAL_ENTRY
GL_JOURNAL_ENTRY_HIST,FINANCE_GL,TRANSACTION,General Ledger,Finance Systems,HISTORY,6082607,61,4473.39,9,True,False,61096,2019-01-13,2026-10-03,,GL_JOURNAL_ENTRY,Effective-dated history / audit trail of GL_JOURNAL_ENTRY
GL_JOURNAL_ENTRY_LATAM,FINANCE_GL,TRANSACTION,General Ledger,Finance Systems,REGIONAL,1179006,57,978.42,12,True,False,21644,2019-01-13,2026-10-02,,GL_JOURNAL_ENTRY,Regional partition (LATAM) of GL_JOURNAL_ENTRY
GL_JOURNAL_ENTRY_NA,FINANCE_GL,TRANSACTION,General Ledger,Finance Systems,REGIONAL,8802974,57,7304.8,12,True,False,87549,2019-01-13,2026-09-30,,GL_JOURNAL_ENTRY,Regional partition (NA) of GL_JOURNAL_ENTRY
GL_JOURNAL_LINE,FINANCE_GL,TRANSACTION,General Ledger,Comp Accounting,BASE,196666431,24,47629.53,6,True,True,1743637,2014-04-01,2026-10-07,GL_JOURNAL_ENTRY;GL_CHART_OF_ACCOUNTS;GL_COST_CENTER,,Transactional records of journal line
GL_JOURNAL_LINE_APAC,FINANCE_GL,TRANSACTION,General Ledger,Comp Accounting,REGIONAL,33302972,24,11358.07,8,False,False,479084,2016-04-20,2026-10-04,,GL_JOURNAL_LINE,Regional partition (APAC) of GL_JOURNAL_LINE
GL_JOURNAL_LINE_BKP_20210518,FINANCE_GL,TRANSACTION,General Ledger,Comp Accounting,BACKUP,111640833,24,16548.87,0,False,False,0,2021-05-18,2021-05-18,,GL_JOURNAL_LINE,Ad-hoc backup copy of GL_JOURNAL_LINE taken 2021-05-18
GL_JOURNAL_LINE_EMEA,FINANCE_GL,TRANSACTION,General Ledger,Comp Accounting,REGIONAL,54389883,24,21863.71,6,True,True,682890,2016-11-15,2026-10-05,,GL_JOURNAL_LINE,Regional partition (EMEA) of GL_JOURNAL_LINE
GL_JOURNAL_LINE_HIST,FINANCE_GL,TRANSACTION,General Ledger,Comp Accounting,HISTORY,173229135,28,94932.93,9,True,False,1833987,2014-04-01,2026-10-07,,GL_JOURNAL_LINE,Effective-dated history / audit trail of GL_JOURNAL_LINE
GL_JOURNAL_LINE_LATAM,FINANCE_GL,TRANSACTION,General Ledger,Comp Accounting,REGIONAL,13106875,24,5156.52,5,True,False,135520,2017-03-12,2026-10-04,,GL_JOURNAL_LINE,Regional partition (LATAM) of GL_JOURNAL_LINE
GL_JOURNAL_LINE_NA,FINANCE_GL,TRANSACTION,General Ledger,Comp Accounting,REGIONAL,102709827,24,42407.12,12,True,True,1471496,2016-05-13,2026-10-04,,GL_JOURNAL_LINE,Regional partition (NA) of GL_JOURNAL_LINE
GL_LEGAL_ENTITY,FINANCE_GL,CONFIG,General Ledger,Finance Systems,BASE,109,35,0.25,3,True,False,0,2014-03-28,2026-10-03,LKP_LEGAL_ENTITY_TYPE,,Configuration for legal entity
GL_LEGAL_ENTITY_APAC,FINANCE_GL,CONFIG,General Ledger,Finance Systems,REGIONAL,18,35,0.31,4,True,False,0,2017-01-24,2026-10-03,,GL_LEGAL_ENTITY,Regional partition (APAC) of GL_LEGAL_ENTITY
GL_LEGAL_ENTITY_BKP_20220203,FINANCE_GL,CONFIG,General Ledger,Finance Systems,BACKUP,0,35,0.06,0,False,False,0,2022-02-03,2022-02-03,,GL_LEGAL_ENTITY,Ad-hoc backup copy of GL_LEGAL_ENTITY taken 2022-02-03
GL_LEGAL_ENTITY_BKP_20240703,FINANCE_GL,CONFIG,General Ledger,Finance Systems,BACKUP,82,35,0.06,0,False,False,0,2024-07-03,2024-07-03,,GL_LEGAL_ENTITY,Ad-hoc backup copy of GL_LEGAL_ENTITY taken 2024-07-03
GL_LEGAL_ENTITY_EMEA,FINANCE_GL,CONFIG,General Ledger,Finance Systems,REGIONAL,29,35,0.31,4,True,False,0,2016-01-29,2026-10-01,,GL_LEGAL_ENTITY,Regional partition (EMEA) of GL_LEGAL_ENTITY
GL_LEGAL_ENTITY_HIST,FINANCE_GL,CONFIG,General Ledger,Finance Systems,HISTORY,451,39,0.22,2,True,False,2,2014-03-28,2026-10-03,,GL_LEGAL_ENTITY,Effective-dated history / audit trail of GL_LEGAL_ENTITY
GL_LEGAL_ENTITY_LATAM,FINANCE_GL,CONFIG,General Ledger,Finance Systems,REGIONAL,11,35,0.12,1,True,False,0,2017-01-03,2026-09-30,,GL_LEGAL_ENTITY,Regional partition (LATAM) of GL_LEGAL_ENTITY
GL_LEGAL_ENTITY_NA,FINANCE_GL,CONFIG,General Ledger,Finance Systems,REGIONAL,49,35,0.12,1,True,False,0,2016-07-06,2026-10-03,,GL_LEGAL_ENTITY,Regional partition (NA) of GL_LEGAL_ENTITY
GL_PERIOD_BALANCE,FINANCE_GL,DATA,General Ledger,Comp Accounting,BASE,5550319,32,1329.3,3,True,False,90049,2023-02-11,2026-10-06,GL_CHART_OF_ACCOUNTS;GL_COST_CENTER,,Master/reference data: period balance
GL_PERIOD_BALANCE_APAC,FINANCE_GL,DATA,General Ledger,Comp Accounting,REGIONAL,1350224,32,435.67,3,True,False,38712,2023-02-11,2026-10-05,,GL_PERIOD_BALANCE,Regional partition (APAC) of GL_PERIOD_BALANCE
GL_PERIOD_BALANCE_BKP_20230622,FINANCE_GL,DATA,General Ledger,Comp Accounting,BACKUP,536650,32,113.1,0,False,False,0,2023-06-22,2023-06-22,,GL_PERIOD_BALANCE,Ad-hoc backup copy of GL_PERIOD_BALANCE taken 2023-06-22
GL_PERIOD_BALANCE_EMEA,FINANCE_GL,DATA,General Ledger,Comp Accounting,REGIONAL,1775942,32,459.45,3,True,False,40965,2023-02-11,2026-10-06,,GL_PERIOD_BALANCE,Regional partition (EMEA) of GL_PERIOD_BALANCE
GL_PERIOD_BALANCE_HIST,FINANCE_GL,DATA,General Ledger,Comp Accounting,HISTORY,14348026,36,6421.83,8,True,False,449776,2023-02-11,2026-10-06,,GL_PERIOD_BALANCE,Effective-dated history / audit trail of GL_PERIOD_BALANCE
GL_PERIOD_BALANCE_LATAM,FINANCE_GL,DATA,General Ledger,Comp Accounting,REGIONAL,344971,32,107.85,6,False,False,7348,2023-02-11,2026-10-04,,GL_PERIOD_BALANCE,Regional partition (LATAM) of GL_PERIOD_BALANCE
GL_PERIOD_BALANCE_NA,FINANCE_GL,DATA,General Ledger,Comp Accounting,REGIONAL,2099951,32,1092.38,7,True,False,61034,2023-02-11,2026-10-06,,GL_PERIOD_BALANCE,Regional partition (NA) of GL_PERIOD_BALANCE
GL_POSTING_RULE,FINANCE_GL,CONFIG,General Ledger,Finance Systems,BASE,1022,31,0.31,4,True,False,5,2015-06-07,2026-09-23,GL_ACCOUNT_MAPPING,,Configuration for posting rule
GL_POSTING_RULE_HIST,FINANCE_GL,CONFIG,General Ledger,Finance Systems,HISTORY,5942,35,1.53,1,True,False,43,2015-06-07,2026-09-23,,GL_POSTING_RULE,Effective-dated history / audit trail of GL_POSTING_RULE
LKP_ACCRUAL_TYPE,FINANCE_GL,LOOKUP,Accruals,Comp Accounting,BASE,6,11,0.19,2,True,False,0,2013-09-25,2026-06-09,,,Reference list of accrual type
LKP_CLAWBACK_REASON,FINANCE_GL,LOOKUP,Clawbacks,Comp Accounting,BASE,12,8,0.19,2,True,False,0,2014-06-27,2026-07-31,,,Reference list of clawback reason
LKP_FISCAL_CALENDAR,FINANCE_GL,LOOKUP,General Ledger,Finance Systems,BASE,3875,7,0.38,2,True,False,0,2018-03-07,2025-02-27,,,Reference list of fiscal calendar
LKP_FISCAL_CALENDAR_BKP_20240610,FINANCE_GL,LOOKUP,General Ledger,Finance Systems,BACKUP,2720,7,0.17,0,False,False,0,2024-06-10,2024-06-10,,LKP_FISCAL_CALENDAR,Ad-hoc backup copy of LKP_FISCAL_CALENDAR taken 2024-06-10
LKP_FX_RATE_TYPE,FINANCE_GL,LOOKUP,FX,Treasury Systems,BASE,7,6,0.12,1,True,False,0,2015-06-01,2026-08-25,,,Reference list of FX rate type
LKP_GL_ACCOUNT_TYPE,FINANCE_GL,LOOKUP,General Ledger,Finance Systems,BASE,6,7,0.12,1,True,False,1,2015-02-27,2026-08-21,,,Reference list of GL account type
LKP_GL_ACCOUNT_TYPE_V2,FINANCE_GL,LOOKUP,General Ledger,Finance Systems,VERSIONED,0,10,0.19,2,True,False,0,2025-06-14,2025-09-06,,LKP_GL_ACCOUNT_TYPE,Re-modelled version of LKP_GL_ACCOUNT_TYPE (abandoned migration)
LKP_JOURNAL_SOURCE,FINANCE_GL,LOOKUP,General Ledger,Finance Systems,BASE,12,7,0.12,1,True,False,0,2015-03-09,2026-07-18,,,Reference list of journal source
LKP_LEGAL_ENTITY_TYPE,FINANCE_GL,LOOKUP,General Ledger,Finance Systems,BASE,6,8,0.19,2,True,False,0,2014-10-26,2026-01-02,,,Reference list of legal entity type
LKP_LEGAL_ENTITY_TYPE_BKP_20170709,FINANCE_GL,LOOKUP,General Ledger,Finance Systems,BACKUP,1,8,0.06,0,False,False,0,2017-07-09,2017-07-09,,LKP_LEGAL_ENTITY_TYPE,Ad-hoc backup copy of LKP_LEGAL_ENTITY_TYPE taken 2017-07-09
LKP_LEGAL_ENTITY_TYPE_HIST,FINANCE_GL,LOOKUP,General Ledger,Finance Systems,HISTORY,34,12,0.19,2,True,False,0,2014-10-26,2026-01-02,,LKP_LEGAL_ENTITY_TYPE,Effective-dated history / audit trail of LKP_LEGAL_ENTITY_TYPE
LKP_PAY_CODE,FINANCE_GL,LOOKUP,Payroll,Payroll Systems,BASE,82,8,0.12,1,True,False,1,2023-07-31,2026-07-13,,,Reference list of pay code
LKP_PAY_CODE_BKP_20250603,FINANCE_GL,LOOKUP,Payroll,Payroll Systems,BACKUP,46,8,0.06,0,False,False,0,2025-06-03,2025-06-03,,LKP_PAY_CODE,Ad-hoc backup copy of LKP_PAY_CODE taken 2025-06-03
LKP_PAY_CODE_V2,FINANCE_GL,LOOKUP,Payroll,Payroll Systems,VERSIONED,3,13,0.19,2,True,False,0,2026-02-20,2026-04-03,,LKP_PAY_CODE,Re-modelled version of LKP_PAY_CODE (abandoned migration)
LKP_TAX_JURISDICTION,FINANCE_GL,LOOKUP,Payroll,Payroll Systems,BASE,1514,8,0.12,1,True,False,0,2018-11-01,2025-08-03,,,Reference list of tax jurisdiction
LKP_TAX_JURISDICTION_BKP_20210129,FINANCE_GL,LOOKUP,Payroll,Payroll Systems,BACKUP,428,8,0.06,0,False,False,0,2021-01-29,2021-01-29,,LKP_TAX_JURISDICTION,Ad-hoc backup copy of LKP_TAX_JURISDICTION taken 2021-01-29
PRL_EXPORT_FILE_LOG,FINANCE_GL,SYSTEM,Payroll,Payroll Systems,BASE,17801,23,3.29,2,False,False,216,2015-06-08,2026-10-07,PRL_PAYROLL_EXPORT,,System/operational log of export file log
PRL_EXPORT_FILE_LOG_HIST,FINANCE_GL,SYSTEM,Payroll,Payroll Systems,HISTORY,4896,27,1.57,5,True,False,35,2015-06-08,2026-10-07,,PRL_EXPORT_FILE_LOG,Effective-dated history / audit trail of PRL_EXPORT_FILE_LOG
PRL_PAYROLL_CALENDAR,FINANCE_GL,CONFIG,Payroll,Payroll Systems,BASE,1319,36,0.74,4,True,False,0,2013-06-15,2026-04-21,PRL_PAYROLL_VENDOR,,Configuration for payroll calendar
PRL_PAYROLL_CALENDAR_HIST,FINANCE_GL,CONFIG,Payroll,Payroll Systems,HISTORY,8570,40,2.91,3,True,False,0,2013-06-15,2026-04-21,,PRL_PAYROLL_CALENDAR,Effective-dated history / audit trail of PRL_PAYROLL_CALENDAR
PRL_PAYROLL_EXPORT,FINANCE_GL,TRANSACTION,Payroll,Payroll Systems,BASE,207946,81,323.89,10,True,False,1541,2013-10-08,2026-10-05,PRL_PAYROLL_CALENDAR,,Transactional records of payroll export
PRL_PAYROLL_EXPORT_HIST,FINANCE_GL,TRANSACTION,Payroll,Payroll Systems,HISTORY,72344,85,114.67,11,True,False,596,2013-10-08,2026-10-05,,PRL_PAYROLL_EXPORT,Effective-dated history / audit trail of PRL_PAYROLL_EXPORT
PRL_PAYROLL_EXPORT_LINE,FINANCE_GL,TRANSACTION,Payroll,Payroll Systems,BASE,89170501,75,128596.69,12,True,True,2462454,2023-05-23,2026-10-07,PRL_PAYROLL_EXPORT;PRL_PAY_CODE_MAP,,Transactional records of payroll export line
PRL_PAYROLL_EXPORT_LINE_APAC,FINANCE_GL,TRANSACTION,Payroll,Payroll Systems,REGIONAL,14142045,75,23554.07,11,True,False,401464,2023-05-23,2026-10-05,,PRL_PAYROLL_EXPORT_LINE,Regional partition (APAC) of PRL_PAYROLL_EXPORT_LINE
PRL_PAYROLL_EXPORT_LINE_EMEA,FINANCE_GL,TRANSACTION,Payroll,Payroll Systems,REGIONAL,21693237,75,14540.16,5,True,False,574829,2023-05-23,2026-10-04,,PRL_PAYROLL_EXPORT_LINE,Regional partition (EMEA) of PRL_PAYROLL_EXPORT_LINE
PRL_PAYROLL_EXPORT_LINE_HIST,FINANCE_GL,TRANSACTION,Payroll,Payroll Systems,HISTORY,29053265,79,35608.73,14,True,False,749995,2023-05-23,2026-10-07,,PRL_PAYROLL_EXPORT_LINE,Effective-dated history / audit trail of PRL_PAYROLL_EXPORT_LINE
PRL_PAYROLL_EXPORT_LINE_LATAM,FINANCE_GL,TRANSACTION,Payroll,Payroll Systems,REGIONAL,8867427,75,10224.17,10,True,False,194096,2023-05-23,2026-10-06,,PRL_PAYROLL_EXPORT_LINE,Regional partition (LATAM) of PRL_PAYROLL_EXPORT_LINE
PRL_PAYROLL_EXPORT_LINE_NA,FINANCE_GL,TRANSACTION,Payroll,Payroll Systems,REGIONAL,37372207,75,41030.61,10,True,False,1022088,2023-05-23,2026-10-06,,PRL_PAYROLL_EXPORT_LINE,Regional partition (NA) of PRL_PAYROLL_EXPORT_LINE
PRL_PAYROLL_EXPORT_LINE_V2,FINANCE_GL,TRANSACTION,Payroll,Payroll Systems,VERSIONED,56781019,83,34505.82,3,True,True,3577934,2024-03-11,2026-09-23,,PRL_PAYROLL_EXPORT_LINE,Re-modelled version of PRL_PAYROLL_EXPORT_LINE (migration in progress)
PRL_PAYROLL_RECON,FINANCE_GL,DATA,Payroll,Payroll Systems,BASE,2206646,20,362.08,3,True,False,19306,2013-06-28,2026-07-06,PRL_PAYROLL_EXPORT,,Master/reference data: payroll reconciliation
PRL_PAYROLL_RECON_APAC,FINANCE_GL,DATA,Payroll,Payroll Systems,REGIONAL,507898,20,135.0,8,True,False,4802,2016-06-15,2026-07-03,,PRL_PAYROLL_RECON,Regional partition (APAC) of PRL_PAYROLL_RECON
PRL_PAYROLL_RECON_BKP_20200720,FINANCE_GL,DATA,Payroll,Payroll Systems,BACKUP,1061570,20,134.95,0,False,False,0,2020-07-20,2020-07-20,,PRL_PAYROLL_RECON,Ad-hoc backup copy of PRL_PAYROLL_RECON taken 2020-07-20
PRL_PAYROLL_RECON_BKP_20200809,FINANCE_GL,DATA,Payroll,Payroll Systems,BACKUP,1099448,20,237.95,0,False,False,0,2020-08-09,2020-08-09,,PRL_PAYROLL_RECON,Ad-hoc backup copy of PRL_PAYROLL_RECON taken 2020-08-09
PRL_PAYROLL_RECON_EMEA,FINANCE_GL,DATA,Payroll,Payroll Systems,REGIONAL,723494,20,190.24,4,True,False,9008,2016-04-23,2026-07-06,,PRL_PAYROLL_RECON,Regional partition (EMEA) of PRL_PAYROLL_RECON
PRL_PAYROLL_RECON_HIST,FINANCE_GL,DATA,Payroll,Payroll Systems,HISTORY,12699550,24,3920.46,6,True,False,119581,2013-06-28,2026-07-06,,PRL_PAYROLL_RECON,Effective-dated history / audit trail of PRL_PAYROLL_RECON
PRL_PAYROLL_RECON_LATAM,FINANCE_GL,DATA,Payroll,Payroll Systems,REGIONAL,223689,20,75.5,5,True,False,2633,2016-01-01,2026-07-05,,PRL_PAYROLL_RECON,Regional partition (LATAM) of PRL_PAYROLL_RECON
PRL_PAYROLL_RECON_NA,FINANCE_GL,DATA,Payroll,Payroll Systems,REGIONAL,768849,20,185.45,4,True,False,8526,2016-07-29,2026-07-05,,PRL_PAYROLL_RECON,Regional partition (NA) of PRL_PAYROLL_RECON
PRL_PAYROLL_VENDOR,FINANCE_GL,CONFIG,Payroll,Unassigned,BASE,10,16,0.19,2,True,False,0,2016-04-28,2026-06-23,,,Configuration for payroll vendor
PRL_PAYROLL_VENDOR_APAC,FINANCE_GL,CONFIG,Payroll,Unassigned,REGIONAL,2,16,0.12,1,True,False,0,2016-06-19,2026-06-20,,PRL_PAYROLL_VENDOR,Regional partition (APAC) of PRL_PAYROLL_VENDOR
PRL_PAYROLL_VENDOR_EMEA,FINANCE_GL,CONFIG,Payroll,Unassigned,REGIONAL,3,16,0.25,3,True,False,0,2017-06-21,2026-06-21,,PRL_PAYROLL_VENDOR,Regional partition (EMEA) of PRL_PAYROLL_VENDOR
PRL_PAYROLL_VENDOR_HIST,FINANCE_GL,CONFIG,Payroll,Unassigned,HISTORY,40,20,0.25,3,True,False,0,2016-04-28,2026-06-23,,PRL_PAYROLL_VENDOR,Effective-dated history / audit trail of PRL_PAYROLL_VENDOR
PRL_PAYROLL_VENDOR_LATAM,FINANCE_GL,CONFIG,Payroll,Unassigned,REGIONAL,0,16,0.25,3,True,False,0,2016-08-13,2026-06-21,,PRL_PAYROLL_VENDOR,Regional partition (LATAM) of PRL_PAYROLL_VENDOR
PRL_PAYROLL_VENDOR_NA,FINANCE_GL,CONFIG,Payroll,Unassigned,REGIONAL,5,16,0.31,4,True,False,0,2016-10-04,2026-06-22,,PRL_PAYROLL_VENDOR,Regional partition (NA) of PRL_PAYROLL_VENDOR
PRL_PAY_CODE_MAP,FINANCE_GL,CONFIG,Payroll,Payroll Systems,BASE,500,19,0.31,4,True,False,2,2013-09-09,2026-08-07,LKP_PAY_CODE,,Configuration for pay code map
PRL_PAY_CODE_MAP_HIST,FINANCE_GL,CONFIG,Payroll,Payroll Systems,HISTORY,2252,23,0.4,2,True,False,14,2013-09-09,2026-08-07,,PRL_PAY_CODE_MAP,Effective-dated history / audit trail of PRL_PAY_CODE_MAP
PRL_TAX_WITHHOLDING,FINANCE_GL,TRANSACTION,Payroll,Payroll Systems,BASE,16015751,91,27022.46,13,True,False,125712,2014-10-20,2026-10-06,PRL_PAYROLL_EXPORT_LINE;LKP_TAX_JURISDICTION,,Transactional records of tax withholding
PRL_TAX_WITHHOLDING_2018,FINANCE_GL,TRANSACTION,Payroll,Payroll Systems,YEARLY,1857733,91,2658.71,7,True,False,0,2017-12-14,2019-01-30,,PRL_TAX_WITHHOLDING,Fiscal-year 2018 split of PRL_TAX_WITHHOLDING
PRL_TAX_WITHHOLDING_2019,FINANCE_GL,TRANSACTION,Payroll,Payroll Systems,YEARLY,1519039,91,2919.25,9,True,False,0,2018-12-24,2020-03-30,,PRL_TAX_WITHHOLDING,Fiscal-year 2019 split of PRL_TAX_WITHHOLDING
PRL_TAX_WITHHOLDING_2020,FINANCE_GL,TRANSACTION,Payroll,Payroll Systems,YEARLY,1664827,91,2812.33,9,False,False,0,2019-12-30,2021-02-28,,PRL_TAX_WITHHOLDING,Fiscal-year 2020 split of PRL_TAX_WITHHOLDING
PRL_TAX_WITHHOLDING_2021,FINANCE_GL,TRANSACTION,Payroll,Payroll Systems,YEARLY,2282838,91,3631.85,7,True,False,0,2020-12-25,2022-04-08,,PRL_TAX_WITHHOLDING,Fiscal-year 2021 split of PRL_TAX_WITHHOLDING
PRL_TAX_WITHHOLDING_2022,FINANCE_GL,TRANSACTION,Payroll,Payroll Systems,YEARLY,2075707,91,2842.64,4,True,False,0,2021-12-19,2023-02-06,,PRL_TAX_WITHHOLDING,Fiscal-year 2022 split of PRL_TAX_WITHHOLDING
PRL_TAX_WITHHOLDING_2023,FINANCE_GL,TRANSACTION,Payroll,Payroll Systems,YEARLY,2988451,91,5969.59,14,True,False,0,2022-12-13,2024-03-05,,PRL_TAX_WITHHOLDING,Fiscal-year 2023 split of PRL_TAX_WITHHOLDING
PRL_TAX_WITHHOLDING_2024,FINANCE_GL,TRANSACTION,Payroll,Payroll Systems,YEARLY,2803212,91,5709.51,13,True,False,0,2023-12-18,2025-04-08,,PRL_TAX_WITHHOLDING,Fiscal-year 2024 split of PRL_TAX_WITHHOLDING
PRL_TAX_WITHHOLDING_2025,FINANCE_GL,TRANSACTION,Payroll,Payroll Systems,YEARLY,3065407,91,5524.39,9,True,False,0,2024-12-14,2026-02-05,,PRL_TAX_WITHHOLDING,Fiscal-year 2025 split of PRL_TAX_WITHHOLDING
PRL_TAX_WITHHOLDING_2026,FINANCE_GL,TRANSACTION,Payroll,Payroll Systems,YEARLY,1934099,91,2773.44,5,True,False,298564,2025-12-20,2026-10-07,,PRL_TAX_WITHHOLDING,Fiscal-year 2026 split of PRL_TAX_WITHHOLDING
PRL_TAX_WITHHOLDING_APAC,FINANCE_GL,TRANSACTION,Payroll,Payroll Systems,REGIONAL,2771923,91,3691.81,10,True,False,42708,2016-04-02,2026-10-05,,PRL_TAX_WITHHOLDING,Regional partition (APAC) of PRL_TAX_WITHHOLDING
PRL_TAX_WITHHOLDING_BKP_20151009,FINANCE_GL,TRANSACTION,Payroll,Payroll Systems,BACKUP,1207722,91,574.98,0,False,False,0,2015-10-09,2015-10-09,,PRL_TAX_WITHHOLDING,Ad-hoc backup copy of PRL_TAX_WITHHOLDING taken 2015-10-09
PRL_TAX_WITHHOLDING_BKP_20240923,FINANCE_GL,TRANSACTION,Payroll,Payroll Systems,BACKUP,12047018,91,7103.73,0,False,False,0,2024-09-23,2024-09-23,,PRL_TAX_WITHHOLDING,Ad-hoc backup copy of PRL_TAX_WITHHOLDING taken 2024-09-23
PRL_TAX_WITHHOLDING_EMEA,FINANCE_GL,TRANSACTION,Payroll,Payroll Systems,REGIONAL,5826298,91,12569.38,12,True,False,74916,2017-05-18,2026-10-06,,PRL_TAX_WITHHOLDING,Regional partition (EMEA) of PRL_TAX_WITHHOLDING
PRL_TAX_WITHHOLDING_HIST,FINANCE_GL,TRANSACTION,Payroll,Payroll Systems,HISTORY,8749679,95,15535.0,10,True,False,112317,2014-10-20,2026-10-06,,PRL_TAX_WITHHOLDING,Effective-dated history / audit trail of PRL_TAX_WITHHOLDING
PRL_TAX_WITHHOLDING_LATAM,FINANCE_GL,TRANSACTION,Payroll,Payroll Systems,REGIONAL,1046904,91,1468.71,8,True,False,9548,2017-06-23,2026-10-05,,PRL_TAX_WITHHOLDING,Regional partition (LATAM) of PRL_TAX_WITHHOLDING
PRL_TAX_WITHHOLDING_NA,FINANCE_GL,TRANSACTION,Payroll,Payroll Systems,REGIONAL,7008267,91,7895.86,8,True,False,74407,2016-06-06,2026-10-06,,PRL_TAX_WITHHOLDING,Regional partition (NA) of PRL_TAX_WITHHOLDING
TMP_PRL_PAYROLL_EXPORT,FINANCE_GL,TRANSACTION,Payroll,Payroll Systems,TEMP,660,81,0.43,1,False,False,0,2020-11-01,2020-11-18,,PRL_PAYROLL_EXPORT,Temporary work table derived from PRL_PAYROLL_EXPORT
ARC_ACC_ACCOUNT_HIERARCHY,ADMIN_PLATFORM,DATA,Accounts,Sales Operations,ARCHIVE,4539049,64,3106.64,1,True,False,37932,2020-01-22,2026-09-27,,ACC_ACCOUNT_HIERARCHY,Rolling archive of aged rows from SALES_OPS.ACC_ACCOUNT_HIERARCHY
ARC_ACC_ACCOUNT_TEAM,ADMIN_PLATFORM,DATA,Accounts,Sales Operations,ARCHIVE,10021832,16,1812.23,2,True,False,122815,2018-07-06,2026-10-06,,ACC_ACCOUNT_TEAM,Rolling archive of aged rows from SALES_OPS.ACC_ACCOUNT_TEAM
ARC_ACC_OPPORTUNITY,ADMIN_PLATFORM,TRANSACTION,Accounts,Sales Operations,ARCHIVE,12998876,42,4043.11,2,True,False,223952,2017-09-18,2026-09-20,,ACC_OPPORTUNITY,Rolling archive of aged rows from SALES_OPS.ACC_OPPORTUNITY
ARC_ACC_OPPORTUNITY_LINE,ADMIN_PLATFORM,TRANSACTION,Accounts,Sales Operations,ARCHIVE,73989831,42,36536.15,2,True,True,1622532,2020-02-20,2026-10-03,,ACC_OPPORTUNITY_LINE,Rolling archive of aged rows from SALES_OPS.ACC_OPPORTUNITY_LINE
ARC_ACC_OPPORTUNITY_SPLIT,ADMIN_PLATFORM,TRANSACTION,Accounts,Sales Operations,ARCHIVE,40253516,80,29420.6,2,True,False,595191,2020-10-23,2026-09-09,,ACC_OPPORTUNITY_SPLIT,Rolling archive of aged rows from SALES_OPS.ACC_OPPORTUNITY_SPLIT
ARC_ACC_PARTNER_DEAL_REG,ADMIN_PLATFORM,TRANSACTION,Partners,Channel Operations,ARCHIVE,1327071,74,1196.86,2,True,False,14771,2018-08-14,2026-10-05,,ACC_PARTNER_DEAL_REG,Rolling archive of aged rows from SALES_OPS.ACC_PARTNER_DEAL_REG
ARC_ACC_PARTNER_POS_SALE,ADMIN_PLATFORM,TRANSACTION,Partners,Channel Operations,ARCHIVE,38108722,36,11922.98,2,True,False,507718,2017-05-05,2026-09-16,,ACC_PARTNER_POS_SALE,Rolling archive of aged rows from SALES_OPS.ACC_PARTNER_POS_SALE
ARC_ASC_AMORTIZATION_SCHEDULE,ADMIN_PLATFORM,TRANSACTION,ASC 606,Comp Accounting,ARCHIVE,83236497,29,32641.13,2,True,True,1210215,2018-05-22,2026-09-23,,ASC_AMORTIZATION_SCHEDULE,Rolling archive of aged rows from FINANCE_GL.ASC_AMORTIZATION_SCHEDULE
ARC_ASC_AMORTIZATION_SCHEDULE_2016,ADMIN_PLATFORM,TRANSACTION,ASC 606,Comp Accounting,ARCHIVE,4622047,29,1623.07,2,True,False,0,2018-03-01,2018-03-04,,ASC_AMORTIZATION_SCHEDULE,Frozen archive of ASC_AMORTIZATION_SCHEDULE for fiscal year 2016
ARC_ASC_AMORTIZATION_SCHEDULE_2017,ADMIN_PLATFORM,TRANSACTION,ASC 606,Comp Accounting,ARCHIVE,5030756,29,1519.02,2,True,False,0,2019-01-01,2019-01-01,,ASC_AMORTIZATION_SCHEDULE,Frozen archive of ASC_AMORTIZATION_SCHEDULE for fiscal year 2017
ARC_ASC_AMORTIZATION_SCHEDULE_2018,ADMIN_PLATFORM,TRANSACTION,ASC 606,Comp Accounting,ARCHIVE,6391505,29,1624.28,2,True,False,0,2020-08-01,2020-08-04,,ASC_AMORTIZATION_SCHEDULE,Frozen archive of ASC_AMORTIZATION_SCHEDULE for fiscal year 2018
ARC_ASC_AMORTIZATION_SCHEDULE_2019,ADMIN_PLATFORM,TRANSACTION,ASC 606,Comp Accounting,ARCHIVE,8520649,29,2083.7,1,True,False,0,2021-02-01,2021-02-05,,ASC_AMORTIZATION_SCHEDULE,Frozen archive of ASC_AMORTIZATION_SCHEDULE for fiscal year 2019
ARC_ASC_AMORTIZATION_SCHEDULE_2020,ADMIN_PLATFORM,TRANSACTION,ASC 606,Comp Accounting,ARCHIVE,7670723,29,3067.93,2,True,False,0,2022-03-01,2022-03-04,,ASC_AMORTIZATION_SCHEDULE,Frozen archive of ASC_AMORTIZATION_SCHEDULE for fiscal year 2020
ARC_ASC_AMORTIZATION_SCHEDULE_2021,ADMIN_PLATFORM,TRANSACTION,ASC 606,Comp Accounting,ARCHIVE,8850745,29,2740.81,2,True,False,0,2023-04-01,2023-04-04,,ASC_AMORTIZATION_SCHEDULE,Frozen archive of ASC_AMORTIZATION_SCHEDULE for fiscal year 2021
ARC_ASC_CAPITALIZED_COST,ADMIN_PLATFORM,TRANSACTION,ASC 606,Comp Accounting,ARCHIVE,4060511,100,3392.31,2,True,False,57735,2020-11-07,2026-09-04,,ASC_CAPITALIZED_COST,Rolling archive of aged rows from FINANCE_GL.ASC_CAPITALIZED_COST
ARC_AUD_APPROVAL_TRAIL,ADMIN_PLATFORM,SYSTEM,Audit,Internal Controls,ARCHIVE,18057818,13,1947.29,1,False,False,349744,2018-08-03,2026-09-16,,AUD_APPROVAL_TRAIL,Rolling archive of aged rows from ADMIN_PLATFORM.AUD_APPROVAL_TRAIL
ARC_AUD_AUDIT_EVENT,ADMIN_PLATFORM,SYSTEM,Audit,Internal Controls,ARCHIVE,3839437854,19,907233.48,1,True,True,52230924,2018-11-08,2026-09-30,,AUD_AUDIT_EVENT,Rolling archive of aged rows from ADMIN_PLATFORM.AUD_AUDIT_EVENT
ARC_AUD_AUDIT_EVENT_2016,ADMIN_PLATFORM,SYSTEM,Audit,Internal Controls,ARCHIVE,144693294,19,21338.49,1,True,True,0,2018-06-01,2018-06-05,,AUD_AUDIT_EVENT,Frozen archive of AUD_AUDIT_EVENT for fiscal year 2016
ARC_AUD_AUDIT_EVENT_2017,ADMIN_PLATFORM,SYSTEM,Audit,Internal Controls,ARCHIVE,180153751,19,30308.71,2,True,True,0,2019-07-01,2019-07-01,,AUD_AUDIT_EVENT,Frozen archive of AUD_AUDIT_EVENT for fiscal year 2017
ARC_AUD_AUDIT_EVENT_2018,ADMIN_PLATFORM,SYSTEM,Audit,Internal Controls,ARCHIVE,182800198,19,33920.89,1,True,False,0,2020-07-01,2020-07-05,,AUD_AUDIT_EVENT,Frozen archive of AUD_AUDIT_EVENT for fiscal year 2018
ARC_AUD_AUDIT_EVENT_2019,ADMIN_PLATFORM,SYSTEM,Audit,Internal Controls,ARCHIVE,173727644,19,28083.09,1,True,True,0,2021-05-01,2021-05-02,,AUD_AUDIT_EVENT,Frozen archive of AUD_AUDIT_EVENT for fiscal year 2019
ARC_AUD_DATA_CHANGE_LOG,ADMIN_PLATFORM,SYSTEM,Audit,Internal Controls,ARCHIVE,279575403,29,97432.24,2,True,True,7837465,2020-09-23,2026-09-21,,AUD_DATA_CHANGE_LOG,Rolling archive of aged rows from ADMIN_PLATFORM.AUD_DATA_CHANGE_LOG
ARC_AUD_EXPORT_LOG,ADMIN_PLATFORM,SYSTEM,Audit,Internal Controls,ARCHIVE,810240,23,212.84,2,True,False,14080,2020-04-17,2026-09-07,,AUD_EXPORT_LOG,Rolling archive of aged rows from ADMIN_PLATFORM.AUD_EXPORT_LOG
ARC_AUD_FIELD_HISTORY,ADMIN_PLATFORM,SYSTEM,Audit,Internal Controls,ARCHIVE,270644325,19,58071.05,2,True,True,5720380,2019-05-01,2026-09-27,,AUD_FIELD_HISTORY,Rolling archive of aged rows from ADMIN_PLATFORM.AUD_FIELD_HISTORY
ARC_BUD_COMP_FORECAST,ADMIN_PLATFORM,DATA,Budget & Forecast,FP&A,ARCHIVE,871358,50,310.83,1,True,False,6191,2018-07-24,2026-09-09,,BUD_COMP_FORECAST,Rolling archive of aged rows from FINANCE_GL.BUD_COMP_FORECAST
ARC_BUD_VARIANCE_ANALYSIS,ADMIN_PLATFORM,DATA,Budget & Forecast,Finance Systems,ARCHIVE,665921,15,133.16,2,True,False,6755,2019-11-13,2026-10-03,,BUD_VARIANCE_ANALYSIS,Rolling archive of aged rows from FINANCE_GL.BUD_VARIANCE_ANALYSIS
ARC_CAL_ATTAINMENT_SNAPSHOT,ADMIN_PLATFORM,DATA,Calculation,Comp Engineering,ARCHIVE,52908629,32,12042.04,2,True,True,694235,2018-09-01,2026-09-26,,CAL_ATTAINMENT_SNAPSHOT,Rolling archive of aged rows from CORE_COMP.CAL_ATTAINMENT_SNAPSHOT
ARC_CAL_CALC_RUN_STEP,ADMIN_PLATFORM,SYSTEM,Calculation,Comp Engineering,ARCHIVE,1363468,13,240.71,1,True,False,20105,2019-12-31,2026-09-05,,CAL_CALC_RUN_STEP,Rolling archive of aged rows from CORE_COMP.CAL_CALC_RUN_STEP
ARC_CAL_DEPOSIT,ADMIN_PLATFORM,TRANSACTION,Calculation,Comp Engineering,ARCHIVE,68007839,62,45887.11,1,True,False,1051283,2019-06-17,2026-09-22,,CAL_DEPOSIT,Rolling archive of aged rows from CORE_COMP.CAL_DEPOSIT
ARC_CAL_EARNING,ADMIN_PLATFORM,TRANSACTION,Calculation,Comp Engineering,ARCHIVE,107722932,106,95548.05,2,True,False,1153081,2019-08-08,2026-09-12,,CAL_EARNING,Rolling archive of aged rows from CORE_COMP.CAL_EARNING
ARC_CAL_EARNING_2015,ADMIN_PLATFORM,TRANSACTION,Calculation,Comp Engineering,ARCHIVE,5058746,106,4987.32,1,True,False,0,2017-02-01,2017-02-04,,CAL_EARNING,Frozen archive of CAL_EARNING for fiscal year 2015
ARC_CAL_EARNING_2016,ADMIN_PLATFORM,TRANSACTION,Calculation,Comp Engineering,ARCHIVE,6758095,106,5662.47,2,True,False,0,2018-12-01,2018-12-04,,CAL_EARNING,Frozen archive of CAL_EARNING for fiscal year 2016
ARC_CAL_EARNING_2017,ADMIN_PLATFORM,TRANSACTION,Calculation,Comp Engineering,ARCHIVE,6143349,106,5954.28,1,True,False,0,2019-01-01,2019-01-03,,CAL_EARNING,Frozen archive of CAL_EARNING for fiscal year 2017
ARC_CAL_EARNING_2018,ADMIN_PLATFORM,TRANSACTION,Calculation,Comp Engineering,ARCHIVE,6486562,106,7278.16,2,True,False,0,2020-03-01,2020-03-05,,CAL_EARNING,Frozen archive of CAL_EARNING for fiscal year 2018
ARC_CAL_EARNING_DETAIL_2016,ADMIN_PLATFORM,TRANSACTION,Calculation,Comp Engineering,ARCHIVE,80055499,135,120009.59,1,True,True,0,2018-09-01,2018-09-06,,CAL_EARNING_DETAIL,Frozen archive of CAL_EARNING_DETAIL for fiscal year 2016
ARC_CAL_EARNING_DETAIL_2017,ADMIN_PLATFORM,TRANSACTION,Calculation,Comp Engineering,ARCHIVE,108006935,135,108150.16,1,True,True,0,2019-12-01,2019-12-02,,CAL_EARNING_DETAIL,Frozen archive of CAL_EARNING_DETAIL for fiscal year 2017
ARC_CAL_EARNING_DETAIL_2018,ADMIN_PLATFORM,TRANSACTION,Calculation,Comp Engineering,ARCHIVE,100449646,135,88528.39,1,True,True,0,2020-06-01,2020-06-05,,CAL_EARNING_DETAIL,Frozen archive of CAL_EARNING_DETAIL for fiscal year 2018
ARC_CAL_INCENTIVE_RESULT,ADMIN_PLATFORM,TRANSACTION,Calculation,Comp Engineering,ARCHIVE,136909678,41,67111.05,1,True,True,2687412,2018-07-04,2026-09-29,,CAL_INCENTIVE_RESULT,Rolling archive of aged rows from CORE_COMP.CAL_INCENTIVE_RESULT
ARC_CAL_INCENTIVE_RESULT_2014,ADMIN_PLATFORM,TRANSACTION,Calculation,Comp Engineering,ARCHIVE,9787709,41,2847.72,2,True,False,0,2016-02-01,2016-02-04,,CAL_INCENTIVE_RESULT,Frozen archive of CAL_INCENTIVE_RESULT for fiscal year 2014
ARC_CAL_INCENTIVE_RESULT_2015,ADMIN_PLATFORM,TRANSACTION,Calculation,Comp Engineering,ARCHIVE,10782917,41,4174.34,2,True,False,0,2017-09-01,2017-09-05,,CAL_INCENTIVE_RESULT,Frozen archive of CAL_INCENTIVE_RESULT for fiscal year 2015
ARC_CAL_INCENTIVE_RESULT_2016,ADMIN_PLATFORM,TRANSACTION,Calculation,Comp Engineering,ARCHIVE,14744602,41,6724.27,2,True,False,0,2018-11-01,2018-11-02,,CAL_INCENTIVE_RESULT,Frozen archive of CAL_INCENTIVE_RESULT for fiscal year 2016
ARC_CAL_INCENTIVE_RESULT_2017,ADMIN_PLATFORM,TRANSACTION,Calculation,Comp Engineering,ARCHIVE,15990291,41,5502.79,2,True,False,0,2019-08-01,2019-08-06,,CAL_INCENTIVE_RESULT,Frozen archive of CAL_INCENTIVE_RESULT for fiscal year 2017
ARC_CAL_INCENTIVE_RESULT_2018,ADMIN_PLATFORM,TRANSACTION,Calculation,Comp Engineering,ARCHIVE,13689703,41,4882.67,2,True,False,0,2020-08-01,2020-08-05,,CAL_INCENTIVE_RESULT,Frozen archive of CAL_INCENTIVE_RESULT for fiscal year 2018
ARC_CAL_INCENTIVE_RESULT_2019,ADMIN_PLATFORM,TRANSACTION,Calculation,Comp Engineering,ARCHIVE,19802678,41,6285.44,1,True,False,0,2021-10-01,2021-10-02,,CAL_INCENTIVE_RESULT,Frozen archive of CAL_INCENTIVE_RESULT for fiscal year 2019
ARC_CAL_INCENTIVE_RESULT_2020,ADMIN_PLATFORM,TRANSACTION,Calculation,Comp Engineering,ARCHIVE,17345917,41,5904.41,1,False,False,0,2022-07-01,2022-07-02,,CAL_INCENTIVE_RESULT,Frozen archive of CAL_INCENTIVE_RESULT for fiscal year 2020
ARC_CAL_MEASURE_RESULT,ADMIN_PLATFORM,TRANSACTION,Calculation,Comp Engineering,ARCHIVE,485817700,97,550407.64,2,True,True,10984442,2019-08-28,2026-09-29,,CAL_MEASURE_RESULT,Rolling archive of aged rows from CORE_COMP.CAL_MEASURE_RESULT
ARC_CLB_CLAWBACK,ADMIN_PLATFORM,TRANSACTION,Clawbacks,Comp Accounting,ARCHIVE,302170,86,154.48,1,True,False,4115,2019-04-21,2026-09-07,,CLB_CLAWBACK,Rolling archive of aged rows from FINANCE_GL.CLB_CLAWBACK
ARC_CLB_CLAWBACK_SCHEDULE,ADMIN_PLATFORM,DATA,Clawbacks,Comp Accounting,ARCHIVE,333822,25,56.67,1,True,False,4557,2019-11-28,2026-10-06,,CLB_CLAWBACK_SCHEDULE,Rolling archive of aged rows from FINANCE_GL.CLB_CLAWBACK_SCHEDULE
ARC_CLB_WRITE_OFF,ADMIN_PLATFORM,TRANSACTION,Clawbacks,Comp Accounting,ARCHIVE,87668,53,34.34,2,True,False,1031,2017-07-02,2026-10-05,,CLB_WRITE_OFF,Rolling archive of aged rows from FINANCE_GL.CLB_WRITE_OFF
ARC_CMP_BONUS_AWARD,ADMIN_PLATFORM,TRANSACTION,Incentives,Comp Operations,ARCHIVE,559593,58,298.81,1,True,False,8470,2017-12-09,2026-10-04,,CMP_BONUS_AWARD,Rolling archive of aged rows from CORE_COMP.CMP_BONUS_AWARD
ARC_CMP_PLAN_ASSIGNMENT,ADMIN_PLATFORM,DATA,Plans,Comp Plan Design,ARCHIVE,247447,43,116.86,1,True,False,2478,2017-01-08,2026-09-08,,CMP_PLAN_ASSIGNMENT,Rolling archive of aged rows from CORE_COMP.CMP_PLAN_ASSIGNMENT
ARC_CMP_PLAN_ELIGIBILITY_RULE,ADMIN_PLATFORM,CONFIG,Plans,Comp Plan Design,ARCHIVE,1165,20,0.24,1,True,False,11,2020-03-08,2026-09-16,,CMP_PLAN_ELIGIBILITY_RULE,Rolling archive of aged rows from CORE_COMP.CMP_PLAN_ELIGIBILITY_RULE
ARC_CMP_PLAN_GOAL_SHEET,ADMIN_PLATFORM,DATA,Plans,Comp Plan Design,ARCHIVE,303675,31,111.85,2,True,False,4775,2019-11-14,2026-09-20,,CMP_PLAN_GOAL_SHEET,Rolling archive of aged rows from CORE_COMP.CMP_PLAN_GOAL_SHEET
ARC_CMP_SPIFF_AWARD,ADMIN_PLATFORM,TRANSACTION,Incentives,Comp Plan Design,ARCHIVE,1699534,107,1538.78,1,True,False,39866,2020-10-19,2026-09-19,,CMP_SPIFF_AWARD,Rolling archive of aged rows from CORE_COMP.CMP_SPIFF_AWARD
ARC_CRD_CREDIT_ALLOCATION,ADMIN_PLATFORM,TRANSACTION,Crediting,Comp Operations,ARCHIVE,753033915,131,675135.43,1,True,True,10983418,2019-07-09,2026-09-10,,CRD_CREDIT_ALLOCATION,Rolling archive of aged rows from CORE_COMP.CRD_CREDIT_ALLOCATION
ARC_CRD_CREDIT_ALLOCATION_2016,ADMIN_PLATFORM,TRANSACTION,Crediting,Comp Operations,ARCHIVE,28599277,131,38745.11,1,True,False,0,2018-03-01,2018-03-06,,CRD_CREDIT_ALLOCATION,Frozen archive of CRD_CREDIT_ALLOCATION for fiscal year 2016
ARC_CRD_CREDIT_ALLOCATION_2017,ADMIN_PLATFORM,TRANSACTION,Crediting,Comp Operations,ARCHIVE,34690534,131,31429.98,1,True,False,0,2019-01-01,2019-01-06,,CRD_CREDIT_ALLOCATION,Frozen archive of CRD_CREDIT_ALLOCATION for fiscal year 2017
ARC_CRD_CREDIT_ALLOCATION_2018,ADMIN_PLATFORM,TRANSACTION,Crediting,Comp Operations,ARCHIVE,41473370,131,38422.32,2,True,False,0,2020-07-01,2020-07-02,,CRD_CREDIT_ALLOCATION,Frozen archive of CRD_CREDIT_ALLOCATION for fiscal year 2018
ARC_CRD_CREDIT_ALLOCATION_2019,ADMIN_PLATFORM,TRANSACTION,Crediting,Comp Operations,ARCHIVE,47196689,131,41892.26,1,True,False,0,2021-12-01,2021-12-01,,CRD_CREDIT_ALLOCATION,Frozen archive of CRD_CREDIT_ALLOCATION for fiscal year 2019
ARC_CRD_CREDIT_ALLOCATION_2020,ADMIN_PLATFORM,TRANSACTION,Crediting,Comp Operations,ARCHIVE,40231799,131,51595.09,1,True,False,0,2022-12-01,2022-12-02,,CRD_CREDIT_ALLOCATION,Frozen archive of CRD_CREDIT_ALLOCATION for fiscal year 2020
ARC_CRD_CREDIT_HOLD,ADMIN_PLATFORM,TRANSACTION,Crediting,Comp Engineering,ARCHIVE,4583125,64,2422.9,1,True,False,51302,2018-05-25,2026-09-13,,CRD_CREDIT_HOLD,Rolling archive of aged rows from CORE_COMP.CRD_CREDIT_HOLD
ARC_CRD_CREDIT_REVERSAL,ADMIN_PLATFORM,TRANSACTION,Crediting,Comp Engineering,ARCHIVE,5195403,93,4124.25,2,True,False,58304,2019-01-12,2026-09-06,,CRD_CREDIT_REVERSAL,Rolling archive of aged rows from CORE_COMP.CRD_CREDIT_REVERSAL
ARC_CRD_CREDIT_ROLLUP,ADMIN_PLATFORM,TRANSACTION,Crediting,Comp Engineering,ARCHIVE,67660258,109,60359.0,2,True,True,944985,2020-07-03,2026-09-10,,CRD_CREDIT_ROLLUP,Rolling archive of aged rows from CORE_COMP.CRD_CREDIT_ROLLUP
ARC_CRD_CREDIT_ROLLUP_2014,ADMIN_PLATFORM,TRANSACTION,Crediting,Comp Engineering,ARCHIVE,7231944,109,9048.36,2,True,False,0,2016-04-01,2016-04-05,,CRD_CREDIT_ROLLUP,Frozen archive of CRD_CREDIT_ROLLUP for fiscal year 2014
ARC_CRD_CREDIT_ROLLUP_2015,ADMIN_PLATFORM,TRANSACTION,Crediting,Comp Engineering,ARCHIVE,8157746,109,7497.58,2,True,False,0,2017-06-01,2017-06-03,,CRD_CREDIT_ROLLUP,Frozen archive of CRD_CREDIT_ROLLUP for fiscal year 2015
ARC_CRD_CREDIT_ROLLUP_2016,ADMIN_PLATFORM,TRANSACTION,Crediting,Comp Engineering,ARCHIVE,12396052,109,8785.77,2,True,False,0,2018-03-01,2018-03-06,,CRD_CREDIT_ROLLUP,Frozen archive of CRD_CREDIT_ROLLUP for fiscal year 2016
ARC_CRD_CREDIT_ROLLUP_2017,ADMIN_PLATFORM,TRANSACTION,Crediting,Comp Engineering,ARCHIVE,15578505,109,10458.11,1,True,False,0,2019-07-01,2019-07-06,,CRD_CREDIT_ROLLUP,Frozen archive of CRD_CREDIT_ROLLUP for fiscal year 2017
ARC_CRD_CREDIT_ROLLUP_2018,ADMIN_PLATFORM,TRANSACTION,Crediting,Comp Engineering,ARCHIVE,12579302,109,12522.21,1,True,False,0,2020-07-01,2020-07-04,,CRD_CREDIT_ROLLUP,Frozen archive of CRD_CREDIT_ROLLUP for fiscal year 2018
ARC_CRD_CREDIT_TXN,ADMIN_PLATFORM,TRANSACTION,Crediting,Comp Engineering,ARCHIVE,785182353,63,408100.84,1,True,True,10581572,2020-03-11,2026-09-26,,CRD_CREDIT_TXN,Rolling archive of aged rows from CORE_COMP.CRD_CREDIT_TXN
ARC_CRD_CREDIT_TXN_DETAIL,ADMIN_PLATFORM,TRANSACTION,Crediting,Comp Operations,ARCHIVE,2413008112,67,2162464.18,2,True,True,33688169,2020-09-12,2026-09-06,,CRD_CREDIT_TXN_DETAIL,Rolling archive of aged rows from CORE_COMP.CRD_CREDIT_TXN_DETAIL
ARC_CRD_DIRECT_CREDIT,ADMIN_PLATFORM,TRANSACTION,Crediting,Comp Engineering,ARCHIVE,136407473,64,98702.32,1,True,True,1822282,2019-12-04,2026-09-16,,CRD_DIRECT_CREDIT,Rolling archive of aged rows from CORE_COMP.CRD_DIRECT_CREDIT
ARC_CRD_OVERLAY_CREDIT,ADMIN_PLATFORM,TRANSACTION,Crediting,Comp Engineering,ARCHIVE,59100076,23,15508.37,1,True,True,666445,2018-02-23,2026-09-21,,CRD_OVERLAY_CREDIT,Rolling archive of aged rows from CORE_COMP.CRD_OVERLAY_CREDIT
ARC_DSP_DISPUTE,ADMIN_PLATFORM,TRANSACTION,Disputes,Comp Operations,ARCHIVE,520068,104,403.42,1,True,False,10427,2018-07-20,2026-09-03,,DSP_DISPUTE,Rolling archive of aged rows from CORE_COMP.DSP_DISPUTE
ARC_DSP_DISPUTE_COMMENT,ADMIN_PLATFORM,DATA,Disputes,Comp Operations,ARCHIVE,2292727,48,1283.06,1,True,False,31333,2019-04-29,2026-09-28,,DSP_DISPUTE_COMMENT,Rolling archive of aged rows from CORE_COMP.DSP_DISPUTE_COMMENT
ARC_DSP_DISPUTE_LINE,ADMIN_PLATFORM,TRANSACTION,Disputes,Comp Operations,ARCHIVE,1226258,82,1022.31,1,False,False,20815,2020-01-04,2026-09-03,,DSP_DISPUTE_LINE,Rolling archive of aged rows from CORE_COMP.DSP_DISPUTE_LINE
ARC_DSP_DISPUTE_RESOLUTION,ADMIN_PLATFORM,TRANSACTION,Disputes,Comp Operations,ARCHIVE,1035778,63,488.1,2,True,False,27398,2020-07-24,2026-09-20,,DSP_DISPUTE_RESOLUTION,Rolling archive of aged rows from CORE_COMP.DSP_DISPUTE_RESOLUTION
ARC_DSP_INQUIRY_CASE,ADMIN_PLATFORM,TRANSACTION,Disputes,Comp Operations,ARCHIVE,419051,112,525.4,1,True,False,9138,2019-05-29,2026-09-20,,DSP_INQUIRY_CASE,Rolling archive of aged rows from CORE_COMP.DSP_INQUIRY_CASE
ARC_DSP_SLA_POLICY,ADMIN_PLATFORM,CONFIG,Disputes,Comp Operations,ARCHIVE,10,41,0.12,1,True,False,0,2017-11-21,2026-09-14,,DSP_SLA_POLICY,Rolling archive of aged rows from CORE_COMP.DSP_SLA_POLICY
ARC_FIN_ACCRUAL,ADMIN_PLATFORM,TRANSACTION,Accruals,Finance Systems,ARCHIVE,5123893,20,823.99,1,True,False,87353,2020-10-12,2026-09-10,,FIN_ACCRUAL,Rolling archive of aged rows from FINANCE_GL.FIN_ACCRUAL
ARC_FIN_ACCRUAL_DETAIL,ADMIN_PLATFORM,TRANSACTION,Accruals,Finance Systems,ARCHIVE,127231496,87,129569.21,1,True,True,2067726,2019-03-30,2026-09-04,,FIN_ACCRUAL_DETAIL,Rolling archive of aged rows from FINANCE_GL.FIN_ACCRUAL_DETAIL
ARC_FIN_ACCRUAL_REVERSAL,ADMIN_PLATFORM,TRANSACTION,Accruals,Finance Systems,ARCHIVE,1072725,25,357.63,2,True,False,13948,2019-10-09,2026-09-05,,FIN_ACCRUAL_REVERSAL,Rolling archive of aged rows from FINANCE_GL.FIN_ACCRUAL_REVERSAL
ARC_FIN_SOX_EVIDENCE,ADMIN_PLATFORM,DATA,Controls & SOX,Internal Controls,ARCHIVE,146727,52,57.86,2,True,False,1612,2020-02-20,2026-10-03,,FIN_SOX_EVIDENCE,Rolling archive of aged rows from FINANCE_GL.FIN_SOX_EVIDENCE
ARC_FX_REVALUATION,ADMIN_PLATFORM,TRANSACTION,FX,Treasury Systems,ARCHIVE,1274994,111,1497.98,1,True,False,16949,2019-08-25,2026-09-19,,FX_REVALUATION,Rolling archive of aged rows from FINANCE_GL.FX_REVALUATION
ARC_GL_COST_CENTER,ADMIN_PLATFORM,DATA,General Ledger,Finance Systems,ARCHIVE,14994,51,7.74,1,True,False,223,2020-04-01,2026-09-08,,GL_COST_CENTER,Rolling archive of aged rows from FINANCE_GL.GL_COST_CENTER
ARC_GL_JOURNAL_BATCH,ADMIN_PLATFORM,DATA,General Ledger,Finance Systems,ARCHIVE,34313,72,30.83,2,True,False,564,2019-07-16,2026-09-15,,GL_JOURNAL_BATCH,Rolling archive of aged rows from FINANCE_GL.GL_JOURNAL_BATCH
ARC_GL_JOURNAL_ENTRY,ADMIN_PLATFORM,TRANSACTION,General Ledger,Finance Systems,ARCHIVE,11459463,59,5767.79,1,True,False,192232,2017-04-07,2026-10-05,,GL_JOURNAL_ENTRY,Rolling archive of aged rows from FINANCE_GL.GL_JOURNAL_ENTRY
ARC_GL_JOURNAL_LINE,ADMIN_PLATFORM,TRANSACTION,General Ledger,Comp Accounting,ARCHIVE,394830191,26,85140.33,2,True,False,8940458,2020-02-25,2026-10-02,,GL_JOURNAL_LINE,Rolling archive of aged rows from FINANCE_GL.GL_JOURNAL_LINE
ARC_GL_JOURNAL_LINE_2015,ADMIN_PLATFORM,TRANSACTION,General Ledger,Comp Accounting,ARCHIVE,15074105,26,3471.61,2,True,False,0,2017-10-01,2017-10-04,,GL_JOURNAL_LINE,Frozen archive of GL_JOURNAL_LINE for fiscal year 2015
ARC_GL_JOURNAL_LINE_2016,ADMIN_PLATFORM,TRANSACTION,General Ledger,Comp Accounting,ARCHIVE,13184612,26,4250.49,2,True,False,0,2018-09-01,2018-09-03,,GL_JOURNAL_LINE,Frozen archive of GL_JOURNAL_LINE for fiscal year 2016
ARC_GL_JOURNAL_LINE_2017,ADMIN_PLATFORM,TRANSACTION,General Ledger,Comp Accounting,ARCHIVE,20145565,26,6029.48,2,True,False,0,2019-01-01,2019-01-05,,GL_JOURNAL_LINE,Frozen archive of GL_JOURNAL_LINE for fiscal year 2017
ARC_GL_JOURNAL_LINE_2018,ADMIN_PLATFORM,TRANSACTION,General Ledger,Comp Accounting,ARCHIVE,22064597,26,4826.03,1,True,False,0,2020-07-01,2020-07-02,,GL_JOURNAL_LINE,Frozen archive of GL_JOURNAL_LINE for fiscal year 2018
ARC_GL_JOURNAL_LINE_2019,ADMIN_PLATFORM,TRANSACTION,General Ledger,Comp Accounting,ARCHIVE,20059276,26,5147.04,1,True,False,0,2021-04-01,2021-04-01,,GL_JOURNAL_LINE,Frozen archive of GL_JOURNAL_LINE for fiscal year 2019
ARC_GL_JOURNAL_LINE_2020,ADMIN_PLATFORM,TRANSACTION,General Ledger,Comp Accounting,ARCHIVE,29715244,26,8255.32,2,True,False,0,2022-09-01,2022-09-06,,GL_JOURNAL_LINE,Frozen archive of GL_JOURNAL_LINE for fiscal year 2020
ARC_GL_JOURNAL_LINE_2021,ADMIN_PLATFORM,TRANSACTION,General Ledger,Comp Accounting,ARCHIVE,31413976,26,7169.86,1,True,False,0,2023-09-01,2023-09-03,,GL_JOURNAL_LINE,Frozen archive of GL_JOURNAL_LINE for fiscal year 2021
ARC_GL_PERIOD_BALANCE,ADMIN_PLATFORM,DATA,General Ledger,Comp Accounting,ARCHIVE,9435717,34,3121.13,2,True,False,135852,2019-07-18,2026-09-15,,GL_PERIOD_BALANCE,Rolling archive of aged rows from FINANCE_GL.GL_PERIOD_BALANCE
ARC_HRC_HIERARCHY_NODE,ADMIN_PLATFORM,DATA,Hierarchy,HR Systems,ARCHIVE,440892,35,153.41,1,True,False,6488,2018-10-22,2026-10-05,,HRC_HIERARCHY_NODE,Rolling archive of aged rows from SALES_OPS.HRC_HIERARCHY_NODE
ARC_HRC_MANAGER_ROLLUP,ADMIN_PLATFORM,DATA,Hierarchy,Sales Planning,ARCHIVE,1920654,35,675.68,1,True,False,36122,2020-02-07,2026-09-25,,HRC_MANAGER_ROLLUP,Rolling archive of aged rows from SALES_OPS.HRC_MANAGER_ROLLUP
ARC_INT_BILLING_INVOICE_FEED,ADMIN_PLATFORM,TRANSACTION,Integration,Integration Team,ARCHIVE,128704099,103,96761.44,1,True,False,1165211,2017-10-12,2026-10-05,,INT_BILLING_INVOICE_FEED,Rolling archive of aged rows from SALES_OPS.INT_BILLING_INVOICE_FEED
ARC_INT_BILLING_INVOICE_FEED_2017,ADMIN_PLATFORM,TRANSACTION,Integration,Integration Team,ARCHIVE,12672118,103,12066.97,1,True,False,0,2019-07-01,2019-07-05,,INT_BILLING_INVOICE_FEED,Frozen archive of INT_BILLING_INVOICE_FEED for fiscal year 2017
ARC_INT_BILLING_INVOICE_FEED_2018,ADMIN_PLATFORM,TRANSACTION,Integration,Integration Team,ARCHIVE,11593358,103,11961.6,1,True,False,0,2020-01-01,2020-01-06,,INT_BILLING_INVOICE_FEED,Frozen archive of INT_BILLING_INVOICE_FEED for fiscal year 2018
ARC_INT_CDC_WATERMARK,ADMIN_PLATFORM,SYSTEM,Integration,Data Engineering,ARCHIVE,814,30,0.18,1,True,False,14,2020-04-15,2026-09-21,,INT_CDC_WATERMARK,Rolling archive of aged rows from SALES_OPS.INT_CDC_WATERMARK
ARC_INT_CRM_OPPORTUNITY_FEED,ADMIN_PLATFORM,TRANSACTION,Integration,Integration Team,ARCHIVE,39347211,102,46366.13,1,True,False,853527,2019-08-31,2026-09-13,,INT_CRM_OPPORTUNITY_FEED,Rolling archive of aged rows from SALES_OPS.INT_CRM_OPPORTUNITY_FEED
ARC_INT_ERP_ORDER_FEED,ADMIN_PLATFORM,TRANSACTION,Integration,Integration Team,ARCHIVE,92946561,76,55282.48,1,True,True,1678999,2020-09-15,2026-09-26,,INT_ERP_ORDER_FEED,Rolling archive of aged rows from SALES_OPS.INT_ERP_ORDER_FEED
ARC_INT_FEED_CONTROL,ADMIN_PLATFORM,SYSTEM,Integration,Unassigned,ARCHIVE,23742,22,5.87,1,False,False,420,2017-02-17,2026-09-03,,INT_FEED_CONTROL,Rolling archive of aged rows from SALES_OPS.INT_FEED_CONTROL
ARC_INT_FILE_MANIFEST,ADMIN_PLATFORM,SYSTEM,Integration,Integration Team,ARCHIVE,217963,12,36.36,2,True,False,2591,2018-12-22,2026-09-04,,INT_FILE_MANIFEST,Rolling archive of aged rows from SALES_OPS.INT_FILE_MANIFEST
ARC_INT_HRIS_EMPLOYEE_FEED,ADMIN_PLATFORM,DATA,Integration,Integration Team,ARCHIVE,253940,73,199.53,2,True,False,2898,2017-07-23,2026-09-02,,INT_HRIS_EMPLOYEE_FEED,Rolling archive of aged rows from SALES_OPS.INT_HRIS_EMPLOYEE_FEED
ARC_INT_HRIS_JOB_CHANGE_FEED,ADMIN_PLATFORM,TRANSACTION,Integration,Integration Team,ARCHIVE,637783,98,543.16,1,True,False,5515,2018-02-05,2026-10-06,,INT_HRIS_JOB_CHANGE_FEED,Rolling archive of aged rows from SALES_OPS.INT_HRIS_JOB_CHANGE_FEED
ARC_INT_PARTNER_POS_FEED,ADMIN_PLATFORM,TRANSACTION,Integration,Data Engineering,ARCHIVE,35498085,33,14346.38,1,True,False,512221,2017-03-06,2026-09-26,,INT_PARTNER_POS_FEED,Rolling archive of aged rows from SALES_OPS.INT_PARTNER_POS_FEED
ARC_ORD_BOOKING,ADMIN_PLATFORM,TRANSACTION,Orders,Sales Operations,ARCHIVE,102232320,104,105238.19,2,True,True,1491186,2020-08-03,2026-10-05,,ORD_BOOKING,Rolling archive of aged rows from SALES_OPS.ORD_BOOKING
ARC_ORD_CONTRACT,ADMIN_PLATFORM,DATA,Orders,Integration Team,ARCHIVE,725801,62,399.17,1,True,False,8386,2019-07-21,2026-09-14,,ORD_CONTRACT,Rolling archive of aged rows from SALES_OPS.ORD_CONTRACT
ARC_ORD_INVOICE,ADMIN_PLATFORM,TRANSACTION,Orders,Sales Operations,ARCHIVE,73426587,101,84015.99,2,True,True,934632,2018-02-05,2026-10-05,,ORD_INVOICE,Rolling archive of aged rows from SALES_OPS.ORD_INVOICE
ARC_ORD_INVOICE_LINE,ADMIN_PLATFORM,TRANSACTION,Orders,Sales Operations,ARCHIVE,506869312,37,241177.52,2,True,True,5287636,2018-04-28,2026-09-08,,ORD_INVOICE_LINE,Rolling archive of aged rows from SALES_OPS.ORD_INVOICE_LINE
ARC_ORD_ORDER_LINE,ADMIN_PLATFORM,TRANSACTION,Orders,Sales Operations,ARCHIVE,272276582,75,197037.98,2,True,True,2474134,2018-08-27,2026-09-11,,ORD_ORDER_LINE,Rolling archive of aged rows from SALES_OPS.ORD_ORDER_LINE
ARC_ORD_ORDER_LINE_SPLIT,ADMIN_PLATFORM,TRANSACTION,Orders,Integration Team,ARCHIVE,100629776,69,44611.27,2,True,True,1419478,2018-11-28,2026-09-14,,ORD_ORDER_LINE_SPLIT,Rolling archive of aged rows from SALES_OPS.ORD_ORDER_LINE_SPLIT
ARC_ORD_ORDER_LINE_SPLIT_2017,ADMIN_PLATFORM,TRANSACTION,Orders,Integration Team,ARCHIVE,9987009,69,5354.11,2,True,False,0,2019-10-01,2019-10-04,,ORD_ORDER_LINE_SPLIT,Frozen archive of ORD_ORDER_LINE_SPLIT for fiscal year 2017
ARC_ORD_ORDER_LINE_SPLIT_2018,ADMIN_PLATFORM,TRANSACTION,Orders,Integration Team,ARCHIVE,11291359,69,6497.6,2,True,False,0,2020-05-01,2020-05-01,,ORD_ORDER_LINE_SPLIT,Frozen archive of ORD_ORDER_LINE_SPLIT for fiscal year 2018
ARC_ORD_ORDER_LINE_SPLIT_2019,ADMIN_PLATFORM,TRANSACTION,Orders,Integration Team,ARCHIVE,16191320,69,12011.01,2,True,False,0,2021-05-01,2021-05-01,,ORD_ORDER_LINE_SPLIT,Frozen archive of ORD_ORDER_LINE_SPLIT for fiscal year 2019
ARC_ORD_ORDER_LINE_SPLIT_2020,ADMIN_PLATFORM,TRANSACTION,Orders,Integration Team,ARCHIVE,16650341,69,9328.53,1,True,False,0,2022-01-01,2022-01-01,,ORD_ORDER_LINE_SPLIT,Frozen archive of ORD_ORDER_LINE_SPLIT for fiscal year 2020
ARC_ORD_ORDER_LINE_SPLIT_2021,ADMIN_PLATFORM,TRANSACTION,Orders,Integration Team,ARCHIVE,17838562,69,12491.65,2,True,False,0,2023-10-01,2023-10-02,,ORD_ORDER_LINE_SPLIT,Frozen archive of ORD_ORDER_LINE_SPLIT for fiscal year 2021
ARC_ORD_RETURN,ADMIN_PLATFORM,TRANSACTION,Orders,Sales Operations,ARCHIVE,2736878,36,996.3,1,True,False,38179,2018-01-18,2026-09-05,,ORD_RETURN,Rolling archive of aged rows from SALES_OPS.ORD_RETURN
ARC_ORD_SALES_ORDER,ADMIN_PLATFORM,TRANSACTION,Orders,Sales Operations,ARCHIVE,61880764,105,75142.24,1,True,True,941988,2020-05-29,2026-10-02,,ORD_SALES_ORDER,Rolling archive of aged rows from SALES_OPS.ORD_SALES_ORDER
ARC_ORD_SUBSCRIPTION_RENEWAL,ADMIN_PLATFORM,TRANSACTION,Orders,Integration Team,ARCHIVE,17456768,48,9889.82,2,True,False,357240,2020-02-19,2026-09-13,,ORD_SUBSCRIPTION_RENEWAL,Rolling archive of aged rows from SALES_OPS.ORD_SUBSCRIPTION_RENEWAL
ARC_ORD_USAGE_EVENT,ADMIN_PLATFORM,TRANSACTION,Orders,Sales Operations,ARCHIVE,8560734054,38,3473226.47,2,True,False,108684074,2019-06-08,2026-10-03,,ORD_USAGE_EVENT,Rolling archive of aged rows from SALES_OPS.ORD_USAGE_EVENT
ARC_ORD_USAGE_EVENT_2014,ADMIN_PLATFORM,TRANSACTION,Orders,Sales Operations,ARCHIVE,300332959,38,125753.64,2,True,True,0,2016-08-01,2016-08-04,,ORD_USAGE_EVENT,Frozen archive of ORD_USAGE_EVENT for fiscal year 2014
ARC_ORD_USAGE_EVENT_2015,ADMIN_PLATFORM,TRANSACTION,Orders,Sales Operations,ARCHIVE,384938055,38,136680.82,1,True,True,0,2017-12-01,2017-12-02,,ORD_USAGE_EVENT,Frozen archive of ORD_USAGE_EVENT for fiscal year 2015
ARC_ORD_USAGE_EVENT_2016,ADMIN_PLATFORM,TRANSACTION,Orders,Sales Operations,ARCHIVE,323831937,38,124274.27,2,True,False,0,2018-02-01,2018-02-05,,ORD_USAGE_EVENT,Frozen archive of ORD_USAGE_EVENT for fiscal year 2016
ARC_ORD_USAGE_EVENT_2017,ADMIN_PLATFORM,TRANSACTION,Orders,Sales Operations,ARCHIVE,415405899,38,186784.02,1,True,False,0,2019-11-01,2019-11-02,,ORD_USAGE_EVENT,Frozen archive of ORD_USAGE_EVENT for fiscal year 2017
ARC_ORD_USAGE_EVENT_2018,ADMIN_PLATFORM,TRANSACTION,Orders,Sales Operations,ARCHIVE,413767193,38,148395.02,1,True,True,0,2020-07-01,2020-07-02,,ORD_USAGE_EVENT,Frozen archive of ORD_USAGE_EVENT for fiscal year 2018
ARC_ORD_USAGE_EVENT_2019,ADMIN_PLATFORM,TRANSACTION,Orders,Sales Operations,ARCHIVE,533144554,38,190188.86,2,True,True,0,2021-06-01,2021-06-06,,ORD_USAGE_EVENT,Frozen archive of ORD_USAGE_EVENT for fiscal year 2019
ARC_ORD_USAGE_EVENT_2020,ADMIN_PLATFORM,TRANSACTION,Orders,Sales Operations,ARCHIVE,600597346,38,253498.17,2,True,False,0,2022-09-01,2022-09-06,,ORD_USAGE_EVENT,Frozen archive of ORD_USAGE_EVENT for fiscal year 2020
ARC_ORD_USAGE_EVENT_2021,ADMIN_PLATFORM,TRANSACTION,Orders,Sales Operations,ARCHIVE,671264639,38,242650.58,1,True,False,0,2023-12-01,2023-12-03,,ORD_USAGE_EVENT,Frozen archive of ORD_USAGE_EVENT for fiscal year 2021
ARC_PAY_ADVANCE,ADMIN_PLATFORM,TRANSACTION,Payments,Comp Operations,ARCHIVE,361544,26,125.79,2,True,False,3940,2018-10-11,2026-10-06,,PAY_ADVANCE,Rolling archive of aged rows from CORE_COMP.PAY_ADVANCE
ARC_PAY_BALANCE_FORWARD,ADMIN_PLATFORM,DATA,Payments,Finance Systems,ARCHIVE,790698,52,296.99,2,True,False,9074,2020-03-24,2026-10-05,,PAY_BALANCE_FORWARD,Rolling archive of aged rows from CORE_COMP.PAY_BALANCE_FORWARD
ARC_PAY_CLAWBACK_DETAIL,ADMIN_PLATFORM,TRANSACTION,Payments,Comp Operations,ARCHIVE,969469,55,368.48,2,True,False,10315,2018-10-23,2026-09-16,,PAY_CLAWBACK_DETAIL,Rolling archive of aged rows from CORE_COMP.PAY_CLAWBACK_DETAIL
ARC_PAY_DRAW_RECOVERY,ADMIN_PLATFORM,TRANSACTION,Payments,Finance Systems,ARCHIVE,787888,23,152.05,1,True,False,8196,2017-10-31,2026-09-29,,PAY_DRAW_RECOVERY,Rolling archive of aged rows from CORE_COMP.PAY_DRAW_RECOVERY
ARC_PAY_PAYMENT_HOLD,ADMIN_PLATFORM,TRANSACTION,Payments,Comp Operations,ARCHIVE,327577,71,176.49,1,False,False,3887,2017-05-08,2026-09-21,,PAY_PAYMENT_HOLD,Rolling archive of aged rows from CORE_COMP.PAY_PAYMENT_HOLD
ARC_PAY_PAYOUT,ADMIN_PLATFORM,TRANSACTION,Payments,Finance Systems,ARCHIVE,9335037,69,4652.84,1,True,False,135047,2020-04-18,2026-09-17,,PAY_PAYOUT,Rolling archive of aged rows from CORE_COMP.PAY_PAYOUT
ARC_PAY_PAYOUT_DETAIL,ADMIN_PLATFORM,TRANSACTION,Payments,Comp Operations,ARCHIVE,433912401,65,245505.37,1,True,True,3584332,2017-12-29,2026-09-26,,PAY_PAYOUT_DETAIL,Rolling archive of aged rows from CORE_COMP.PAY_PAYOUT_DETAIL
ARC_PAY_STATEMENT_LINE,ADMIN_PLATFORM,TRANSACTION,Payments,Comp Operations,ARCHIVE,745621138,76,403649.75,1,True,False,8423976,2020-02-19,2026-09-03,,PAY_STATEMENT_LINE,Rolling archive of aged rows from CORE_COMP.PAY_STATEMENT_LINE
ARC_PRD_PERIOD_STATUS,ADMIN_PLATFORM,DATA,Calendar,Comp Operations,ARCHIVE,6488,66,3.81,2,True,False,59,2018-08-25,2026-09-03,,PRD_PERIOD_STATUS,Rolling archive of aged rows from CORE_COMP.PRD_PERIOD_STATUS
ARC_PRL_PAYROLL_EXPORT,ADMIN_PLATFORM,TRANSACTION,Payroll,Payroll Systems,ARCHIVE,201998,83,184.1,2,True,False,2724,2017-05-26,2026-09-25,,PRL_PAYROLL_EXPORT,Rolling archive of aged rows from FINANCE_GL.PRL_PAYROLL_EXPORT
ARC_PRL_PAYROLL_EXPORT_LINE,ADMIN_PLATFORM,TRANSACTION,Payroll,Payroll Systems,ARCHIVE,74036101,77,34680.24,1,True,True,1137069,2020-06-02,2026-09-12,,PRL_PAYROLL_EXPORT_LINE,Rolling archive of aged rows from FINANCE_GL.PRL_PAYROLL_EXPORT_LINE
ARC_PRL_PAYROLL_RECON,ADMIN_PLATFORM,DATA,Payroll,Payroll Systems,ARCHIVE,4164982,22,1035.27,2,True,False,51564,2020-05-09,2026-10-01,,PRL_PAYROLL_RECON,Rolling archive of aged rows from FINANCE_GL.PRL_PAYROLL_RECON
ARC_PRL_TAX_WITHHOLDING,ADMIN_PLATFORM,TRANSACTION,Payroll,Payroll Systems,ARCHIVE,8638336,93,6930.81,1,True,False,124091,2019-11-09,2026-09-20,,PRL_TAX_WITHHOLDING,Rolling archive of aged rows from FINANCE_GL.PRL_TAX_WITHHOLDING
ARC_PRT_JOB_CODE_MAP,ADMIN_PLATFORM,CONFIG,Participants,HR Systems,ARCHIVE,1164,13,0.18,1,True,False,14,2018-01-27,2026-10-06,,PRT_JOB_CODE_MAP,Rolling archive of aged rows from CORE_COMP.PRT_JOB_CODE_MAP
ARC_PRT_PARTICIPANT,ADMIN_PLATFORM,DATA,Participants,HR Systems,ARCHIVE,179138,58,68.97,1,True,False,3497,2020-12-19,2026-09-17,,PRT_PARTICIPANT,Rolling archive of aged rows from CORE_COMP.PRT_PARTICIPANT
ARC_PRT_PARTICIPANT_LEAVE,ADMIN_PLATFORM,DATA,Participants,HR Systems,ARCHIVE,86583,76,74.92,1,True,False,816,2020-01-18,2026-09-20,,PRT_PARTICIPANT_LEAVE,Rolling archive of aged rows from CORE_COMP.PRT_PARTICIPANT_LEAVE
ARC_PRT_PARTICIPANT_PRORATION,ADMIN_PLATFORM,DATA,Participants,HR Systems,ARCHIVE,274032,75,168.5,1,True,False,2808,2018-02-11,2026-10-02,,PRT_PARTICIPANT_PRORATION,Rolling archive of aged rows from CORE_COMP.PRT_PARTICIPANT_PRORATION
ARC_PRT_PARTICIPANT_ROLE,ADMIN_PLATFORM,DATA,Participants,HR Systems,ARCHIVE,985774,53,682.3,2,True,False,8385,2017-08-16,2026-09-30,,PRT_PARTICIPANT_ROLE,Rolling archive of aged rows from CORE_COMP.PRT_PARTICIPANT_ROLE
ARC_PRT_PARTICIPANT_TITLE_HIST,ADMIN_PLATFORM,DATA,Participants,HR Systems,ARCHIVE,990509,38,407.26,1,True,False,16109,2019-10-29,2026-10-06,,PRT_PARTICIPANT_TITLE_HIST,Rolling archive of aged rows from CORE_COMP.PRT_PARTICIPANT_TITLE_HIST
ARC_PRT_POSITION_ASSIGNMENT,ADMIN_PLATFORM,DATA,Participants,HR Systems,ARCHIVE,390116,49,221.58,1,True,False,3783,2018-07-27,2026-09-25,,PRT_POSITION_ASSIGNMENT,Rolling archive of aged rows from CORE_COMP.PRT_POSITION_ASSIGNMENT
ARC_QTA_QUOTA_ADJUSTMENT,ADMIN_PLATFORM,TRANSACTION,Quotas,Sales Planning,ARCHIVE,324080,94,311.51,1,True,False,7069,2019-09-26,2026-10-06,,QTA_QUOTA_ADJUSTMENT,Rolling archive of aged rows from CORE_COMP.QTA_QUOTA_ADJUSTMENT
ARC_QTA_QUOTA_ASSIGNMENT,ADMIN_PLATFORM,DATA,Quotas,Sales Planning,ARCHIVE,542508,75,242.62,1,False,False,6612,2020-09-06,2026-09-20,,QTA_QUOTA_ASSIGNMENT,Rolling archive of aged rows from CORE_COMP.QTA_QUOTA_ASSIGNMENT
ARC_QTA_QUOTA_ATTAINMENT_DAILY,ADMIN_PLATFORM,TRANSACTION,Quotas,Comp Operations,ARCHIVE,829107155,64,584663.22,1,True,True,18406397,2019-11-14,2026-09-19,,QTA_QUOTA_ATTAINMENT_DAILY,Rolling archive of aged rows from CORE_COMP.QTA_QUOTA_ATTAINMENT_DAILY
ARC_QTA_QUOTA_ATTAINMENT_DAILY_2016,ADMIN_PLATFORM,TRANSACTION,Quotas,Comp Operations,ARCHIVE,34328786,64,15718.27,1,True,False,0,2018-01-01,2018-01-06,,QTA_QUOTA_ATTAINMENT_DAILY,Frozen archive of QTA_QUOTA_ATTAINMENT_DAILY for fiscal year 2016
ARC_QTA_QUOTA_ATTAINMENT_DAILY_2017,ADMIN_PLATFORM,TRANSACTION,Quotas,Comp Operations,ARCHIVE,36246185,64,26612.69,1,True,False,0,2019-02-01,2019-02-02,,QTA_QUOTA_ATTAINMENT_DAILY,Frozen archive of QTA_QUOTA_ATTAINMENT_DAILY for fiscal year 2017
ARC_QTA_QUOTA_ATTAINMENT_DAILY_2018,ADMIN_PLATFORM,TRANSACTION,Quotas,Comp Operations,ARCHIVE,38339355,64,17081.5,1,True,False,0,2020-11-01,2020-11-03,,QTA_QUOTA_ATTAINMENT_DAILY,Frozen archive of QTA_QUOTA_ATTAINMENT_DAILY for fiscal year 2018
ARC_QTA_QUOTA_ATTAINMENT_DAILY_2019,ADMIN_PLATFORM,TRANSACTION,Quotas,Comp Operations,ARCHIVE,44027864,64,37017.3,2,True,False,0,2021-07-01,2021-07-05,,QTA_QUOTA_ATTAINMENT_DAILY,Frozen archive of QTA_QUOTA_ATTAINMENT_DAILY for fiscal year 2019
ARC_QTA_QUOTA_ATTAINMENT_DAILY_2020,ADMIN_PLATFORM,TRANSACTION,Quotas,Comp Operations,ARCHIVE,54092910,64,38716.55,2,True,True,0,2022-12-01,2022-12-05,,QTA_QUOTA_ATTAINMENT_DAILY,Frozen archive of QTA_QUOTA_ATTAINMENT_DAILY for fiscal year 2020
ARC_QTA_QUOTA_ATTAINMENT_DAILY_2021,ADMIN_PLATFORM,TRANSACTION,Quotas,Comp Operations,ARCHIVE,45076360,64,32497.69,2,True,False,0,2023-07-01,2023-07-03,,QTA_QUOTA_ATTAINMENT_DAILY,Frozen archive of QTA_QUOTA_ATTAINMENT_DAILY for fiscal year 2021
ARC_QTA_QUOTA_RELIEF,ADMIN_PLATFORM,TRANSACTION,Quotas,Comp Operations,ARCHIVE,2849547,33,979.36,2,True,False,44574,2018-03-21,2026-09-05,,QTA_QUOTA_RELIEF,Rolling archive of aged rows from CORE_COMP.QTA_QUOTA_RELIEF
ARC_QTA_TOP_DOWN_ALLOCATION,ADMIN_PLATFORM,DATA,Quotas,Sales Planning,ARCHIVE,76431,52,23.24,1,False,False,820,2020-05-22,2026-09-20,,QTA_TOP_DOWN_ALLOCATION,Rolling archive of aged rows from CORE_COMP.QTA_TOP_DOWN_ALLOCATION
ARC_RPT_LEADERBOARD,ADMIN_PLATFORM,DATA,Reporting,BI & Analytics,ARCHIVE,223211,70,172.41,2,True,False,2352,2018-03-15,2026-09-18,,RPT_LEADERBOARD,Rolling archive of aged rows from CORE_COMP.RPT_LEADERBOARD
ARC_RPT_PAYOUT_SUMMARY,ADMIN_PLATFORM,DATA,Reporting,BI & Analytics,ARCHIVE,3674220,73,3451.57,2,True,False,64083,2020-05-16,2026-09-18,,RPT_PAYOUT_SUMMARY,Rolling archive of aged rows from CORE_COMP.RPT_PAYOUT_SUMMARY
ARC_RPT_PLAN_PERFORMANCE,ADMIN_PLATFORM,DATA,Reporting,Unassigned,ARCHIVE,61508,16,10.25,1,True,False,1008,2019-01-01,2026-09-16,,RPT_PLAN_PERFORMANCE,Rolling archive of aged rows from CORE_COMP.RPT_PLAN_PERFORMANCE
ARC_RTE_FX_RATE_SNAPSHOT,ADMIN_PLATFORM,DATA,Rates,Comp Plan Design,ARCHIVE,57875,21,13.5,2,True,False,714,2017-08-09,2026-09-16,,RTE_FX_RATE_SNAPSHOT,Rolling archive of aged rows from CORE_COMP.RTE_FX_RATE_SNAPSHOT
ARC_SEC_DATA_ACCESS_POLICY,ADMIN_PLATFORM,CONFIG,Security,Platform Engineering,ARCHIVE,2883,18,0.46,2,True,False,28,2017-11-22,2026-09-16,,SEC_DATA_ACCESS_POLICY,Rolling archive of aged rows from ADMIN_PLATFORM.SEC_DATA_ACCESS_POLICY
ARC_SEC_ROW_LEVEL_FILTER,ADMIN_PLATFORM,CONFIG,Security,Security & IAM,ARCHIVE,65417,26,18.31,1,True,False,534,2020-04-11,2026-09-10,,SEC_ROW_LEVEL_FILTER,Rolling archive of aged rows from ADMIN_PLATFORM.SEC_ROW_LEVEL_FILTER
ARC_SEC_USER_ROLE,ADMIN_PLATFORM,DATA,Security,Security & IAM,ARCHIVE,536071,55,248.65,2,True,False,10022,2020-01-01,2026-09-07,,SEC_USER_ROLE,Rolling archive of aged rows from ADMIN_PLATFORM.SEC_USER_ROLE
ARC_SYS_EMAIL_OUTBOX,ADMIN_PLATFORM,SYSTEM,Platform,Platform Engineering,ARCHIVE,19712733,29,5745.96,2,True,False,324125,2019-07-19,2026-09-05,,SYS_EMAIL_OUTBOX,Rolling archive of aged rows from ADMIN_PLATFORM.SYS_EMAIL_OUTBOX
ARC_SYS_JOB_RUN_LOG,ADMIN_PLATFORM,SYSTEM,Jobs & Scheduling,Data Engineering,ARCHIVE,16041453,29,5374.32,1,False,False,231937,2019-07-15,2026-09-21,,SYS_JOB_RUN_LOG,Rolling archive of aged rows from ADMIN_PLATFORM.SYS_JOB_RUN_LOG
ARC_SYS_JOB_SCHEDULE,ADMIN_PLATFORM,CONFIG,Jobs & Scheduling,Unassigned,ARCHIVE,1203,33,0.38,2,True,False,10,2018-09-20,2026-09-22,,SYS_JOB_SCHEDULE,Rolling archive of aged rows from ADMIN_PLATFORM.SYS_JOB_SCHEDULE
ARC_SYS_JOB_STEP_LOG,ADMIN_PLATFORM,SYSTEM,Jobs & Scheduling,Unassigned,ARCHIVE,352913263,31,150184.59,2,True,True,5934794,2017-10-05,2026-09-10,,SYS_JOB_STEP_LOG,Rolling archive of aged rows from ADMIN_PLATFORM.SYS_JOB_STEP_LOG
ARC_SYS_QUEUE_MESSAGE,ADMIN_PLATFORM,SYSTEM,Jobs & Scheduling,Platform Engineering,ARCHIVE,5217700,11,653.34,1,True,False,61747,2017-07-31,2026-09-04,,SYS_QUEUE_MESSAGE,Rolling archive of aged rows from ADMIN_PLATFORM.SYS_QUEUE_MESSAGE
ARC_SYS_STATS_SNAPSHOT,ADMIN_PLATFORM,SYSTEM,Platform,Platform Engineering,ARCHIVE,3121026,32,833.7,2,True,False,34451,2018-06-16,2026-09-30,,SYS_STATS_SNAPSHOT,Rolling archive of aged rows from ADMIN_PLATFORM.SYS_STATS_SNAPSHOT
ARC_SYS_UI_PREFERENCE,ADMIN_PLATFORM,DATA,Platform,Platform Engineering,ARCHIVE,1062720,56,394.19,1,True,False,15112,2018-11-03,2026-09-21,,SYS_UI_PREFERENCE,Rolling archive of aged rows from ADMIN_PLATFORM.SYS_UI_PREFERENCE
ARC_TER_ACCOUNT_ALIGNMENT,ADMIN_PLATFORM,DATA,Territories,Sales Planning,ARCHIVE,6281719,48,2907.1,1,True,False,100057,2020-05-16,2026-09-02,,TER_ACCOUNT_ALIGNMENT,Rolling archive of aged rows from SALES_OPS.TER_ACCOUNT_ALIGNMENT
ARC_TER_REALIGNMENT_EVENT,ADMIN_PLATFORM,TRANSACTION,Territories,Sales Planning,ARCHIVE,309318,75,272.05,2,True,False,4345,2019-09-08,2026-09-28,,TER_REALIGNMENT_EVENT,Rolling archive of aged rows from SALES_OPS.TER_REALIGNMENT_EVENT
ARC_TER_TERRITORY_QUOTA_MAP,ADMIN_PLATFORM,DATA,Territories,Sales Planning,ARCHIVE,359043,62,179.9,2,True,False,3038,2017-05-01,2026-09-16,,TER_TERRITORY_QUOTA_MAP,Rolling archive of aged rows from SALES_OPS.TER_TERRITORY_QUOTA_MAP
ARC_WFL_TASK,ADMIN_PLATFORM,SYSTEM,Workflow,Platform Engineering,ARCHIVE,43124790,34,10313.64,2,True,False,541944,2017-04-17,2026-09-16,,WFL_TASK,Rolling archive of aged rows from ADMIN_PLATFORM.WFL_TASK
ARC_WFL_WORKFLOW_INSTANCE,ADMIN_PLATFORM,SYSTEM,Workflow,Platform Engineering,ARCHIVE,12258529,34,4104.06,2,False,False,161830,2019-11-30,2026-09-18,,WFL_WORKFLOW_INSTANCE,Rolling archive of aged rows from ADMIN_PLATFORM.WFL_WORKFLOW_INSTANCE
AUD_APPROVAL_TRAIL,ADMIN_PLATFORM,SYSTEM,Audit,Internal Controls,BASE,9905767,11,1181.4,4,True,False,90633,2013-09-01,2026-10-07,SEC_USER;WFL_WORKFLOW_INSTANCE,,System/operational log of approval trail
AUD_APPROVAL_TRAIL_2020,ADMIN_PLATFORM,SYSTEM,Audit,Internal Controls,YEARLY,988581,11,177.09,4,False,False,0,2019-12-27,2021-03-09,,AUD_APPROVAL_TRAIL,Fiscal-year 2020 split of AUD_APPROVAL_TRAIL
AUD_APPROVAL_TRAIL_2021,ADMIN_PLATFORM,SYSTEM,Audit,Internal Controls,YEARLY,1506457,11,181.11,2,False,False,0,2020-12-24,2022-03-29,,AUD_APPROVAL_TRAIL,Fiscal-year 2021 split of AUD_APPROVAL_TRAIL
AUD_APPROVAL_TRAIL_2022,ADMIN_PLATFORM,SYSTEM,Audit,Internal Controls,YEARLY,1407078,11,216.91,4,True,False,0,2021-12-18,2023-03-10,,AUD_APPROVAL_TRAIL,Fiscal-year 2022 split of AUD_APPROVAL_TRAIL
AUD_APPROVAL_TRAIL_2023,ADMIN_PLATFORM,SYSTEM,Audit,Internal Controls,YEARLY,1386910,11,186.86,5,True,False,0,2022-12-30,2024-03-10,,AUD_APPROVAL_TRAIL,Fiscal-year 2023 split of AUD_APPROVAL_TRAIL
AUD_APPROVAL_TRAIL_2024,ADMIN_PLATFORM,SYSTEM,Audit,Internal Controls,YEARLY,1801647,11,270.28,4,True,False,0,2023-12-21,2025-03-04,,AUD_APPROVAL_TRAIL,Fiscal-year 2024 split of AUD_APPROVAL_TRAIL
AUD_APPROVAL_TRAIL_2025,ADMIN_PLATFORM,SYSTEM,Audit,Internal Controls,YEARLY,1911900,11,228.58,2,False,False,0,2024-12-29,2026-03-10,,AUD_APPROVAL_TRAIL,Fiscal-year 2025 split of AUD_APPROVAL_TRAIL
AUD_APPROVAL_TRAIL_2026,ADMIN_PLATFORM,SYSTEM,Audit,Internal Controls,YEARLY,1702522,11,340.8,5,True,False,245293,2025-12-12,2026-10-05,,AUD_APPROVAL_TRAIL,Fiscal-year 2026 split of AUD_APPROVAL_TRAIL
AUD_APPROVAL_TRAIL_HIST,ADMIN_PLATFORM,SYSTEM,Audit,Internal Controls,HISTORY,9849440,15,1839.5,5,True,False,119975,2013-09-01,2026-10-07,,AUD_APPROVAL_TRAIL,Effective-dated history / audit trail of AUD_APPROVAL_TRAIL
AUD_AUDIT_EVENT,ADMIN_PLATFORM,SYSTEM,Audit,Internal Controls,BASE,1783230786,17,446839.32,4,True,True,57566518,2022-04-16,2026-10-07,LKP_EVENT_TYPE;SEC_USER,,System/operational log of audit event
AUD_AUDIT_EVENT_2018,ADMIN_PLATFORM,SYSTEM,Audit,Internal Controls,YEARLY,202029767,17,29137.15,1,True,True,0,2017-12-31,2019-02-17,,AUD_AUDIT_EVENT,Fiscal-year 2018 split of AUD_AUDIT_EVENT
AUD_AUDIT_EVENT_2019,ADMIN_PLATFORM,SYSTEM,Audit,Internal Controls,YEARLY,167215619,17,41033.94,3,True,True,0,2018-12-17,2020-03-12,,AUD_AUDIT_EVENT,Fiscal-year 2019 split of AUD_AUDIT_EVENT
AUD_AUDIT_EVENT_2020,ADMIN_PLATFORM,SYSTEM,Audit,Internal Controls,YEARLY,209904929,17,43233.33,5,True,True,0,2019-12-22,2021-01-13,,AUD_AUDIT_EVENT,Fiscal-year 2020 split of AUD_AUDIT_EVENT
AUD_AUDIT_EVENT_2021,ADMIN_PLATFORM,SYSTEM,Audit,Internal Controls,YEARLY,229699444,17,46743.87,2,True,True,0,2020-12-22,2022-02-24,,AUD_AUDIT_EVENT,Fiscal-year 2021 split of AUD_AUDIT_EVENT
AUD_AUDIT_EVENT_2022,ADMIN_PLATFORM,SYSTEM,Audit,Internal Controls,YEARLY,254824063,17,65174.68,4,True,True,0,2021-12-16,2023-04-05,,AUD_AUDIT_EVENT,Fiscal-year 2022 split of AUD_AUDIT_EVENT
AUD_AUDIT_EVENT_2023,ADMIN_PLATFORM,SYSTEM,Audit,Internal Controls,YEARLY,232600411,17,62617.97,4,True,True,0,2022-12-24,2024-02-11,,AUD_AUDIT_EVENT,Fiscal-year 2023 split of AUD_AUDIT_EVENT
AUD_AUDIT_EVENT_2024,ADMIN_PLATFORM,SYSTEM,Audit,Internal Controls,YEARLY,316178361,17,75675.71,3,True,True,0,2023-12-15,2025-03-07,,AUD_AUDIT_EVENT,Fiscal-year 2024 split of AUD_AUDIT_EVENT
AUD_AUDIT_EVENT_2025,ADMIN_PLATFORM,SYSTEM,Audit,Internal Controls,YEARLY,361843817,17,94318.73,3,False,True,0,2024-12-16,2026-03-27,,AUD_AUDIT_EVENT,Fiscal-year 2025 split of AUD_AUDIT_EVENT
AUD_AUDIT_EVENT_2026,ADMIN_PLATFORM,SYSTEM,Audit,Internal Controls,YEARLY,301936661,17,64529.77,5,True,True,52363049,2025-12-24,2026-10-07,,AUD_AUDIT_EVENT,Fiscal-year 2026 split of AUD_AUDIT_EVENT
AUD_AUDIT_EVENT_HIST,ADMIN_PLATFORM,SYSTEM,Audit,Internal Controls,HISTORY,535631752,21,182780.09,5,True,True,19730393,2022-04-16,2026-10-07,,AUD_AUDIT_EVENT,Effective-dated history / audit trail of AUD_AUDIT_EVENT
AUD_DATA_CHANGE_LOG,ADMIN_PLATFORM,SYSTEM,Audit,Internal Controls,BASE,694182381,27,288087.41,3,True,True,6352655,2013-12-10,2026-10-05,SEC_USER,,System/operational log of data change log
AUD_DATA_CHANGE_LOG_HIST,ADMIN_PLATFORM,SYSTEM,Audit,Internal Controls,HISTORY,127805670,31,42824.37,3,True,True,1318411,2013-12-10,2026-10-05,,AUD_DATA_CHANGE_LOG,Effective-dated history / audit trail of AUD_DATA_CHANGE_LOG
AUD_EXPORT_LOG,ADMIN_PLATFORM,SYSTEM,Audit,Internal Controls,BASE,1088924,21,380.36,6,True,False,9781,2014-11-19,2026-10-07,SEC_USER,,System/operational log of export log
AUD_EXPORT_LOG_HIST,ADMIN_PLATFORM,SYSTEM,Audit,Internal Controls,HISTORY,294294,25,102.39,3,False,False,3169,2014-11-19,2026-10-07,,AUD_EXPORT_LOG,Effective-dated history / audit trail of AUD_EXPORT_LOG
AUD_FIELD_HISTORY,ADMIN_PLATFORM,SYSTEM,Audit,Internal Controls,BASE,546893688,17,163582.59,6,True,False,6161589,2015-03-22,2026-10-07,AUD_DATA_CHANGE_LOG,,System/operational log of field history
AUD_FIELD_HISTORY_HIST,ADMIN_PLATFORM,SYSTEM,Audit,Internal Controls,HISTORY,145708195,21,37650.87,6,True,True,1969078,2015-03-22,2026-10-07,,AUD_FIELD_HISTORY,Effective-dated history / audit trail of AUD_FIELD_HISTORY
AUD_RETENTION_POLICY,ADMIN_PLATFORM,CONFIG,Audit,Internal Controls,BASE,31,37,0.12,1,True,False,0,2013-05-30,2026-09-07,,,Configuration for retention policy
AUD_RETENTION_POLICY_BKP_20240524,ADMIN_PLATFORM,CONFIG,Audit,Internal Controls,BACKUP,25,37,0.06,0,False,False,0,2024-05-24,2024-05-24,,AUD_RETENTION_POLICY,Ad-hoc backup copy of AUD_RETENTION_POLICY taken 2024-05-24
AUD_RETENTION_POLICY_HIST,ADMIN_PLATFORM,CONFIG,Audit,Internal Controls,HISTORY,116,41,0.19,2,True,False,1,2013-05-30,2026-09-07,,AUD_RETENTION_POLICY,Effective-dated history / audit trail of AUD_RETENTION_POLICY
DQ_EXCEPTION,ADMIN_PLATFORM,SYSTEM,Data Quality,Data Engineering,BASE,1953714,21,456.04,5,False,False,22133,2014-12-23,2026-10-07,DQ_RESULT,,System/operational log of exception
DQ_EXCEPTION_2018,ADMIN_PLATFORM,SYSTEM,Data Quality,Data Engineering,YEARLY,163068,21,38.13,2,True,False,0,2017-12-31,2019-04-26,,DQ_EXCEPTION,Fiscal-year 2018 split of DQ_EXCEPTION
DQ_EXCEPTION_2019,ADMIN_PLATFORM,SYSTEM,Data Quality,Data Engineering,YEARLY,250616,21,82.94,6,True,False,0,2018-12-23,2020-03-31,,DQ_EXCEPTION,Fiscal-year 2019 split of DQ_EXCEPTION
DQ_EXCEPTION_2020,ADMIN_PLATFORM,SYSTEM,Data Quality,Data Engineering,YEARLY,286015,21,72.17,4,False,False,0,2019-12-18,2021-04-09,,DQ_EXCEPTION,Fiscal-year 2020 split of DQ_EXCEPTION
DQ_EXCEPTION_2021,ADMIN_PLATFORM,SYSTEM,Data Quality,Data Engineering,YEARLY,228092,21,54.69,4,True,False,0,2020-12-15,2022-03-07,,DQ_EXCEPTION,Fiscal-year 2021 split of DQ_EXCEPTION
DQ_EXCEPTION_2022,ADMIN_PLATFORM,SYSTEM,Data Quality,Data Engineering,YEARLY,241893,21,42.99,1,False,False,0,2021-12-31,2023-04-27,,DQ_EXCEPTION,Fiscal-year 2022 split of DQ_EXCEPTION
DQ_EXCEPTION_2023,ADMIN_PLATFORM,SYSTEM,Data Quality,Data Engineering,YEARLY,322431,21,117.35,6,True,False,0,2022-12-15,2024-02-15,,DQ_EXCEPTION,Fiscal-year 2023 split of DQ_EXCEPTION
DQ_EXCEPTION_2024,ADMIN_PLATFORM,SYSTEM,Data Quality,Data Engineering,YEARLY,374901,21,103.16,2,True,False,0,2023-12-13,2025-03-13,,DQ_EXCEPTION,Fiscal-year 2024 split of DQ_EXCEPTION
DQ_EXCEPTION_2025,ADMIN_PLATFORM,SYSTEM,Data Quality,Data Engineering,YEARLY,310587,21,80.69,6,True,False,0,2024-12-13,2026-03-18,,DQ_EXCEPTION,Fiscal-year 2025 split of DQ_EXCEPTION
DQ_EXCEPTION_2026,ADMIN_PLATFORM,SYSTEM,Data Quality,Data Engineering,YEARLY,265335,21,60.94,5,True,False,54276,2025-12-26,2026-10-07,,DQ_EXCEPTION,Fiscal-year 2026 split of DQ_EXCEPTION
DQ_EXCEPTION_HIST,ADMIN_PLATFORM,SYSTEM,Data Quality,Data Engineering,HISTORY,550013,25,186.13,4,True,False,7385,2014-12-23,2026-10-07,,DQ_EXCEPTION,Effective-dated history / audit trail of DQ_EXCEPTION
DQ_RESULT,ADMIN_PLATFORM,SYSTEM,Data Quality,Data Engineering,BASE,14850284,12,2213.78,4,True,False,164565,2015-08-07,2026-10-07,DQ_RULE,,System/operational log of result
DQ_RESULT_BKP_20201208,ADMIN_PLATFORM,SYSTEM,Data Quality,Data Engineering,BACKUP,6444798,12,741.83,0,False,False,0,2020-12-08,2020-12-08,,DQ_RESULT,Ad-hoc backup copy of DQ_RESULT taken 2020-12-08
DQ_RESULT_BKP_20230814,ADMIN_PLATFORM,SYSTEM,Data Quality,Data Engineering,BACKUP,9746495,12,912.8,0,False,False,0,2023-08-14,2023-08-14,,DQ_RESULT,Ad-hoc backup copy of DQ_RESULT taken 2023-08-14
DQ_RESULT_HIST,ADMIN_PLATFORM,SYSTEM,Data Quality,Data Engineering,HISTORY,11350333,16,1406.3,2,True,False,92443,2015-08-07,2026-10-07,,DQ_RESULT,Effective-dated history / audit trail of DQ_RESULT
DQ_RULE,ADMIN_PLATFORM,CONFIG,Data Quality,Data Engineering,BASE,591,41,0.32,3,True,False,0,2016-02-26,2025-12-17,,,Configuration for rule
DQ_RULE_APAC,ADMIN_PLATFORM,CONFIG,Data Quality,Data Engineering,REGIONAL,118,41,0.25,3,True,False,0,2016-05-28,2025-12-17,,DQ_RULE,Regional partition (APAC) of DQ_RULE
DQ_RULE_EMEA,ADMIN_PLATFORM,CONFIG,Data Quality,Data Engineering,REGIONAL,153,41,0.25,3,True,False,0,2017-05-17,2025-12-17,,DQ_RULE,Regional partition (EMEA) of DQ_RULE
DQ_RULE_HIST,ADMIN_PLATFORM,CONFIG,Data Quality,Data Engineering,HISTORY,4085,45,1.61,3,True,False,0,2016-02-26,2025-12-17,,DQ_RULE,Effective-dated history / audit trail of DQ_RULE
DQ_RULE_LATAM,ADMIN_PLATFORM,CONFIG,Data Quality,Data Engineering,REGIONAL,39,41,0.25,3,True,False,0,2016-10-08,2025-12-14,,DQ_RULE,Regional partition (LATAM) of DQ_RULE
DQ_RULE_NA,ADMIN_PLATFORM,CONFIG,Data Quality,Data Engineering,REGIONAL,331,41,0.12,1,True,False,0,2016-07-14,2025-12-16,,DQ_RULE,Regional partition (NA) of DQ_RULE
LKP_EVENT_TYPE,ADMIN_PLATFORM,LOOKUP,Audit,Platform Engineering,BASE,208,5,0.19,2,True,False,0,2017-07-04,2026-03-08,,,Reference list of event type
LKP_JOB_STATUS,ADMIN_PLATFORM,LOOKUP,Jobs & Scheduling,Platform Engineering,BASE,6,8,0.12,1,True,False,0,2021-07-03,2022-10-23,,,Reference list of job status
LKP_LANGUAGE,ADMIN_PLATFORM,LOOKUP,Platform,Platform Engineering,BASE,40,7,0.19,2,True,False,1,2015-03-15,2026-08-29,,,Reference list of language
LKP_LANGUAGE_HIST,ADMIN_PLATFORM,LOOKUP,Platform,Platform Engineering,HISTORY,324,11,0.12,1,True,False,0,2015-03-15,2026-08-29,,LKP_LANGUAGE,Effective-dated history / audit trail of LKP_LANGUAGE
LKP_NOTIFICATION_TYPE,ADMIN_PLATFORM,LOOKUP,Platform,DBA Team,BASE,44,12,0.19,2,True,False,0,2013-07-07,2025-05-27,,,Reference list of notification type
LKP_SEVERITY,ADMIN_PLATFORM,LOOKUP,Platform,Platform Engineering,BASE,4,10,0.19,2,True,False,0,2015-06-24,2023-08-16,,,Reference list of severity
LKP_TIMEZONE,ADMIN_PLATFORM,LOOKUP,Platform,Platform Engineering,BASE,284,6,0.19,2,True,False,0,2015-03-21,2022-09-18,,,Reference list of timezone
LKP_WORKFLOW_STATUS,ADMIN_PLATFORM,LOOKUP,Workflow,Platform Engineering,BASE,7,12,0.12,1,True,False,0,2014-01-13,2025-08-21,,,Reference list of workflow status
LKP_WORKFLOW_STATUS_BKP_20200512,ADMIN_PLATFORM,LOOKUP,Workflow,Platform Engineering,BACKUP,3,12,0.06,0,False,False,0,2020-05-12,2020-05-12,,LKP_WORKFLOW_STATUS,Ad-hoc backup copy of LKP_WORKFLOW_STATUS taken 2020-05-12
SEC_API_TOKEN,ADMIN_PLATFORM,SYSTEM,Security,Security & IAM,BASE,4079,24,1.34,3,True,False,43,2015-04-11,2026-10-06,SEC_USER,,System/operational log of API token
SEC_API_TOKEN_HIST,ADMIN_PLATFORM,SYSTEM,Security,Security & IAM,HISTORY,1939,28,0.69,6,True,False,27,2015-04-11,2026-10-06,,SEC_API_TOKEN,Effective-dated history / audit trail of SEC_API_TOKEN
SEC_DATA_ACCESS_POLICY,ADMIN_PLATFORM,CONFIG,Security,Platform Engineering,BASE,1525,16,0.31,4,False,False,8,2014-08-19,2026-08-14,SEC_ROLE,,Configuration for data access policy
SEC_DATA_ACCESS_POLICY_APAC,ADMIN_PLATFORM,CONFIG,Security,Platform Engineering,REGIONAL,294,16,0.25,3,True,False,3,2016-06-20,2026-08-13,,SEC_DATA_ACCESS_POLICY,Regional partition (APAC) of SEC_DATA_ACCESS_POLICY
SEC_DATA_ACCESS_POLICY_BKP_20160108,ADMIN_PLATFORM,CONFIG,Security,Platform Engineering,BACKUP,0,16,0.06,0,False,False,0,2016-01-08,2016-01-08,,SEC_DATA_ACCESS_POLICY,Ad-hoc backup copy of SEC_DATA_ACCESS_POLICY taken 2016-01-08
SEC_DATA_ACCESS_POLICY_BKP_20221221,ADMIN_PLATFORM,CONFIG,Security,Platform Engineering,BACKUP,1019,16,0.18,0,False,False,0,2022-12-21,2022-12-21,,SEC_DATA_ACCESS_POLICY,Ad-hoc backup copy of SEC_DATA_ACCESS_POLICY taken 2022-12-21
SEC_DATA_ACCESS_POLICY_EMEA,ADMIN_PLATFORM,CONFIG,Security,Platform Engineering,REGIONAL,369,16,0.25,3,True,False,2,2016-03-31,2026-08-13,,SEC_DATA_ACCESS_POLICY,Regional partition (EMEA) of SEC_DATA_ACCESS_POLICY
SEC_DATA_ACCESS_POLICY_HIST,ADMIN_PLATFORM,CONFIG,Security,Platform Engineering,HISTORY,5914,20,0.91,1,True,False,29,2014-08-19,2026-08-14,,SEC_DATA_ACCESS_POLICY,Effective-dated history / audit trail of SEC_DATA_ACCESS_POLICY
SEC_DATA_ACCESS_POLICY_LATAM,ADMIN_PLATFORM,CONFIG,Security,Platform Engineering,REGIONAL,94,16,0.19,2,True,False,1,2016-04-22,2026-08-11,,SEC_DATA_ACCESS_POLICY,Regional partition (LATAM) of SEC_DATA_ACCESS_POLICY
SEC_DATA_ACCESS_POLICY_NA,ADMIN_PLATFORM,CONFIG,Security,Platform Engineering,REGIONAL,565,16,0.25,3,True,False,6,2017-03-28,2026-08-13,,SEC_DATA_ACCESS_POLICY,Regional partition (NA) of SEC_DATA_ACCESS_POLICY
SEC_LOGIN_HISTORY,ADMIN_PLATFORM,SYSTEM,Security,Platform Engineering,BASE,70155976,18,12719.86,3,False,True,631389,2015-01-15,2026-10-07,SEC_USER,,System/operational log of login history
SEC_LOGIN_HISTORY_HIST,ADMIN_PLATFORM,SYSTEM,Security,Platform Engineering,HISTORY,49525810,22,9252.76,2,True,False,328257,2015-01-15,2026-10-07,,SEC_LOGIN_HISTORY,Effective-dated history / audit trail of SEC_LOGIN_HISTORY
SEC_PASSWORD_POLICY,ADMIN_PLATFORM,CONFIG,Security,Security & IAM,BASE,1,37,0.12,1,True,False,0,2013-07-31,2026-08-29,,,Configuration for password policy
SEC_PASSWORD_POLICY_APAC,ADMIN_PLATFORM,CONFIG,Security,Security & IAM,REGIONAL,0,37,0.12,1,True,False,0,2017-06-24,2026-08-28,,SEC_PASSWORD_POLICY,Regional partition (APAC) of SEC_PASSWORD_POLICY
SEC_PASSWORD_POLICY_EMEA,ADMIN_PLATFORM,CONFIG,Security,Security & IAM,REGIONAL,0,37,0.19,2,True,False,0,2016-11-02,2026-08-27,,SEC_PASSWORD_POLICY,Regional partition (EMEA) of SEC_PASSWORD_POLICY
SEC_PASSWORD_POLICY_HIST,ADMIN_PLATFORM,CONFIG,Security,Security & IAM,HISTORY,29,41,0.12,1,False,False,0,2013-07-31,2026-08-29,,SEC_PASSWORD_POLICY,Effective-dated history / audit trail of SEC_PASSWORD_POLICY
SEC_PASSWORD_POLICY_LATAM,ADMIN_PLATFORM,CONFIG,Security,Security & IAM,REGIONAL,0,37,0.12,1,True,False,0,2017-05-03,2026-08-26,,SEC_PASSWORD_POLICY,Regional partition (LATAM) of SEC_PASSWORD_POLICY
SEC_PASSWORD_POLICY_NA,ADMIN_PLATFORM,CONFIG,Security,Security & IAM,REGIONAL,0,37,0.12,1,True,False,0,2016-10-01,2026-08-28,,SEC_PASSWORD_POLICY,Regional partition (NA) of SEC_PASSWORD_POLICY
SEC_PERMISSION,ADMIN_PLATFORM,CONFIG,Security,Security & IAM,BASE,1058,19,0.19,2,True,False,0,2015-11-30,2026-05-28,,,Configuration for permission
SEC_PERMISSION_BKP_20191009,ADMIN_PLATFORM,CONFIG,Security,Security & IAM,BACKUP,367,19,0.06,0,False,False,0,2019-10-09,2019-10-09,,SEC_PERMISSION,Ad-hoc backup copy of SEC_PERMISSION taken 2019-10-09
SEC_PERMISSION_BKP_20230930,ADMIN_PLATFORM,CONFIG,Security,Security & IAM,BACKUP,697,19,0.14,0,False,False,0,2023-09-30,2023-09-30,,SEC_PERMISSION,Ad-hoc backup copy of SEC_PERMISSION taken 2023-09-30
SEC_PERMISSION_HIST,ADMIN_PLATFORM,CONFIG,Security,Security & IAM,HISTORY,4659,23,1.19,1,True,False,0,2015-11-30,2026-05-28,,SEC_PERMISSION,Effective-dated history / audit trail of SEC_PERMISSION
SEC_PERMISSION_V2,ADMIN_PLATFORM,CONFIG,Security,Security & IAM,VERSIONED,181,16,0.25,3,True,False,0,2024-01-19,2024-03-23,,SEC_PERMISSION,Re-modelled version of SEC_PERMISSION (abandoned migration)
SEC_ROLE,ADMIN_PLATFORM,CONFIG,Security,Security & IAM,BASE,634,34,0.25,2,True,False,0,2017-04-07,2025-12-09,,,Configuration for role
SEC_ROLE_HIST,ADMIN_PLATFORM,CONFIG,Security,Security & IAM,HISTORY,2291,38,1.1,2,True,False,0,2017-04-07,2025-12-09,,SEC_ROLE,Effective-dated history / audit trail of SEC_ROLE
SEC_ROLE_PERMISSION,ADMIN_PLATFORM,CONFIG,Security,Security & IAM,BASE,12389,10,1.76,1,True,False,118,2018-09-28,2026-07-28,SEC_ROLE;SEC_PERMISSION,,Configuration for role permission
SEC_ROLE_PERMISSION_BKP_20251226,ADMIN_PLATFORM,CONFIG,Security,Security & IAM,BACKUP,10834,10,1.23,0,False,False,0,2025-12-26,2025-12-26,,SEC_ROLE_PERMISSION,Ad-hoc backup copy of SEC_ROLE_PERMISSION taken 2025-12-26
SEC_ROLE_PERMISSION_HIST,ADMIN_PLATFORM,CONFIG,Security,Security & IAM,HISTORY,97050,14,19.72,4,True,False,764,2018-09-28,2026-07-28,,SEC_ROLE_PERMISSION,Effective-dated history / audit trail of SEC_ROLE_PERMISSION
SEC_ROW_LEVEL_FILTER,ADMIN_PLATFORM,CONFIG,Security,Security & IAM,BASE,33762,24,12.01,3,False,False,128,2014-07-14,2026-09-26,SEC_DATA_ACCESS_POLICY,,Configuration for row level filter
SEC_ROW_LEVEL_FILTER_HIST,ADMIN_PLATFORM,CONFIG,Security,Security & IAM,HISTORY,222031,28,72.87,1,True,False,1493,2014-07-14,2026-09-26,,SEC_ROW_LEVEL_FILTER,Effective-dated history / audit trail of SEC_ROW_LEVEL_FILTER
SEC_SESSION,ADMIN_PLATFORM,SYSTEM,Security,Security & IAM,BASE,0,10,0.31,4,False,False,0,2013-10-07,2021-01-03,SEC_USER,,"System/operational log of session (deprecated feature, no longer populated)"
SEC_SESSION_HIST,ADMIN_PLATFORM,SYSTEM,Security,Security & IAM,HISTORY,7,14,0.38,5,False,False,0,2013-10-07,2021-01-03,,SEC_SESSION,Effective-dated history / audit trail of SEC_SESSION
SEC_SSO_PROVIDER,ADMIN_PLATFORM,CONFIG,Security,Security & IAM,BASE,3,31,0.12,1,True,False,0,2014-01-28,2026-09-08,,,Configuration for SSO provider
SEC_SSO_PROVIDER_APAC,ADMIN_PLATFORM,CONFIG,Security,Security & IAM,REGIONAL,0,31,0.25,3,True,False,0,2016-09-23,2026-09-05,,SEC_SSO_PROVIDER,Regional partition (APAC) of SEC_SSO_PROVIDER
SEC_SSO_PROVIDER_BKP_20150620,ADMIN_PLATFORM,CONFIG,Security,Security & IAM,BACKUP,0,31,0.06,0,False,False,0,2015-06-20,2015-06-20,,SEC_SSO_PROVIDER,Ad-hoc backup copy of SEC_SSO_PROVIDER taken 2015-06-20
SEC_SSO_PROVIDER_EMEA,ADMIN_PLATFORM,CONFIG,Security,Security & IAM,REGIONAL,0,31,0.31,4,True,False,0,2017-02-22,2026-09-08,,SEC_SSO_PROVIDER,Regional partition (EMEA) of SEC_SSO_PROVIDER
SEC_SSO_PROVIDER_HIST,ADMIN_PLATFORM,CONFIG,Security,Security & IAM,HISTORY,23,35,0.12,1,True,False,0,2014-01-28,2026-09-08,,SEC_SSO_PROVIDER,Effective-dated history / audit trail of SEC_SSO_PROVIDER
SEC_SSO_PROVIDER_LATAM,ADMIN_PLATFORM,CONFIG,Security,Security & IAM,REGIONAL,0,31,0.19,2,True,False,0,2016-03-06,2026-09-08,,SEC_SSO_PROVIDER,Regional partition (LATAM) of SEC_SSO_PROVIDER
SEC_SSO_PROVIDER_NA,ADMIN_PLATFORM,CONFIG,Security,Security & IAM,REGIONAL,1,31,0.12,1,True,False,0,2016-04-19,2026-09-07,,SEC_SSO_PROVIDER,Regional partition (NA) of SEC_SSO_PROVIDER
SEC_USER,ADMIN_PLATFORM,DATA,Security,Security & IAM,BASE,96778,64,93.49,4,False,False,439,2013-07-12,2026-09-30,SEC_SSO_PROVIDER,,Master/reference data: user
SEC_USER_APAC,ADMIN_PLATFORM,DATA,Security,Security & IAM,REGIONAL,15332,64,11.94,7,True,False,164,2017-04-18,2026-09-30,,SEC_USER,Regional partition (APAC) of SEC_USER
SEC_USER_EMEA,ADMIN_PLATFORM,DATA,Security,Security & IAM,REGIONAL,28807,64,16.78,2,True,False,217,2017-01-12,2026-09-28,,SEC_USER,Regional partition (EMEA) of SEC_USER
SEC_USER_HIST,ADMIN_PLATFORM,DATA,Security,Security & IAM,HISTORY,605725,68,500.27,3,True,False,3089,2013-07-12,2026-09-30,,SEC_USER,Effective-dated history / audit trail of SEC_USER
SEC_USER_LATAM,ADMIN_PLATFORM,DATA,Security,Security & IAM,REGIONAL,8184,64,4.8,4,True,False,53,2016-03-10,2026-09-29,,SEC_USER,Regional partition (LATAM) of SEC_USER
SEC_USER_NA,ADMIN_PLATFORM,DATA,Security,Security & IAM,REGIONAL,47187,64,39.67,5,True,False,289,2017-01-14,2026-09-29,,SEC_USER,Regional partition (NA) of SEC_USER
SEC_USER_ROLE,ADMIN_PLATFORM,DATA,Security,Security & IAM,BASE,450432,53,342.54,3,True,False,7010,2018-09-19,2026-10-07,SEC_USER;SEC_ROLE,,Master/reference data: user role
SEC_USER_ROLE_HIST,ADMIN_PLATFORM,DATA,Security,Security & IAM,HISTORY,1814557,57,1512.64,6,True,False,19703,2018-09-19,2026-10-07,,SEC_USER_ROLE,Effective-dated history / audit trail of SEC_USER_ROLE
STG_ACC_ACCOUNT,ADMIN_PLATFORM,DATA,Accounts,CRM Team,STAGING,0,67,0.06,0,False,False,0,2014-08-15,2026-10-06,,ACC_ACCOUNT,Staging / landing table for SALES_OPS.ACC_ACCOUNT loads (truncated after each load)
STG_ACC_ACCOUNT_ADDRESS,ADMIN_PLATFORM,DATA,Accounts,Unassigned,STAGING,9561,27,2.39,0,False,False,0,2014-04-07,2026-10-07,,ACC_ACCOUNT_ADDRESS,Staging / landing table for SALES_OPS.ACC_ACCOUNT_ADDRESS loads
STG_ACC_ACCOUNT_HIERARCHY,ADMIN_PLATFORM,DATA,Accounts,Sales Operations,STAGING,407793,65,282.24,0,False,False,0,2013-06-02,2026-10-05,,ACC_ACCOUNT_HIERARCHY,Staging / landing table for SALES_OPS.ACC_ACCOUNT_HIERARCHY loads
STG_ACC_ACCOUNT_SEGMENT,ADMIN_PLATFORM,DATA,Accounts,CRM Team,STAGING,0,23,0.12,1,False,False,0,2017-10-18,2026-10-07,,ACC_ACCOUNT_SEGMENT,Staging / landing table for SALES_OPS.ACC_ACCOUNT_SEGMENT loads (truncated after each load)
STG_ACC_ACCOUNT_TEAM,ADMIN_PLATFORM,DATA,Accounts,Sales Operations,STAGING,0,17,0.06,0,False,False,0,2015-01-15,2026-10-07,,ACC_ACCOUNT_TEAM,Staging / landing table for SALES_OPS.ACC_ACCOUNT_TEAM loads (truncated after each load)
STG_ACC_CONTACT,ADMIN_PLATFORM,DATA,Accounts,Sales Operations,STAGING,694043,15,132.29,1,False,False,0,2024-05-04,2026-10-05,,ACC_CONTACT,Staging / landing table for SALES_OPS.ACC_CONTACT loads
STG_ACC_NAMED_ACCOUNT_LIST,ADMIN_PLATFORM,CONFIG,Accounts,Sales Operations,STAGING,1373,44,0.68,1,True,False,0,2014-12-03,2026-10-07,,ACC_NAMED_ACCOUNT_LIST,Staging / landing table for SALES_OPS.ACC_NAMED_ACCOUNT_LIST loads
STG_ACC_OPPORTUNITY,ADMIN_PLATFORM,TRANSACTION,Accounts,Sales Operations,STAGING,237064,43,106.72,1,True,False,0,2015-06-27,2026-10-07,,ACC_OPPORTUNITY,Staging / landing table for SALES_OPS.ACC_OPPORTUNITY loads
STG_ACC_OPPORTUNITY_LINE,ADMIN_PLATFORM,TRANSACTION,Accounts,Sales Operations,STAGING,0,43,0.12,1,True,False,0,2013-04-17,2026-10-07,,ACC_OPPORTUNITY_LINE,Staging / landing table for SALES_OPS.ACC_OPPORTUNITY_LINE loads (truncated after each load)
STG_ACC_OPPORTUNITY_SPLIT,ADMIN_PLATFORM,TRANSACTION,Accounts,Sales Operations,STAGING,53543,81,36.66,1,False,False,0,2013-06-05,2026-10-05,,ACC_OPPORTUNITY_SPLIT,Staging / landing table for SALES_OPS.ACC_OPPORTUNITY_SPLIT loads
STG_ACC_PARTNER,ADMIN_PLATFORM,DATA,Partners,Channel Operations,STAGING,0,53,0.06,0,False,False,0,2015-04-15,2026-10-06,,ACC_PARTNER,Staging / landing table for SALES_OPS.ACC_PARTNER loads (truncated after each load)
STG_ACC_PARTNER_DEAL_REG,ADMIN_PLATFORM,TRANSACTION,Partners,Channel Operations,STAGING,5518,75,2.85,1,False,False,0,2014-05-17,2026-10-04,,ACC_PARTNER_DEAL_REG,Staging / landing table for SALES_OPS.ACC_PARTNER_DEAL_REG loads
STG_ACC_PARTNER_POS_SALE,ADMIN_PLATFORM,TRANSACTION,Partners,Channel Operations,STAGING,14214350,37,3310.93,0,False,False,0,2013-06-07,2026-10-07,,ACC_PARTNER_POS_SALE,Staging / landing table for SALES_OPS.ACC_PARTNER_POS_SALE loads
STG_ASC_AMORTIZATION_POLICY,ADMIN_PLATFORM,CONFIG,ASC 606,Comp Accounting,STAGING,0,20,0.06,1,True,False,0,2014-03-15,2026-10-07,,ASC_AMORTIZATION_POLICY,Staging / landing table for FINANCE_GL.ASC_AMORTIZATION_POLICY loads (truncated after each load)
STG_ASC_AMORTIZATION_SCHEDULE,ADMIN_PLATFORM,TRANSACTION,ASC 606,Comp Accounting,STAGING,0,30,0.06,0,False,False,0,2014-07-09,2026-10-07,,ASC_AMORTIZATION_SCHEDULE,Staging / landing table for FINANCE_GL.ASC_AMORTIZATION_SCHEDULE loads (truncated after each load)
STG_ASC_CAPITALIZED_COST,ADMIN_PLATFORM,TRANSACTION,ASC 606,Comp Accounting,STAGING,444557,101,278.75,1,True,False,0,2014-08-23,2026-10-07,,ASC_CAPITALIZED_COST,Staging / landing table for FINANCE_GL.ASC_CAPITALIZED_COST loads
STG_ASC_CONTRACT_COST_POOL,ADMIN_PLATFORM,DATA,ASC 606,Comp Accounting,STAGING,60319,28,9.46,0,False,False,0,2014-10-28,2026-10-07,,ASC_CONTRACT_COST_POOL,Staging / landing table for FINANCE_GL.ASC_CONTRACT_COST_POOL loads
STG_ASC_DEFERRED_COMMISSION_BAL,ADMIN_PLATFORM,DATA,ASC 606,Comp Accounting,STAGING,29550,55,11.26,0,False,False,0,2014-03-02,2026-10-07,,ASC_DEFERRED_COMMISSION_BAL,Staging / landing table for FINANCE_GL.ASC_DEFERRED_COMMISSION_BAL loads
STG_ASC_IMPAIRMENT_TEST,ADMIN_PLATFORM,DATA,ASC 606,Comp Accounting,STAGING,1134,21,0.26,0,False,False,0,2013-07-09,2026-10-06,,ASC_IMPAIRMENT_TEST,Staging / landing table for FINANCE_GL.ASC_IMPAIRMENT_TEST loads
STG_AUD_APPROVAL_TRAIL,ADMIN_PLATFORM,SYSTEM,Audit,Internal Controls,STAGING,0,14,0.12,1,False,False,0,2013-09-01,2026-10-07,,AUD_APPROVAL_TRAIL,Staging / landing table for ADMIN_PLATFORM.AUD_APPROVAL_TRAIL loads (truncated after each load)
STG_AUD_AUDIT_EVENT,ADMIN_PLATFORM,SYSTEM,Audit,Internal Controls,STAGING,2962536,20,416.99,0,False,False,0,2022-04-16,2026-10-07,,AUD_AUDIT_EVENT,Staging / landing table for ADMIN_PLATFORM.AUD_AUDIT_EVENT loads
STG_AUD_DATA_CHANGE_LOG,ADMIN_PLATFORM,SYSTEM,Audit,Internal Controls,STAGING,60187249,30,16550.64,1,True,False,0,2013-12-10,2026-10-06,,AUD_DATA_CHANGE_LOG,Staging / landing table for ADMIN_PLATFORM.AUD_DATA_CHANGE_LOG loads
STG_AUD_EXPORT_LOG,ADMIN_PLATFORM,SYSTEM,Audit,Internal Controls,STAGING,0,24,0.06,0,False,False,0,2014-11-19,2026-10-06,,AUD_EXPORT_LOG,Staging / landing table for ADMIN_PLATFORM.AUD_EXPORT_LOG loads (truncated after each load)
STG_AUD_FIELD_HISTORY,ADMIN_PLATFORM,SYSTEM,Audit,Internal Controls,STAGING,11891499,20,1769.65,1,True,False,0,2015-03-22,2026-10-06,,AUD_FIELD_HISTORY,Staging / landing table for ADMIN_PLATFORM.AUD_FIELD_HISTORY loads
STG_AUD_RETENTION_POLICY,ADMIN_PLATFORM,CONFIG,Audit,Internal Controls,STAGING,0,40,0.12,1,False,False,0,2013-05-30,2026-10-06,,AUD_RETENTION_POLICY,Staging / landing table for ADMIN_PLATFORM.AUD_RETENTION_POLICY loads (truncated after each load)
STG_BUD_COMP_BUDGET,ADMIN_PLATFORM,DATA,Budget & Forecast,FP&A,STAGING,1054,78,0.58,1,False,False,0,2014-02-10,2026-10-06,,BUD_COMP_BUDGET,Staging / landing table for FINANCE_GL.BUD_COMP_BUDGET loads
STG_BUD_COMP_FORECAST,ADMIN_PLATFORM,DATA,Budget & Forecast,FP&A,STAGING,9156,51,4.72,1,False,False,0,2013-05-22,2026-10-05,,BUD_COMP_FORECAST,Staging / landing table for FINANCE_GL.BUD_COMP_FORECAST loads
STG_BUD_SCENARIO,ADMIN_PLATFORM,CONFIG,Budget & Forecast,FP&A,STAGING,0,14,0.12,1,False,False,0,2014-05-16,2026-10-07,,BUD_SCENARIO,Staging / landing table for FINANCE_GL.BUD_SCENARIO loads (truncated after each load)
STG_BUD_VARIANCE_ANALYSIS,ADMIN_PLATFORM,DATA,Budget & Forecast,Finance Systems,STAGING,0,16,0.12,1,False,False,0,2014-10-02,2026-10-07,,BUD_VARIANCE_ANALYSIS,Staging / landing table for FINANCE_GL.BUD_VARIANCE_ANALYSIS loads (truncated after each load)
STG_CAL_ATTAINMENT_SNAPSHOT,ADMIN_PLATFORM,DATA,Calculation,Comp Engineering,STAGING,0,33,0.06,1,True,False,0,2013-12-06,2026-10-07,,CAL_ATTAINMENT_SNAPSHOT,Staging / landing table for CORE_COMP.CAL_ATTAINMENT_SNAPSHOT loads (truncated after each load)
STG_CAL_CALC_ERROR,ADMIN_PLATFORM,SYSTEM,Calculation,Comp Engineering,STAGING,2970,24,0.53,1,True,False,0,2021-05-05,2026-10-07,,CAL_CALC_ERROR,Staging / landing table for CORE_COMP.CAL_CALC_ERROR loads
STG_CAL_CALC_RUN,ADMIN_PLATFORM,SYSTEM,Calculation,Comp Engineering,STAGING,0,18,0.06,0,False,False,0,2015-03-15,2026-10-05,,CAL_CALC_RUN,Staging / landing table for CORE_COMP.CAL_CALC_RUN loads (truncated after each load)
STG_CAL_CALC_RUN_STEP,ADMIN_PLATFORM,SYSTEM,Calculation,Comp Engineering,STAGING,0,14,0.06,0,False,False,0,2015-05-07,2026-10-07,,CAL_CALC_RUN_STEP,Staging / landing table for CORE_COMP.CAL_CALC_RUN_STEP loads (truncated after each load)
STG_CAL_DEPOSIT,ADMIN_PLATFORM,TRANSACTION,Calculation,Comp Engineering,STAGING,0,63,0.06,0,False,False,0,2014-01-04,2026-10-06,,CAL_DEPOSIT,Staging / landing table for CORE_COMP.CAL_DEPOSIT loads (truncated after each load)
STG_CAL_EARNING,ADMIN_PLATFORM,TRANSACTION,Calculation,Comp Engineering,STAGING,631085,107,483.53,1,True,False,0,2018-02-17,2026-10-02,,CAL_EARNING,Staging / landing table for CORE_COMP.CAL_EARNING loads
STG_CAL_EARNING_DETAIL,ADMIN_PLATFORM,TRANSACTION,Calculation,Comp Engineering,STAGING,16422210,136,19920.5,1,False,False,0,2014-07-31,2026-10-07,,CAL_EARNING_DETAIL,Staging / landing table for CORE_COMP.CAL_EARNING_DETAIL loads
STG_CAL_FORMULA,ADMIN_PLATFORM,CONFIG,Calculation,Comp Engineering,STAGING,0,38,0.12,1,False,False,0,2016-09-09,2026-10-07,,CAL_FORMULA,Staging / landing table for CORE_COMP.CAL_FORMULA loads (truncated after each load)
STG_CAL_FORMULA_VARIABLE,ADMIN_PLATFORM,CONFIG,Calculation,Comp Engineering,STAGING,0,40,0.06,1,True,False,0,2013-08-15,2026-10-06,,CAL_FORMULA_VARIABLE,Staging / landing table for CORE_COMP.CAL_FORMULA_VARIABLE loads (truncated after each load)
STG_CAL_INCENTIVE_RESULT,ADMIN_PLATFORM,TRANSACTION,Calculation,Comp Engineering,STAGING,19333920,42,8428.19,1,False,False,0,2014-07-29,2026-10-07,,CAL_INCENTIVE_RESULT,Staging / landing table for CORE_COMP.CAL_INCENTIVE_RESULT loads
STG_CAL_MEASURE_RESULT,ADMIN_PLATFORM,TRANSACTION,Calculation,Comp Engineering,STAGING,3679291,98,2417.06,1,False,False,0,2014-11-15,2026-10-07,,CAL_MEASURE_RESULT,Staging / landing table for CORE_COMP.CAL_MEASURE_RESULT loads
STG_CLB_CLAWBACK,ADMIN_PLATFORM,TRANSACTION,Clawbacks,Comp Accounting,STAGING,0,87,0.06,0,False,False,0,2013-08-06,2026-10-06,,CLB_CLAWBACK,Staging / landing table for FINANCE_GL.CLB_CLAWBACK loads (truncated after each load)
STG_CLB_CLAWBACK_RULE,ADMIN_PLATFORM,CONFIG,Clawbacks,Comp Operations,STAGING,0,44,0.06,0,False,False,0,2019-05-18,2026-10-07,,CLB_CLAWBACK_RULE,Staging / landing table for FINANCE_GL.CLB_CLAWBACK_RULE loads
STG_CLB_CLAWBACK_SCHEDULE,ADMIN_PLATFORM,DATA,Clawbacks,Comp Accounting,STAGING,24203,26,7.42,1,False,False,0,2014-09-29,2026-10-07,,CLB_CLAWBACK_SCHEDULE,Staging / landing table for FINANCE_GL.CLB_CLAWBACK_SCHEDULE loads
STG_CLB_RECOVERY_BALANCE,ADMIN_PLATFORM,DATA,Clawbacks,Comp Operations,STAGING,0,58,0.06,0,False,False,0,2015-02-04,2026-10-07,,CLB_RECOVERY_BALANCE,Staging / landing table for FINANCE_GL.CLB_RECOVERY_BALANCE loads (truncated after each load)
STG_CLB_WRITE_OFF,ADMIN_PLATFORM,TRANSACTION,Clawbacks,Comp Accounting,STAGING,0,54,0.06,0,False,False,0,2014-11-12,2026-10-06,,CLB_WRITE_OFF,Staging / landing table for FINANCE_GL.CLB_WRITE_OFF loads (truncated after each load)
STG_CMP_ACCELERATOR_RULE,ADMIN_PLATFORM,CONFIG,Plans,Comp Plan Design,STAGING,0,11,0.06,1,True,False,0,2021-06-11,2026-10-06,,CMP_ACCELERATOR_RULE,Staging / landing table for CORE_COMP.CMP_ACCELERATOR_RULE loads (truncated after each load)
STG_CMP_BONUS_AWARD,ADMIN_PLATFORM,TRANSACTION,Incentives,Comp Operations,STAGING,0,59,0.06,0,False,False,0,2022-07-05,2026-10-07,,CMP_BONUS_AWARD,Staging / landing table for CORE_COMP.CMP_BONUS_AWARD loads (truncated after each load)
STG_CMP_BONUS_PROGRAM,ADMIN_PLATFORM,CONFIG,Incentives,Comp Plan Design,STAGING,0,21,0.12,1,True,False,0,2014-06-20,2026-10-07,,CMP_BONUS_PROGRAM,Staging / landing table for CORE_COMP.CMP_BONUS_PROGRAM loads (truncated after each load)
STG_CMP_DECELERATOR_RULE,ADMIN_PLATFORM,CONFIG,Plans,Comp Plan Design,STAGING,5,30,0.12,1,False,False,0,2024-07-17,2026-10-07,,CMP_DECELERATOR_RULE,Staging / landing table for CORE_COMP.CMP_DECELERATOR_RULE loads
STG_CMP_DRAW_BALANCE,ADMIN_PLATFORM,DATA,Payments,Comp Operations,STAGING,0,72,0.12,1,True,False,0,2014-09-12,2026-10-06,,CMP_DRAW_BALANCE,Staging / landing table for CORE_COMP.CMP_DRAW_BALANCE loads (truncated after each load)
STG_CMP_PLAN,ADMIN_PLATFORM,CONFIG,Plans,Comp Plan Design,STAGING,41,19,0.12,1,False,False,0,2013-11-15,2026-10-07,,CMP_PLAN,Staging / landing table for CORE_COMP.CMP_PLAN loads
STG_CMP_PLAN_ACCEPTANCE,ADMIN_PLATFORM,DATA,Plans,Comp Engineering,STAGING,8293,56,3.82,1,False,False,0,2013-11-11,2026-10-04,,CMP_PLAN_ACCEPTANCE,Staging / landing table for CORE_COMP.CMP_PLAN_ACCEPTANCE loads
STG_CMP_PLAN_APPROVAL_STEP,ADMIN_PLATFORM,CONFIG,Plans,Comp Plan Design,STAGING,0,36,0.06,1,True,False,0,2014-02-18,2026-10-07,,CMP_PLAN_APPROVAL_STEP,Staging / landing table for CORE_COMP.CMP_PLAN_APPROVAL_STEP loads
STG_CMP_PLAN_ASSIGNMENT,ADMIN_PLATFORM,DATA,Plans,Comp Plan Design,STAGING,1654,44,0.69,0,False,False,0,2016-01-04,2026-10-07,,CMP_PLAN_ASSIGNMENT,Staging / landing table for CORE_COMP.CMP_PLAN_ASSIGNMENT loads
STG_CMP_PLAN_COMPONENT,ADMIN_PLATFORM,CONFIG,Plans,Comp Engineering,STAGING,0,28,0.06,1,True,False,0,2014-11-25,2026-10-07,,CMP_PLAN_COMPONENT,Staging / landing table for CORE_COMP.CMP_PLAN_COMPONENT loads (truncated after each load)
STG_CMP_PLAN_COMPONENT_MEASURE,ADMIN_PLATFORM,CONFIG,Plans,Comp Plan Design,STAGING,654,17,0.12,1,False,False,0,2019-04-09,2026-10-07,,CMP_PLAN_COMPONENT_MEASURE,Staging / landing table for CORE_COMP.CMP_PLAN_COMPONENT_MEASURE loads
STG_CMP_PLAN_DOCUMENT,ADMIN_PLATFORM,DATA,Plans,Comp Plan Design,STAGING,203,36,0.12,1,False,False,0,2014-12-15,2026-10-07,,CMP_PLAN_DOCUMENT,Staging / landing table for CORE_COMP.CMP_PLAN_DOCUMENT loads
STG_CMP_PLAN_ELIGIBILITY_RULE,ADMIN_PLATFORM,CONFIG,Plans,Comp Plan Design,STAGING,0,21,0.12,1,True,False,0,2014-04-09,2026-10-06,,CMP_PLAN_ELIGIBILITY_RULE,Staging / landing table for CORE_COMP.CMP_PLAN_ELIGIBILITY_RULE loads (truncated after each load)
STG_CMP_PLAN_GOAL_SHEET,ADMIN_PLATFORM,DATA,Plans,Comp Plan Design,STAGING,270,32,0.09,0,False,False,0,2013-12-28,2026-10-07,,CMP_PLAN_GOAL_SHEET,Staging / landing table for CORE_COMP.CMP_PLAN_GOAL_SHEET loads
STG_CMP_PLAN_MODIFIER,ADMIN_PLATFORM,CONFIG,Plans,Comp Plan Design,STAGING,0,36,0.12,1,False,False,0,2014-11-19,2026-10-06,,CMP_PLAN_MODIFIER,Staging / landing table for CORE_COMP.CMP_PLAN_MODIFIER loads (truncated after each load)
STG_CMP_PLAN_TEMPLATE,ADMIN_PLATFORM,CONFIG,Plans,Comp Engineering,STAGING,0,29,0.12,1,False,False,0,2014-10-18,2026-10-04,,CMP_PLAN_TEMPLATE,Staging / landing table for CORE_COMP.CMP_PLAN_TEMPLATE loads
STG_CMP_PLAN_VERSION,ADMIN_PLATFORM,CONFIG,Plans,Comp Plan Design,STAGING,588,16,0.09,0,False,False,0,2013-05-01,2026-10-06,,CMP_PLAN_VERSION,Staging / landing table for CORE_COMP.CMP_PLAN_VERSION loads
STG_CMP_SPIFF_AWARD,ADMIN_PLATFORM,TRANSACTION,Incentives,Comp Plan Design,STAGING,12313,108,9.72,1,False,False,0,2013-04-12,2026-10-06,,CMP_SPIFF_AWARD,Staging / landing table for CORE_COMP.CMP_SPIFF_AWARD loads
STG_CMP_SPIFF_PROGRAM,ADMIN_PLATFORM,CONFIG,Incentives,Comp Plan Design,STAGING,15,15,0.06,0,False,False,0,2014-12-02,2026-10-07,,CMP_SPIFF_PROGRAM,Staging / landing table for CORE_COMP.CMP_SPIFF_PROGRAM loads
STG_CRD_CREDIT_ALLOCATION,ADMIN_PLATFORM,TRANSACTION,Crediting,Comp Operations,STAGING,15256437,132,16698.28,1,True,False,0,2015-10-10,2026-10-07,,CRD_CREDIT_ALLOCATION,Staging / landing table for CORE_COMP.CRD_CREDIT_ALLOCATION loads
STG_CRD_CREDIT_HOLD,ADMIN_PLATFORM,TRANSACTION,Crediting,Comp Engineering,STAGING,6508,65,3.35,1,False,False,0,2014-06-19,2026-10-06,,CRD_CREDIT_HOLD,Staging / landing table for CORE_COMP.CRD_CREDIT_HOLD loads
STG_CRD_CREDIT_REVERSAL,ADMIN_PLATFORM,TRANSACTION,Crediting,Comp Engineering,STAGING,0,94,0.12,1,True,False,0,2014-04-30,2026-10-07,,CRD_CREDIT_REVERSAL,Staging / landing table for CORE_COMP.CRD_CREDIT_REVERSAL loads (truncated after each load)
STG_CRD_CREDIT_ROLLUP,ADMIN_PLATFORM,TRANSACTION,Crediting,Comp Engineering,STAGING,15433276,110,15896.55,1,True,False,0,2013-09-11,2026-10-07,,CRD_CREDIT_ROLLUP,Staging / landing table for CORE_COMP.CRD_CREDIT_ROLLUP loads
STG_CRD_CREDIT_RULE_CONDITION,ADMIN_PLATFORM,CONFIG,Crediting,Comp Engineering,STAGING,44,39,0.12,1,True,False,0,2017-04-22,2026-10-06,,CRD_CREDIT_RULE_CONDITION,Staging / landing table for CORE_COMP.CRD_CREDIT_RULE_CONDITION loads
STG_CRD_CREDIT_TXN,ADMIN_PLATFORM,TRANSACTION,Crediting,Comp Engineering,STAGING,0,64,0.12,1,True,False,0,2015-12-11,2026-10-05,,CRD_CREDIT_TXN,Staging / landing table for CORE_COMP.CRD_CREDIT_TXN loads (truncated after each load)
STG_CRD_CREDIT_TXN_DETAIL,ADMIN_PLATFORM,TRANSACTION,Crediting,Comp Operations,STAGING,45906089,68,33101.38,0,False,False,0,2023-11-25,2026-10-07,,CRD_CREDIT_TXN_DETAIL,Staging / landing table for CORE_COMP.CRD_CREDIT_TXN_DETAIL loads
STG_CRD_DIRECT_CREDIT,ADMIN_PLATFORM,TRANSACTION,Crediting,Comp Engineering,STAGING,0,65,0.06,1,True,False,0,2014-07-16,2026-10-07,,CRD_DIRECT_CREDIT,Staging / landing table for CORE_COMP.CRD_DIRECT_CREDIT loads (truncated after each load)
STG_CRD_INDIRECT_CREDIT,ADMIN_PLATFORM,TRANSACTION,Crediting,Comp Engineering,STAGING,0,56,0.12,1,False,False,0,2013-06-11,2026-10-07,,CRD_INDIRECT_CREDIT,Staging / landing table for CORE_COMP.CRD_INDIRECT_CREDIT loads (truncated after each load)
STG_CRD_MANUAL_CREDIT_ADJ,ADMIN_PLATFORM,TRANSACTION,Crediting,Comp Engineering,STAGING,0,106,0.06,0,False,False,0,2015-04-30,2026-10-07,,CRD_MANUAL_CREDIT_ADJ,Staging / landing table for CORE_COMP.CRD_MANUAL_CREDIT_ADJ loads (truncated after each load)
STG_CRD_OVERLAY_CREDIT,ADMIN_PLATFORM,TRANSACTION,Crediting,Comp Engineering,STAGING,114334,24,21.46,0,False,False,0,2019-03-18,2026-10-06,,CRD_OVERLAY_CREDIT,Staging / landing table for CORE_COMP.CRD_OVERLAY_CREDIT loads
STG_DQ_EXCEPTION,ADMIN_PLATFORM,SYSTEM,Data Quality,Data Engineering,STAGING,15858,24,4.51,1,True,False,0,2014-12-23,2026-10-07,,DQ_EXCEPTION,Staging / landing table for ADMIN_PLATFORM.DQ_EXCEPTION loads
STG_DQ_RESULT,ADMIN_PLATFORM,SYSTEM,Data Quality,Data Engineering,STAGING,848625,15,158.78,1,False,False,0,2015-08-07,2026-10-05,,DQ_RESULT,Staging / landing table for ADMIN_PLATFORM.DQ_RESULT loads
STG_DQ_RULE,ADMIN_PLATFORM,CONFIG,Data Quality,Data Engineering,STAGING,0,44,0.06,0,False,False,0,2016-02-26,2026-10-06,,DQ_RULE,Staging / landing table for ADMIN_PLATFORM.DQ_RULE loads (truncated after each load)
STG_DSP_DISPUTE,ADMIN_PLATFORM,TRANSACTION,Disputes,Comp Operations,STAGING,0,105,0.06,0,False,False,0,2014-06-13,2026-10-07,,DSP_DISPUTE,Staging / landing table for CORE_COMP.DSP_DISPUTE loads (truncated after each load)
STG_DSP_DISPUTE_ATTACHMENT,ADMIN_PLATFORM,DATA,Disputes,Comp Operations,STAGING,4857,49,2.36,0,False,False,0,2015-04-19,2026-10-07,,DSP_DISPUTE_ATTACHMENT,Staging / landing table for CORE_COMP.DSP_DISPUTE_ATTACHMENT loads
STG_DSP_DISPUTE_COMMENT,ADMIN_PLATFORM,DATA,Disputes,Comp Operations,STAGING,770,49,0.37,1,False,False,0,2015-04-22,2026-10-03,,DSP_DISPUTE_COMMENT,Staging / landing table for CORE_COMP.DSP_DISPUTE_COMMENT loads
STG_DSP_DISPUTE_LINE,ADMIN_PLATFORM,TRANSACTION,Disputes,Comp Operations,STAGING,0,83,0.06,0,False,False,0,2024-09-19,2026-10-06,,DSP_DISPUTE_LINE,Staging / landing table for CORE_COMP.DSP_DISPUTE_LINE loads (truncated after each load)
STG_DSP_DISPUTE_RESOLUTION,ADMIN_PLATFORM,TRANSACTION,Disputes,Comp Operations,STAGING,9616,64,3.94,0,False,False,0,2013-12-21,2026-10-07,,DSP_DISPUTE_RESOLUTION,Staging / landing table for CORE_COMP.DSP_DISPUTE_RESOLUTION loads
STG_DSP_DISPUTE_WORKFLOW,ADMIN_PLATFORM,CONFIG,Disputes,Comp Operations,STAGING,0,35,0.06,1,True,False,0,2021-11-20,2026-10-07,,DSP_DISPUTE_WORKFLOW,Staging / landing table for CORE_COMP.DSP_DISPUTE_WORKFLOW loads (truncated after each load)
STG_DSP_INQUIRY_CASE,ADMIN_PLATFORM,TRANSACTION,Disputes,Comp Operations,STAGING,6875,113,7.57,0,False,False,0,2013-12-04,2026-10-07,,DSP_INQUIRY_CASE,Staging / landing table for CORE_COMP.DSP_INQUIRY_CASE loads
STG_DSP_SLA_POLICY,ADMIN_PLATFORM,CONFIG,Disputes,Comp Operations,STAGING,0,42,0.12,1,False,False,0,2015-03-30,2026-10-02,,DSP_SLA_POLICY,Staging / landing table for CORE_COMP.DSP_SLA_POLICY loads
STG_FIN_ACCRUAL,ADMIN_PLATFORM,TRANSACTION,Accruals,Finance Systems,STAGING,0,21,0.12,1,False,False,0,2014-06-14,2026-10-03,,FIN_ACCRUAL,Staging / landing table for FINANCE_GL.FIN_ACCRUAL loads (truncated after each load)
STG_FIN_ACCRUAL_DETAIL,ADMIN_PLATFORM,TRANSACTION,Accruals,Finance Systems,STAGING,1592762,88,1582.94,1,False,False,0,2016-04-03,2026-10-07,,FIN_ACCRUAL_DETAIL,Staging / landing table for FINANCE_GL.FIN_ACCRUAL_DETAIL loads
STG_FIN_ACCRUAL_ESTIMATE,ADMIN_PLATFORM,DATA,Accruals,Comp Accounting,STAGING,6789,37,2.14,1,True,False,0,2015-01-19,2026-10-01,,FIN_ACCRUAL_ESTIMATE,Staging / landing table for FINANCE_GL.FIN_ACCRUAL_ESTIMATE loads
STG_FIN_ACCRUAL_REVERSAL,ADMIN_PLATFORM,TRANSACTION,Accruals,Finance Systems,STAGING,26988,26,7.07,0,False,False,0,2014-07-26,2026-10-07,,FIN_ACCRUAL_REVERSAL,Staging / landing table for FINANCE_GL.FIN_ACCRUAL_REVERSAL loads
STG_FIN_ACCRUAL_RULE,ADMIN_PLATFORM,CONFIG,Accruals,Finance Systems,STAGING,3,17,0.06,0,False,False,0,2015-04-21,2026-10-06,,FIN_ACCRUAL_RULE,Staging / landing table for FINANCE_GL.FIN_ACCRUAL_RULE loads
STG_FIN_PERIOD_CLOSE_CHECKLIST,ADMIN_PLATFORM,CONFIG,Controls & SOX,Internal Controls,STAGING,17,25,0.06,0,False,False,0,2021-12-25,2026-10-07,,FIN_PERIOD_CLOSE_CHECKLIST,Staging / landing table for FINANCE_GL.FIN_PERIOD_CLOSE_CHECKLIST loads
STG_FIN_RECON_RESULT,ADMIN_PLATFORM,DATA,Controls & SOX,Internal Controls,STAGING,10508,18,1.79,0,False,False,0,2015-04-13,2026-10-06,,FIN_RECON_RESULT,Staging / landing table for FINANCE_GL.FIN_RECON_RESULT loads
STG_FIN_SOX_CONTROL,ADMIN_PLATFORM,CONFIG,Controls & SOX,Internal Controls,STAGING,0,31,0.12,1,False,False,0,2014-12-19,2026-10-07,,FIN_SOX_CONTROL,Staging / landing table for FINANCE_GL.FIN_SOX_CONTROL loads
STG_FIN_SOX_EVIDENCE,ADMIN_PLATFORM,DATA,Controls & SOX,Internal Controls,STAGING,3401,53,1.22,1,False,False,0,2015-03-27,2026-10-06,,FIN_SOX_EVIDENCE,Staging / landing table for FINANCE_GL.FIN_SOX_EVIDENCE loads
STG_FX_CONVERSION_POLICY,ADMIN_PLATFORM,CONFIG,FX,Treasury Systems,STAGING,0,34,0.12,1,False,False,0,2014-03-14,2026-10-07,,FX_CONVERSION_POLICY,Staging / landing table for FINANCE_GL.FX_CONVERSION_POLICY loads (truncated after each load)
STG_FX_DAILY_RATE,ADMIN_PLATFORM,DATA,FX,Finance Systems,STAGING,1520,50,0.59,1,False,False,0,2015-05-23,2026-10-06,,FX_DAILY_RATE,Staging / landing table for FINANCE_GL.FX_DAILY_RATE loads
STG_FX_REVALUATION,ADMIN_PLATFORM,TRANSACTION,FX,Treasury Systems,STAGING,13422,112,10.87,0,False,False,0,2013-08-19,2026-10-07,,FX_REVALUATION,Staging / landing table for FINANCE_GL.FX_REVALUATION loads
STG_GL_ACCOUNT_MAPPING,ADMIN_PLATFORM,CONFIG,General Ledger,Finance Systems,STAGING,0,38,0.06,0,False,False,0,2016-05-19,2026-10-05,,GL_ACCOUNT_MAPPING,Staging / landing table for FINANCE_GL.GL_ACCOUNT_MAPPING loads (truncated after each load)
STG_GL_CHART_OF_ACCOUNTS,ADMIN_PLATFORM,CONFIG,General Ledger,Comp Accounting,STAGING,2048,39,0.9,1,False,False,0,2014-05-15,2026-10-05,,GL_CHART_OF_ACCOUNTS,Staging / landing table for FINANCE_GL.GL_CHART_OF_ACCOUNTS loads
STG_GL_COST_CENTER,ADMIN_PLATFORM,DATA,General Ledger,Finance Systems,STAGING,0,52,0.06,0,False,False,0,2015-02-06,2026-10-07,,GL_COST_CENTER,Staging / landing table for FINANCE_GL.GL_COST_CENTER loads (truncated after each load)
STG_GL_INTERCOMPANY_ALLOC,ADMIN_PLATFORM,TRANSACTION,General Ledger,Finance Systems,STAGING,1051,94,0.52,0,False,False,0,2013-06-18,2026-10-01,,GL_INTERCOMPANY_ALLOC,Staging / landing table for FINANCE_GL.GL_INTERCOMPANY_ALLOC loads
STG_GL_JOURNAL_BATCH,ADMIN_PLATFORM,DATA,General Ledger,Finance Systems,STAGING,524,73,0.35,0,False,False,0,2015-04-04,2026-10-06,,GL_JOURNAL_BATCH,Staging / landing table for FINANCE_GL.GL_JOURNAL_BATCH loads
STG_GL_JOURNAL_ENTRY,ADMIN_PLATFORM,TRANSACTION,General Ledger,Finance Systems,STAGING,171500,60,62.41,1,True,False,0,2019-01-13,2026-10-06,,GL_JOURNAL_ENTRY,Staging / landing table for FINANCE_GL.GL_JOURNAL_ENTRY loads
STG_GL_JOURNAL_LINE,ADMIN_PLATFORM,TRANSACTION,General Ledger,Comp Accounting,STAGING,0,27,0.06,1,True,False,0,2014-04-01,2026-10-05,,GL_JOURNAL_LINE,Staging / landing table for FINANCE_GL.GL_JOURNAL_LINE loads (truncated after each load)
STG_GL_LEGAL_ENTITY,ADMIN_PLATFORM,CONFIG,General Ledger,Finance Systems,STAGING,0,38,0.12,1,True,False,0,2014-03-28,2026-10-07,,GL_LEGAL_ENTITY,Staging / landing table for FINANCE_GL.GL_LEGAL_ENTITY loads (truncated after each load)
STG_GL_PERIOD_BALANCE,ADMIN_PLATFORM,DATA,General Ledger,Comp Accounting,STAGING,490058,35,155.63,0,False,False,0,2023-02-11,2026-10-06,,GL_PERIOD_BALANCE,Staging / landing table for FINANCE_GL.GL_PERIOD_BALANCE loads
STG_GL_POSTING_RULE,ADMIN_PLATFORM,CONFIG,General Ledger,Finance Systems,STAGING,18,34,0.06,1,True,False,0,2015-06-07,2026-10-06,,GL_POSTING_RULE,Staging / landing table for FINANCE_GL.GL_POSTING_RULE loads
STG_HRC_COST_CENTER_MAP,ADMIN_PLATFORM,CONFIG,Hierarchy,Sales Planning,STAGING,860,15,0.15,1,True,False,0,2015-05-19,2026-10-07,,HRC_COST_CENTER_MAP,Staging / landing table for SALES_OPS.HRC_COST_CENTER_MAP loads
STG_HRC_HIERARCHY_NODE,ADMIN_PLATFORM,DATA,Hierarchy,HR Systems,STAGING,810,36,0.34,1,False,False,0,2014-02-27,2026-10-07,,HRC_HIERARCHY_NODE,Staging / landing table for SALES_OPS.HRC_HIERARCHY_NODE loads
STG_HRC_HIERARCHY_VERSION,ADMIN_PLATFORM,CONFIG,Hierarchy,Sales Planning,STAGING,1,38,0.12,1,False,False,0,2018-03-23,2026-10-04,,HRC_HIERARCHY_VERSION,Staging / landing table for SALES_OPS.HRC_HIERARCHY_VERSION loads
STG_HRC_MANAGER_ROLLUP,ADMIN_PLATFORM,DATA,Hierarchy,Sales Planning,STAGING,2111,36,0.64,0,False,False,0,2014-03-08,2026-10-07,,HRC_MANAGER_ROLLUP,Staging / landing table for SALES_OPS.HRC_MANAGER_ROLLUP loads
STG_HRC_ORG_UNIT,ADMIN_PLATFORM,DATA,Hierarchy,Sales Planning,STAGING,0,33,0.06,0,False,False,0,2015-01-21,2026-10-07,,HRC_ORG_UNIT,Staging / landing table for SALES_OPS.HRC_ORG_UNIT loads (truncated after each load)
STG_HRC_REPORTING_LINE,ADMIN_PLATFORM,DATA,Hierarchy,Sales Planning,STAGING,0,66,0.06,0,False,False,0,2014-06-14,2026-10-07,,HRC_REPORTING_LINE,Staging / landing table for SALES_OPS.HRC_REPORTING_LINE loads (truncated after each load)
STG_HRC_SALES_HIERARCHY,ADMIN_PLATFORM,DATA,Hierarchy,Sales Planning,STAGING,431,24,0.11,1,True,False,0,2014-03-29,2026-10-07,,HRC_SALES_HIERARCHY,Staging / landing table for SALES_OPS.HRC_SALES_HIERARCHY loads
STG_INT_API_SYNC_STATE,ADMIN_PLATFORM,SYSTEM,Integration,Integration Team,STAGING,7,11,0.06,0,False,False,0,2019-03-27,2026-10-07,,INT_API_SYNC_STATE,Staging / landing table for SALES_OPS.INT_API_SYNC_STATE loads
STG_INT_BILLING_INVOICE_FEED,ADMIN_PLATFORM,TRANSACTION,Integration,Integration Team,STAGING,847698,104,573.95,1,False,False,0,2014-11-07,2026-10-07,,INT_BILLING_INVOICE_FEED,Staging / landing table for SALES_OPS.INT_BILLING_INVOICE_FEED loads
STG_INT_CDC_WATERMARK,ADMIN_PLATFORM,SYSTEM,Integration,Data Engineering,STAGING,0,31,0.06,0,False,False,0,2014-12-01,2026-10-07,,INT_CDC_WATERMARK,Staging / landing table for SALES_OPS.INT_CDC_WATERMARK loads
STG_INT_CRM_OPPORTUNITY_FEED,ADMIN_PLATFORM,TRANSACTION,Integration,Integration Team,STAGING,124527,103,103.05,1,True,False,0,2021-10-29,2026-10-06,,INT_CRM_OPPORTUNITY_FEED,Staging / landing table for SALES_OPS.INT_CRM_OPPORTUNITY_FEED loads
STG_INT_ERP_ORDER_FEED,ADMIN_PLATFORM,TRANSACTION,Integration,Integration Team,STAGING,690201,77,456.09,0,False,False,0,2013-09-02,2026-10-07,,INT_ERP_ORDER_FEED,Staging / landing table for SALES_OPS.INT_ERP_ORDER_FEED loads
STG_INT_FEED_CONTROL,ADMIN_PLATFORM,SYSTEM,Integration,Unassigned,STAGING,0,23,0.12,1,False,False,0,2015-03-26,2026-10-07,,INT_FEED_CONTROL,Staging / landing table for SALES_OPS.INT_FEED_CONTROL loads (truncated after each load)
STG_INT_FIELD_MAPPING,ADMIN_PLATFORM,CONFIG,Integration,Integration Team,STAGING,0,35,0.12,1,False,False,0,2013-07-06,2026-10-07,,INT_FIELD_MAPPING,Staging / landing table for SALES_OPS.INT_FIELD_MAPPING loads (truncated after each load)
STG_INT_FILE_MANIFEST,ADMIN_PLATFORM,SYSTEM,Integration,Integration Team,STAGING,4361,13,0.5,1,False,False,0,2024-08-12,2026-10-05,,INT_FILE_MANIFEST,Staging / landing table for SALES_OPS.INT_FILE_MANIFEST loads
STG_INT_HRIS_EMPLOYEE_FEED,ADMIN_PLATFORM,DATA,Integration,Integration Team,STAGING,0,74,0.06,0,False,False,0,2014-02-12,2026-10-06,,INT_HRIS_EMPLOYEE_FEED,Staging / landing table for SALES_OPS.INT_HRIS_EMPLOYEE_FEED loads (truncated after each load)
STG_INT_HRIS_JOB_CHANGE_FEED,ADMIN_PLATFORM,TRANSACTION,Integration,Integration Team,STAGING,0,99,0.06,1,True,False,0,2013-07-02,2026-10-06,,INT_HRIS_JOB_CHANGE_FEED,Staging / landing table for SALES_OPS.INT_HRIS_JOB_CHANGE_FEED loads (truncated after each load)
STG_INT_PARTNER_POS_FEED,ADMIN_PLATFORM,TRANSACTION,Integration,Data Engineering,STAGING,0,34,0.12,1,True,False,0,2020-07-19,2026-10-07,,INT_PARTNER_POS_FEED,Staging / landing table for SALES_OPS.INT_PARTNER_POS_FEED loads (truncated after each load)
STG_LKP_ACCRUAL_TYPE,ADMIN_PLATFORM,LOOKUP,Accruals,Comp Accounting,STAGING,0,14,0.06,0,False,False,0,2013-09-25,2026-10-07,,LKP_ACCRUAL_TYPE,Staging / landing table for FINANCE_GL.LKP_ACCRUAL_TYPE loads (truncated after each load)
STG_LKP_COUNTRY,ADMIN_PLATFORM,LOOKUP,Territories,Sales Planning,STAGING,0,7,0.12,1,True,False,0,2021-05-26,2026-10-05,,LKP_COUNTRY,Staging / landing table for SALES_OPS.LKP_COUNTRY loads (truncated after each load)
STG_LKP_CREDIT_TYPE,ADMIN_PLATFORM,LOOKUP,Crediting,Comp Engineering,STAGING,4,14,0.12,1,True,False,0,2014-12-29,2026-10-05,,LKP_CREDIT_TYPE,Staging / landing table for CORE_COMP.LKP_CREDIT_TYPE loads
STG_LKP_CURRENCY,ADMIN_PLATFORM,LOOKUP,Orders,Sales Operations,STAGING,0,9,0.06,0,False,False,0,2013-09-05,2026-10-07,,LKP_CURRENCY,Staging / landing table for SALES_OPS.LKP_CURRENCY loads (truncated after each load)
STG_LKP_FISCAL_CALENDAR,ADMIN_PLATFORM,LOOKUP,General Ledger,Finance Systems,STAGING,12,10,0.12,1,False,False,0,2018-03-07,2026-10-07,,LKP_FISCAL_CALENDAR,Staging / landing table for FINANCE_GL.LKP_FISCAL_CALENDAR loads
STG_LKP_FX_RATE_TYPE,ADMIN_PLATFORM,LOOKUP,FX,Treasury Systems,STAGING,0,9,0.06,0,False,False,0,2015-06-01,2026-10-07,,LKP_FX_RATE_TYPE,Staging / landing table for FINANCE_GL.LKP_FX_RATE_TYPE loads
STG_LKP_HOLD_REASON,ADMIN_PLATFORM,LOOKUP,Payments,Comp Operations,STAGING,3,14,0.06,0,False,False,0,2013-07-12,2026-10-04,,LKP_HOLD_REASON,Staging / landing table for CORE_COMP.LKP_HOLD_REASON loads
STG_LKP_INDUSTRY,ADMIN_PLATFORM,LOOKUP,Accounts,CRM Team,STAGING,3,10,0.12,1,False,False,0,2014-04-09,2026-10-07,,LKP_INDUSTRY,Staging / landing table for SALES_OPS.LKP_INDUSTRY loads
STG_LKP_LEGAL_ENTITY_TYPE,ADMIN_PLATFORM,LOOKUP,General Ledger,Finance Systems,STAGING,0,11,0.12,1,False,False,0,2014-10-26,2026-10-06,,LKP_LEGAL_ENTITY_TYPE,Staging / landing table for FINANCE_GL.LKP_LEGAL_ENTITY_TYPE loads
STG_LKP_PERIOD_TYPE,ADMIN_PLATFORM,LOOKUP,Calendar,Comp Operations,STAGING,0,7,0.12,1,False,False,0,2020-02-07,2026-10-06,,LKP_PERIOD_TYPE,Staging / landing table for CORE_COMP.LKP_PERIOD_TYPE loads (truncated after each load)
STG_LKP_PLAN_TYPE,ADMIN_PLATFORM,LOOKUP,Plans,Comp Plan Design,STAGING,0,12,0.12,1,False,False,0,2013-09-12,2026-10-06,,LKP_PLAN_TYPE,Staging / landing table for CORE_COMP.LKP_PLAN_TYPE loads (truncated after each load)
STG_LKP_QUOTA_TYPE,ADMIN_PLATFORM,LOOKUP,Quotas,Sales Planning,STAGING,0,8,0.12,1,False,False,0,2013-07-10,2026-10-05,,LKP_QUOTA_TYPE,Staging / landing table for CORE_COMP.LKP_QUOTA_TYPE loads
STG_LKP_TIMEZONE,ADMIN_PLATFORM,LOOKUP,Platform,Platform Engineering,STAGING,6,9,0.06,0,False,False,0,2015-03-21,2026-10-06,,LKP_TIMEZONE,Staging / landing table for ADMIN_PLATFORM.LKP_TIMEZONE loads
STG_LKP_WORKFLOW_STATUS,ADMIN_PLATFORM,LOOKUP,Workflow,Platform Engineering,STAGING,0,15,0.12,1,True,False,0,2014-01-13,2026-10-05,,LKP_WORKFLOW_STATUS,Staging / landing table for ADMIN_PLATFORM.LKP_WORKFLOW_STATUS loads
STG_ORD_BOOKING,ADMIN_PLATFORM,TRANSACTION,Orders,Sales Operations,STAGING,198477,105,189.92,1,True,False,0,2013-04-23,2026-10-07,,ORD_BOOKING,Staging / landing table for SALES_OPS.ORD_BOOKING loads
STG_ORD_BOOKING_ADJ,ADMIN_PLATFORM,TRANSACTION,Orders,Sales Operations,STAGING,7919,98,6.29,1,False,False,0,2016-01-17,2026-10-07,,ORD_BOOKING_ADJ,Staging / landing table for SALES_OPS.ORD_BOOKING_ADJ loads
STG_ORD_CONTRACT_LINE,ADMIN_PLATFORM,DATA,Orders,Integration Team,STAGING,80317,56,43.21,1,False,False,0,2021-10-16,2026-10-07,,ORD_CONTRACT_LINE,Staging / landing table for SALES_OPS.ORD_CONTRACT_LINE loads
STG_ORD_CREDIT_MEMO,ADMIN_PLATFORM,TRANSACTION,Orders,Integration Team,STAGING,0,90,0.12,1,False,False,0,2013-08-14,2026-10-07,,ORD_CREDIT_MEMO,Staging / landing table for SALES_OPS.ORD_CREDIT_MEMO loads (truncated after each load)
STG_ORD_DISCOUNT_SCHEDULE,ADMIN_PLATFORM,CONFIG,Orders,Sales Operations,STAGING,0,45,0.06,0,False,False,0,2023-04-22,2026-10-05,,ORD_DISCOUNT_SCHEDULE,Staging / landing table for SALES_OPS.ORD_DISCOUNT_SCHEDULE loads (truncated after each load)
STG_ORD_INVOICE,ADMIN_PLATFORM,TRANSACTION,Orders,Sales Operations,STAGING,0,102,0.12,1,True,False,0,2017-12-14,2026-10-07,,ORD_INVOICE,Staging / landing table for SALES_OPS.ORD_INVOICE loads (truncated after each load)
STG_ORD_INVOICE_LINE,ADMIN_PLATFORM,TRANSACTION,Orders,Sales Operations,STAGING,133089,38,41.0,1,False,False,0,2023-02-17,2026-10-07,,ORD_INVOICE_LINE,Staging / landing table for SALES_OPS.ORD_INVOICE_LINE loads
STG_ORD_ORDER_LINE,ADMIN_PLATFORM,TRANSACTION,Orders,Sales Operations,STAGING,491064,76,391.1,1,True,False,0,2014-03-20,2026-10-07,,ORD_ORDER_LINE,Staging / landing table for SALES_OPS.ORD_ORDER_LINE loads
STG_ORD_ORDER_LINE_SPLIT,ADMIN_PLATFORM,TRANSACTION,Orders,Integration Team,STAGING,90048,70,52.28,1,True,False,0,2017-09-23,2026-10-07,,ORD_ORDER_LINE_SPLIT,Staging / landing table for SALES_OPS.ORD_ORDER_LINE_SPLIT loads
STG_ORD_PRICE_BOOK,ADMIN_PLATFORM,CONFIG,Orders,Sales Operations,STAGING,4,30,0.06,0,False,False,0,2023-05-11,2026-10-07,,ORD_PRICE_BOOK,Staging / landing table for SALES_OPS.ORD_PRICE_BOOK loads
STG_ORD_RETURN,ADMIN_PLATFORM,TRANSACTION,Orders,Sales Operations,STAGING,0,37,0.12,1,False,False,0,2015-04-20,2026-10-06,,ORD_RETURN,Staging / landing table for SALES_OPS.ORD_RETURN loads (truncated after each load)
STG_ORD_SALES_ORDER,ADMIN_PLATFORM,TRANSACTION,Orders,Sales Operations,STAGING,137600,106,75.33,0,False,False,0,2013-12-18,2026-10-07,,ORD_SALES_ORDER,Staging / landing table for SALES_OPS.ORD_SALES_ORDER loads
STG_ORD_SUBSCRIPTION,ADMIN_PLATFORM,DATA,Orders,Sales Operations,STAGING,76058,52,28.45,0,False,False,0,2020-11-24,2026-10-05,,ORD_SUBSCRIPTION,Staging / landing table for SALES_OPS.ORD_SUBSCRIPTION loads
STG_ORD_SUBSCRIPTION_RENEWAL,ADMIN_PLATFORM,TRANSACTION,Orders,Integration Team,STAGING,0,49,0.12,1,False,False,0,2017-01-27,2026-10-05,,ORD_SUBSCRIPTION_RENEWAL,Staging / landing table for SALES_OPS.ORD_SUBSCRIPTION_RENEWAL loads (truncated after each load)
STG_ORD_USAGE_EVENT,ADMIN_PLATFORM,TRANSACTION,Orders,Sales Operations,STAGING,0,39,0.06,0,False,False,0,2015-06-19,2026-10-06,,ORD_USAGE_EVENT,Staging / landing table for SALES_OPS.ORD_USAGE_EVENT loads (truncated after each load)
STG_PAY_ADVANCE,ADMIN_PLATFORM,TRANSACTION,Payments,Comp Operations,STAGING,8925,27,2.12,0,False,False,0,2017-07-14,2026-10-07,,PAY_ADVANCE,Staging / landing table for CORE_COMP.PAY_ADVANCE loads
STG_PAY_BALANCE_FORWARD,ADMIN_PLATFORM,DATA,Payments,Finance Systems,STAGING,35749,53,13.48,0,False,False,0,2015-06-01,2026-10-07,,PAY_BALANCE_FORWARD,Staging / landing table for CORE_COMP.PAY_BALANCE_FORWARD loads
STG_PAY_CLAWBACK_DETAIL,ADMIN_PLATFORM,TRANSACTION,Payments,Comp Operations,STAGING,645,56,0.22,1,False,False,0,2014-04-24,2026-10-07,,PAY_CLAWBACK_DETAIL,Staging / landing table for CORE_COMP.PAY_CLAWBACK_DETAIL loads
STG_PAY_DRAW_RECOVERY,ADMIN_PLATFORM,TRANSACTION,Payments,Finance Systems,STAGING,2090,24,0.63,1,True,False,0,2021-06-26,2026-10-06,,PAY_DRAW_RECOVERY,Staging / landing table for CORE_COMP.PAY_DRAW_RECOVERY loads
STG_PAY_MANUAL_PAYMENT,ADMIN_PLATFORM,TRANSACTION,Payments,Comp Operations,STAGING,0,46,0.12,1,False,False,0,2015-04-03,2026-10-05,,PAY_MANUAL_PAYMENT,Staging / landing table for CORE_COMP.PAY_MANUAL_PAYMENT loads (truncated after each load)
STG_PAY_PAYEE_BANK_ACCOUNT,ADMIN_PLATFORM,DATA,Payments,Finance Systems,STAGING,0,40,0.06,0,False,False,0,2018-04-08,2026-10-07,,PAY_PAYEE_BANK_ACCOUNT,Staging / landing table for CORE_COMP.PAY_PAYEE_BANK_ACCOUNT loads (truncated after each load)
STG_PAY_PAYMENT_APPROVAL,ADMIN_PLATFORM,DATA,Payments,Comp Operations,STAGING,6829,43,3.07,1,True,False,0,2014-03-25,2026-10-07,,PAY_PAYMENT_APPROVAL,Staging / landing table for CORE_COMP.PAY_PAYMENT_APPROVAL loads
STG_PAY_PAYMENT_BATCH,ADMIN_PLATFORM,DATA,Payments,Comp Operations,STAGING,37,68,0.06,1,True,False,0,2016-03-20,2026-10-07,,PAY_PAYMENT_BATCH,Staging / landing table for CORE_COMP.PAY_PAYMENT_BATCH loads
STG_PAY_PAYMENT_HOLD,ADMIN_PLATFORM,TRANSACTION,Payments,Comp Operations,STAGING,9513,72,3.56,0,False,False,0,2015-06-27,2026-10-06,,PAY_PAYMENT_HOLD,Staging / landing table for CORE_COMP.PAY_PAYMENT_HOLD loads
STG_PAY_PAYMENT_SCHEDULE,ADMIN_PLATFORM,CONFIG,Payments,Comp Operations,STAGING,0,45,0.06,0,False,False,0,2021-07-13,2026-10-07,,PAY_PAYMENT_SCHEDULE,Staging / landing table for CORE_COMP.PAY_PAYMENT_SCHEDULE loads
STG_PAY_PAYOUT,ADMIN_PLATFORM,TRANSACTION,Payments,Finance Systems,STAGING,706359,70,368.17,1,True,False,0,2014-06-05,2026-10-07,,PAY_PAYOUT,Staging / landing table for CORE_COMP.PAY_PAYOUT loads
STG_PAY_PAYOUT_DETAIL,ADMIN_PLATFORM,TRANSACTION,Payments,Comp Operations,STAGING,58216592,66,46352.43,1,False,False,0,2013-04-07,2026-10-03,,PAY_PAYOUT_DETAIL,Staging / landing table for CORE_COMP.PAY_PAYOUT_DETAIL loads
STG_PAY_STATEMENT,ADMIN_PLATFORM,DATA,Payments,Comp Operations,STAGING,0,47,0.06,1,True,False,0,2020-09-16,2026-10-07,,PAY_STATEMENT,Staging / landing table for CORE_COMP.PAY_STATEMENT loads (truncated after each load)
STG_PAY_STATEMENT_LINE,ADMIN_PLATFORM,TRANSACTION,Payments,Comp Operations,STAGING,38110996,77,31738.31,1,False,False,0,2016-10-12,2026-10-07,,PAY_STATEMENT_LINE,Staging / landing table for CORE_COMP.PAY_STATEMENT_LINE loads
STG_PRD_COMP_CALENDAR,ADMIN_PLATFORM,CONFIG,Calendar,Comp Operations,STAGING,0,44,0.06,1,True,False,0,2015-06-04,2026-10-02,,PRD_COMP_CALENDAR,Staging / landing table for CORE_COMP.PRD_COMP_CALENDAR loads
STG_PRD_PERIOD,ADMIN_PLATFORM,CONFIG,Calendar,Comp Operations,STAGING,36,14,0.06,0,False,False,0,2014-11-04,2026-10-07,,PRD_PERIOD,Staging / landing table for CORE_COMP.PRD_PERIOD loads
STG_PRD_PERIOD_STATUS,ADMIN_PLATFORM,DATA,Calendar,Comp Operations,STAGING,12,67,0.12,1,True,False,0,2013-04-03,2026-10-07,,PRD_PERIOD_STATUS,Staging / landing table for CORE_COMP.PRD_PERIOD_STATUS loads
STG_PRL_EXPORT_FILE_LOG,ADMIN_PLATFORM,SYSTEM,Payroll,Payroll Systems,STAGING,35,26,0.06,0,False,False,0,2015-06-08,2026-10-04,,PRL_EXPORT_FILE_LOG,Staging / landing table for FINANCE_GL.PRL_EXPORT_FILE_LOG loads
STG_PRL_PAYROLL_CALENDAR,ADMIN_PLATFORM,CONFIG,Payroll,Payroll Systems,STAGING,11,39,0.06,0,False,False,0,2013-06-15,2026-10-06,,PRL_PAYROLL_CALENDAR,Staging / landing table for FINANCE_GL.PRL_PAYROLL_CALENDAR loads
STG_PRL_PAYROLL_EXPORT,ADMIN_PLATFORM,TRANSACTION,Payroll,Payroll Systems,STAGING,543,84,0.36,0,False,False,0,2013-10-08,2026-10-07,,PRL_PAYROLL_EXPORT,Staging / landing table for FINANCE_GL.PRL_PAYROLL_EXPORT loads
STG_PRL_PAYROLL_EXPORT_LINE,ADMIN_PLATFORM,TRANSACTION,Payroll,Payroll Systems,STAGING,0,78,0.12,1,False,False,0,2023-05-23,2026-10-05,,PRL_PAYROLL_EXPORT_LINE,Staging / landing table for FINANCE_GL.PRL_PAYROLL_EXPORT_LINE loads (truncated after each load)
STG_PRL_PAYROLL_VENDOR,ADMIN_PLATFORM,CONFIG,Payroll,Unassigned,STAGING,0,19,0.06,1,True,False,0,2016-04-28,2026-10-07,,PRL_PAYROLL_VENDOR,Staging / landing table for FINANCE_GL.PRL_PAYROLL_VENDOR loads
STG_PRL_PAY_CODE_MAP,ADMIN_PLATFORM,CONFIG,Payroll,Payroll Systems,STAGING,1,22,0.06,1,True,False,0,2013-09-09,2026-10-05,,PRL_PAY_CODE_MAP,Staging / landing table for FINANCE_GL.PRL_PAY_CODE_MAP loads
STG_PRL_TAX_WITHHOLDING,ADMIN_PLATFORM,TRANSACTION,Payroll,Payroll Systems,STAGING,2036562,94,2164.78,1,True,False,0,2014-10-20,2026-10-05,,PRL_TAX_WITHHOLDING,Staging / landing table for FINANCE_GL.PRL_TAX_WITHHOLDING loads
STG_PRO_PRODUCT,ADMIN_PLATFORM,DATA,Products,Sales Operations,STAGING,1609,42,0.83,1,False,False,0,2021-09-05,2026-10-07,,PRO_PRODUCT,Staging / landing table for SALES_OPS.PRO_PRODUCT loads
STG_PRO_PRODUCT_BUNDLE,ADMIN_PLATFORM,DATA,Products,Sales Operations,STAGING,12,22,0.12,1,False,False,0,2013-08-12,2026-10-07,,PRO_PRODUCT_BUNDLE,Staging / landing table for SALES_OPS.PRO_PRODUCT_BUNDLE loads
STG_PRO_PRODUCT_FAMILY,ADMIN_PLATFORM,DATA,Products,Integration Team,STAGING,0,69,0.12,1,False,False,0,2015-05-09,2026-10-02,,PRO_PRODUCT_FAMILY,Staging / landing table for SALES_OPS.PRO_PRODUCT_FAMILY loads (truncated after each load)
STG_PRO_PRODUCT_HIERARCHY,ADMIN_PLATFORM,DATA,Products,Sales Operations,STAGING,5295,68,3.3,0,False,False,0,2019-12-20,2026-10-07,,PRO_PRODUCT_HIERARCHY,Staging / landing table for SALES_OPS.PRO_PRODUCT_HIERARCHY loads
STG_PRO_SKU_MAP,ADMIN_PLATFORM,CONFIG,Products,Sales Operations,STAGING,892,15,0.12,1,False,False,0,2014-07-30,2026-10-07,,PRO_SKU_MAP,Staging / landing table for SALES_OPS.PRO_SKU_MAP loads
STG_PRT_JOB_CODE_MAP,ADMIN_PLATFORM,CONFIG,Participants,HR Systems,STAGING,3,14,0.12,1,False,False,0,2015-03-04,2026-10-04,,PRT_JOB_CODE_MAP,Staging / landing table for CORE_COMP.PRT_JOB_CODE_MAP loads
STG_PRT_PARTICIPANT,ADMIN_PLATFORM,DATA,Participants,HR Systems,STAGING,353,59,0.15,0,False,False,0,2014-10-19,2026-10-04,,PRT_PARTICIPANT,Staging / landing table for CORE_COMP.PRT_PARTICIPANT loads
STG_PRT_PARTICIPANT_LEAVE,ADMIN_PLATFORM,DATA,Participants,HR Systems,STAGING,0,77,0.12,1,True,False,0,2022-08-25,2026-10-05,,PRT_PARTICIPANT_LEAVE,Staging / landing table for CORE_COMP.PRT_PARTICIPANT_LEAVE loads (truncated after each load)
STG_PRT_PARTICIPANT_PRORATION,ADMIN_PLATFORM,DATA,Participants,HR Systems,STAGING,0,76,0.06,0,False,False,0,2018-04-30,2026-10-06,,PRT_PARTICIPANT_PRORATION,Staging / landing table for CORE_COMP.PRT_PARTICIPANT_PRORATION loads (truncated after each load)
STG_PRT_PARTICIPANT_ROLE,ADMIN_PLATFORM,DATA,Participants,HR Systems,STAGING,1498,54,0.71,1,True,False,0,2018-07-14,2026-10-06,,PRT_PARTICIPANT_ROLE,Staging / landing table for CORE_COMP.PRT_PARTICIPANT_ROLE loads
STG_PRT_PARTICIPANT_TITLE_HIST,ADMIN_PLATFORM,DATA,Participants,HR Systems,STAGING,0,39,0.12,1,False,False,0,2017-07-28,2026-10-06,,PRT_PARTICIPANT_TITLE_HIST,Staging / landing table for CORE_COMP.PRT_PARTICIPANT_TITLE_HIST loads (truncated after each load)
STG_PRT_POSITION,ADMIN_PLATFORM,DATA,Participants,Unassigned,STAGING,17233,51,8.01,1,False,False,0,2021-05-18,2026-10-06,,PRT_POSITION,Staging / landing table for CORE_COMP.PRT_POSITION loads
STG_PRT_POSITION_ASSIGNMENT,ADMIN_PLATFORM,DATA,Participants,HR Systems,STAGING,0,50,0.06,0,False,False,0,2016-11-30,2026-10-07,,PRT_POSITION_ASSIGNMENT,Staging / landing table for CORE_COMP.PRT_POSITION_ASSIGNMENT loads (truncated after each load)
STG_QTA_QUOTA_ADJUSTMENT,ADMIN_PLATFORM,TRANSACTION,Quotas,Sales Planning,STAGING,0,95,0.06,1,True,False,0,2018-04-04,2026-10-05,,QTA_QUOTA_ADJUSTMENT,Staging / landing table for CORE_COMP.QTA_QUOTA_ADJUSTMENT loads (truncated after each load)
STG_QTA_QUOTA_ASSIGNMENT,ADMIN_PLATFORM,DATA,Quotas,Sales Planning,STAGING,436,76,0.28,0,False,False,0,2014-11-20,2026-10-07,,QTA_QUOTA_ASSIGNMENT,Staging / landing table for CORE_COMP.QTA_QUOTA_ASSIGNMENT loads
STG_QTA_QUOTA_ATTAINMENT,ADMIN_PLATFORM,DATA,Quotas,Sales Planning,STAGING,162448,24,43.41,1,True,False,0,2014-02-18,2026-10-07,,QTA_QUOTA_ATTAINMENT,Staging / landing table for CORE_COMP.QTA_QUOTA_ATTAINMENT loads
STG_QTA_QUOTA_ATTAINMENT_DAILY,ADMIN_PLATFORM,TRANSACTION,Quotas,Comp Operations,STAGING,17008806,65,10547.25,1,False,False,0,2013-08-14,2026-10-06,,QTA_QUOTA_ATTAINMENT_DAILY,Staging / landing table for CORE_COMP.QTA_QUOTA_ATTAINMENT_DAILY loads
STG_QTA_QUOTA_PERIOD_TARGET,ADMIN_PLATFORM,DATA,Quotas,Sales Planning,STAGING,40016,23,7.95,0,False,False,0,2014-12-01,2026-10-07,,QTA_QUOTA_PERIOD_TARGET,Staging / landing table for CORE_COMP.QTA_QUOTA_PERIOD_TARGET loads
STG_QTA_QUOTA_PLAN,ADMIN_PLATFORM,CONFIG,Quotas,Sales Planning,STAGING,1,42,0.12,1,False,False,0,2015-03-15,2026-10-06,,QTA_QUOTA_PLAN,Staging / landing table for CORE_COMP.QTA_QUOTA_PLAN loads
STG_QTA_QUOTA_RELIEF,ADMIN_PLATFORM,TRANSACTION,Quotas,Comp Operations,STAGING,57784,34,21.96,1,False,False,0,2015-02-09,2026-10-07,,QTA_QUOTA_RELIEF,Staging / landing table for CORE_COMP.QTA_QUOTA_RELIEF loads
STG_QTA_QUOTA_ROLLUP,ADMIN_PLATFORM,DATA,Quotas,Sales Planning,STAGING,209940,55,73.29,0,False,False,0,2017-10-14,2026-10-04,,QTA_QUOTA_ROLLUP,Staging / landing table for CORE_COMP.QTA_QUOTA_ROLLUP loads
STG_QTA_TOP_DOWN_ALLOCATION,ADMIN_PLATFORM,DATA,Quotas,Sales Planning,STAGING,416,53,0.26,1,False,False,0,2014-10-09,2026-09-29,,QTA_TOP_DOWN_ALLOCATION,Staging / landing table for CORE_COMP.QTA_TOP_DOWN_ALLOCATION loads
STG_RPT_ATTAINMENT_DASHBOARD,ADMIN_PLATFORM,DATA,Reporting,BI & Analytics,STAGING,34510,33,12.51,1,False,False,0,2024-10-06,2026-10-07,,RPT_ATTAINMENT_DASHBOARD,Staging / landing table for CORE_COMP.RPT_ATTAINMENT_DASHBOARD loads
STG_RPT_COMP_COST_ANALYSIS,ADMIN_PLATFORM,DATA,Reporting,BI & Analytics,STAGING,229210,37,66.78,1,True,False,0,2015-05-15,2026-10-05,,RPT_COMP_COST_ANALYSIS,Staging / landing table for CORE_COMP.RPT_COMP_COST_ANALYSIS loads
STG_RPT_EARNINGS_SUMMARY,ADMIN_PLATFORM,DATA,Reporting,BI & Analytics,STAGING,393713,40,185.85,1,True,False,0,2015-02-07,2026-10-06,,RPT_EARNINGS_SUMMARY,Staging / landing table for CORE_COMP.RPT_EARNINGS_SUMMARY loads
STG_RPT_LEADERBOARD,ADMIN_PLATFORM,DATA,Reporting,BI & Analytics,STAGING,16903,71,10.88,1,False,False,0,2014-08-19,2026-10-07,,RPT_LEADERBOARD,Staging / landing table for CORE_COMP.RPT_LEADERBOARD loads
STG_RPT_PARTICIPANT_STATEMENT_CACHE,ADMIN_PLATFORM,DATA,Reporting,BI & Analytics,STAGING,236029,26,59.46,0,False,False,0,2014-08-17,2026-10-06,,RPT_PARTICIPANT_STATEMENT_CACHE,Staging / landing table for CORE_COMP.RPT_PARTICIPANT_STATEMENT_CACHE loads
STG_RPT_PAYOUT_SUMMARY,ADMIN_PLATFORM,DATA,Reporting,BI & Analytics,STAGING,0,74,0.12,1,False,False,0,2013-08-06,2026-10-06,,RPT_PAYOUT_SUMMARY,Staging / landing table for CORE_COMP.RPT_PAYOUT_SUMMARY loads (truncated after each load)
STG_RPT_PLAN_PERFORMANCE,ADMIN_PLATFORM,DATA,Reporting,Unassigned,STAGING,2008,17,0.24,0,False,False,0,2015-02-20,2026-10-05,,RPT_PLAN_PERFORMANCE,Staging / landing table for CORE_COMP.RPT_PLAN_PERFORMANCE loads
STG_RTE_COMMISSION_RATE_MATRIX,ADMIN_PLATFORM,CONFIG,Rates,Comp Plan Design,STAGING,595,19,0.12,1,True,False,0,2014-07-04,2026-10-05,,RTE_COMMISSION_RATE_MATRIX,Staging / landing table for CORE_COMP.RTE_COMMISSION_RATE_MATRIX loads
STG_RTE_FX_RATE_SNAPSHOT,ADMIN_PLATFORM,DATA,Rates,Comp Plan Design,STAGING,0,22,0.12,1,False,False,0,2014-05-16,2026-10-06,,RTE_FX_RATE_SNAPSHOT,Staging / landing table for CORE_COMP.RTE_FX_RATE_SNAPSHOT loads (truncated after each load)
STG_RTE_PRODUCT_MULTIPLIER,ADMIN_PLATFORM,CONFIG,Rates,Comp Engineering,STAGING,44,45,0.12,1,False,False,0,2013-05-22,2026-09-29,,RTE_PRODUCT_MULTIPLIER,Staging / landing table for CORE_COMP.RTE_PRODUCT_MULTIPLIER loads
STG_RTE_RATE_OVERRIDE,ADMIN_PLATFORM,CONFIG,Rates,Comp Plan Design,STAGING,61,14,0.06,0,False,False,0,2016-08-07,2026-10-07,,RTE_RATE_OVERRIDE,Staging / landing table for CORE_COMP.RTE_RATE_OVERRIDE loads
STG_RTE_RATE_TABLE,ADMIN_PLATFORM,CONFIG,Rates,Comp Plan Design,STAGING,3,25,0.06,0,False,False,0,2013-11-22,2026-10-07,,RTE_RATE_TABLE,Staging / landing table for CORE_COMP.RTE_RATE_TABLE loads
STG_RTE_RATE_TABLE_DIMENSION,ADMIN_PLATFORM,CONFIG,Rates,Comp Plan Design,STAGING,0,17,0.06,1,True,False,0,2017-08-18,2026-10-06,,RTE_RATE_TABLE_DIMENSION,Staging / landing table for CORE_COMP.RTE_RATE_TABLE_DIMENSION loads (truncated after each load)
STG_RTE_RATE_TABLE_TIER,ADMIN_PLATFORM,CONFIG,Rates,Comp Plan Design,STAGING,4,42,0.06,1,True,False,0,2014-01-11,2026-10-04,,RTE_RATE_TABLE_TIER,Staging / landing table for CORE_COMP.RTE_RATE_TABLE_TIER loads
STG_SEC_API_TOKEN,ADMIN_PLATFORM,SYSTEM,Security,Security & IAM,STAGING,398,27,0.12,1,False,False,0,2015-04-11,2026-10-07,,SEC_API_TOKEN,Staging / landing table for ADMIN_PLATFORM.SEC_API_TOKEN loads
STG_SEC_DATA_ACCESS_POLICY,ADMIN_PLATFORM,CONFIG,Security,Platform Engineering,STAGING,29,19,0.06,0,False,False,0,2014-08-19,2026-10-07,,SEC_DATA_ACCESS_POLICY,Staging / landing table for ADMIN_PLATFORM.SEC_DATA_ACCESS_POLICY loads
STG_SEC_PASSWORD_POLICY,ADMIN_PLATFORM,CONFIG,Security,Security & IAM,STAGING,0,40,0.12,1,False,False,0,2013-07-31,2026-10-04,,SEC_PASSWORD_POLICY,Staging / landing table for ADMIN_PLATFORM.SEC_PASSWORD_POLICY loads (truncated after each load)
STG_SEC_PERMISSION,ADMIN_PLATFORM,CONFIG,Security,Security & IAM,STAGING,0,22,0.12,1,False,False,0,2015-11-30,2026-10-05,,SEC_PERMISSION,Staging / landing table for ADMIN_PLATFORM.SEC_PERMISSION loads (truncated after each load)
STG_SEC_ROLE,ADMIN_PLATFORM,CONFIG,Security,Security & IAM,STAGING,13,37,0.12,1,False,False,0,2017-04-07,2026-10-07,,SEC_ROLE,Staging / landing table for ADMIN_PLATFORM.SEC_ROLE loads
STG_SEC_ROLE_PERMISSION,ADMIN_PLATFORM,CONFIG,Security,Security & IAM,STAGING,83,13,0.12,1,False,False,0,2018-09-28,2026-10-06,,SEC_ROLE_PERMISSION,Staging / landing table for ADMIN_PLATFORM.SEC_ROLE_PERMISSION loads
STG_SEC_ROW_LEVEL_FILTER,ADMIN_PLATFORM,CONFIG,Security,Security & IAM,STAGING,1844,27,0.44,0,False,False,0,2014-07-14,2026-10-04,,SEC_ROW_LEVEL_FILTER,Staging / landing table for ADMIN_PLATFORM.SEC_ROW_LEVEL_FILTER loads
STG_SEC_SESSION,ADMIN_PLATFORM,SYSTEM,Security,Security & IAM,STAGING,0,13,0.06,0,False,False,0,2013-10-07,2026-10-07,,SEC_SESSION,Staging / landing table for ADMIN_PLATFORM.SEC_SESSION loads
STG_SEC_USER,ADMIN_PLATFORM,DATA,Security,Security & IAM,STAGING,516,67,0.29,1,False,False,0,2013-07-12,2026-10-07,,SEC_USER,Staging / landing table for ADMIN_PLATFORM.SEC_USER loads
STG_SEC_USER_ROLE,ADMIN_PLATFORM,DATA,Security,Security & IAM,STAGING,0,56,0.12,1,True,False,0,2018-09-19,2026-10-05,,SEC_USER_ROLE,Staging / landing table for ADMIN_PLATFORM.SEC_USER_ROLE loads (truncated after each load)
STG_SYS_CACHE_INVALIDATION,ADMIN_PLATFORM,SYSTEM,Platform,DBA Team,STAGING,504017,15,75.33,1,False,False,0,2013-06-14,2026-10-07,,SYS_CACHE_INVALIDATION,Staging / landing table for ADMIN_PLATFORM.SYS_CACHE_INVALIDATION loads
STG_SYS_EMAIL_OUTBOX,ADMIN_PLATFORM,SYSTEM,Platform,Platform Engineering,STAGING,0,30,0.12,1,True,False,0,2013-08-25,2026-10-07,,SYS_EMAIL_OUTBOX,Staging / landing table for ADMIN_PLATFORM.SYS_EMAIL_OUTBOX loads (truncated after each load)
STG_SYS_ERROR_LOG,ADMIN_PLATFORM,SYSTEM,Platform,Platform Engineering,STAGING,0,15,0.06,0,False,False,0,2014-10-05,2026-10-07,,SYS_ERROR_LOG,Staging / landing table for ADMIN_PLATFORM.SYS_ERROR_LOG loads (truncated after each load)
STG_SYS_FEATURE_FLAG,ADMIN_PLATFORM,CONFIG,Platform,Platform Engineering,STAGING,0,37,0.12,1,True,False,0,2019-01-26,2026-10-05,,SYS_FEATURE_FLAG,Staging / landing table for ADMIN_PLATFORM.SYS_FEATURE_FLAG loads
STG_SYS_JOB_DEFINITION,ADMIN_PLATFORM,CONFIG,Jobs & Scheduling,Data Engineering,STAGING,131,14,0.06,0,False,False,0,2021-07-25,2026-10-07,,SYS_JOB_DEFINITION,Staging / landing table for ADMIN_PLATFORM.SYS_JOB_DEFINITION loads
STG_SYS_JOB_DEPENDENCY,ADMIN_PLATFORM,CONFIG,Jobs & Scheduling,Platform Engineering,STAGING,1,45,0.06,0,False,False,0,2020-09-08,2026-10-04,,SYS_JOB_DEPENDENCY,Staging / landing table for ADMIN_PLATFORM.SYS_JOB_DEPENDENCY loads
STG_SYS_JOB_RUN_LOG,ADMIN_PLATFORM,SYSTEM,Jobs & Scheduling,Data Engineering,STAGING,0,30,0.12,1,False,False,0,2015-03-01,2026-10-07,,SYS_JOB_RUN_LOG,Staging / landing table for ADMIN_PLATFORM.SYS_JOB_RUN_LOG loads (truncated after each load)
STG_SYS_JOB_SCHEDULE,ADMIN_PLATFORM,CONFIG,Jobs & Scheduling,Unassigned,STAGING,0,34,0.12,1,True,False,0,2014-06-05,2026-10-06,,SYS_JOB_SCHEDULE,Staging / landing table for ADMIN_PLATFORM.SYS_JOB_SCHEDULE loads (truncated after each load)
STG_SYS_JOB_STEP_LOG,ADMIN_PLATFORM,SYSTEM,Jobs & Scheduling,Unassigned,STAGING,20329330,32,4569.51,0,False,False,0,2013-08-09,2026-10-07,,SYS_JOB_STEP_LOG,Staging / landing table for ADMIN_PLATFORM.SYS_JOB_STEP_LOG loads
STG_SYS_LOCK,ADMIN_PLATFORM,SYSTEM,Platform,Platform Engineering,STAGING,0,16,0.06,1,True,False,0,2015-09-03,2026-10-06,,SYS_LOCK,Staging / landing table for ADMIN_PLATFORM.SYS_LOCK loads (truncated after each load)
STG_SYS_NOTIFICATION,ADMIN_PLATFORM,SYSTEM,Platform,DBA Team,STAGING,3305873,35,1106.84,0,False,False,0,2018-02-14,2026-10-07,,SYS_NOTIFICATION,Staging / landing table for ADMIN_PLATFORM.SYS_NOTIFICATION loads
STG_SYS_PARAMETER,ADMIN_PLATFORM,CONFIG,Platform,Platform Engineering,STAGING,0,22,0.12,1,False,False,0,2014-11-27,2026-10-07,,SYS_PARAMETER,Staging / landing table for ADMIN_PLATFORM.SYS_PARAMETER loads
STG_SYS_PURGE_LOG,ADMIN_PLATFORM,SYSTEM,Platform,DBA Team,STAGING,8173,12,1.03,1,False,False,0,2020-09-20,2026-10-06,,SYS_PURGE_LOG,Staging / landing table for ADMIN_PLATFORM.SYS_PURGE_LOG loads
STG_SYS_QUEUE_MESSAGE,ADMIN_PLATFORM,SYSTEM,Jobs & Scheduling,Platform Engineering,STAGING,46924,12,4.32,0,False,False,0,2024-01-30,2026-10-07,,SYS_QUEUE_MESSAGE,Staging / landing table for ADMIN_PLATFORM.SYS_QUEUE_MESSAGE loads
STG_SYS_REPORT_SUBSCRIPTION,ADMIN_PLATFORM,CONFIG,Platform,DBA Team,STAGING,0,41,0.06,0,False,False,0,2023-12-15,2026-10-02,,SYS_REPORT_SUBSCRIPTION,Staging / landing table for ADMIN_PLATFORM.SYS_REPORT_SUBSCRIPTION loads (truncated after each load)
STG_SYS_SCHEMA_VERSION,ADMIN_PLATFORM,SYSTEM,Platform,Platform Engineering,STAGING,0,16,0.06,0,False,False,0,2014-05-03,2026-10-05,,SYS_SCHEMA_VERSION,Staging / landing table for ADMIN_PLATFORM.SYS_SCHEMA_VERSION loads
STG_SYS_SEQUENCE_REGISTRY,ADMIN_PLATFORM,SYSTEM,Platform,Platform Engineering,STAGING,16,11,0.06,0,False,False,0,2014-04-15,2026-10-07,,SYS_SEQUENCE_REGISTRY,Staging / landing table for ADMIN_PLATFORM.SYS_SEQUENCE_REGISTRY loads
STG_SYS_STATS_SNAPSHOT,ADMIN_PLATFORM,SYSTEM,Platform,Platform Engineering,STAGING,28621,33,10.8,1,False,False,0,2014-02-24,2026-10-06,,SYS_STATS_SNAPSHOT,Staging / landing table for ADMIN_PLATFORM.SYS_STATS_SNAPSHOT loads
STG_SYS_TENANT,ADMIN_PLATFORM,CONFIG,Platform,DBA Team,STAGING,0,30,0.06,1,True,False,0,2013-11-17,2026-10-06,,SYS_TENANT,Staging / landing table for ADMIN_PLATFORM.SYS_TENANT loads
STG_SYS_UI_PREFERENCE,ADMIN_PLATFORM,DATA,Platform,Platform Engineering,STAGING,487,57,0.23,0,False,False,0,2013-10-31,2026-10-06,,SYS_UI_PREFERENCE,Staging / landing table for ADMIN_PLATFORM.SYS_UI_PREFERENCE loads
STG_TER_ACCOUNT_ALIGNMENT,ADMIN_PLATFORM,DATA,Territories,Sales Planning,STAGING,178015,49,53.33,1,False,False,0,2013-06-23,2026-10-07,,TER_ACCOUNT_ALIGNMENT,Staging / landing table for SALES_OPS.TER_ACCOUNT_ALIGNMENT loads
STG_TER_COVERAGE_MODEL,ADMIN_PLATFORM,CONFIG,Territories,Sales Planning,STAGING,0,13,0.12,1,False,False,0,2014-02-10,2026-10-04,,TER_COVERAGE_MODEL,Staging / landing table for SALES_OPS.TER_COVERAGE_MODEL loads
STG_TER_REALIGNMENT_EVENT,ADMIN_PLATFORM,TRANSACTION,Territories,Sales Planning,STAGING,775,76,0.47,1,True,False,0,2014-03-20,2026-10-06,,TER_REALIGNMENT_EVENT,Staging / landing table for SALES_OPS.TER_REALIGNMENT_EVENT loads
STG_TER_TERRITORY,ADMIN_PLATFORM,DATA,Territories,Sales Planning,STAGING,0,28,0.12,1,False,False,0,2014-03-27,2026-10-03,,TER_TERRITORY,Staging / landing table for SALES_OPS.TER_TERRITORY loads (truncated after each load)
STG_TER_TERRITORY_ASSIGNMENT,ADMIN_PLATFORM,DATA,Territories,Sales Planning,STAGING,1901,18,0.24,0,False,False,0,2024-02-07,2026-10-04,,TER_TERRITORY_ASSIGNMENT,Staging / landing table for SALES_OPS.TER_TERRITORY_ASSIGNMENT loads
STG_TER_TERRITORY_HIERARCHY,ADMIN_PLATFORM,DATA,Territories,Sales Planning,STAGING,0,29,0.06,0,False,False,0,2019-08-14,2026-10-07,,TER_TERRITORY_HIERARCHY,Staging / landing table for SALES_OPS.TER_TERRITORY_HIERARCHY loads (truncated after each load)
STG_TER_TERRITORY_QUOTA_MAP,ADMIN_PLATFORM,DATA,Territories,Sales Planning,STAGING,0,63,0.06,1,True,False,0,2013-08-11,2026-10-06,,TER_TERRITORY_QUOTA_MAP,Staging / landing table for SALES_OPS.TER_TERRITORY_QUOTA_MAP loads (truncated after each load)
STG_TER_TERRITORY_RULE,ADMIN_PLATFORM,CONFIG,Territories,Sales Planning,STAGING,939,33,0.24,0,False,False,0,2019-04-22,2026-10-05,,TER_TERRITORY_RULE,Staging / landing table for SALES_OPS.TER_TERRITORY_RULE loads
STG_TER_TERRITORY_RULE_CRITERIA,ADMIN_PLATFORM,CONFIG,Territories,Sales Planning,STAGING,2697,12,0.36,0,False,False,0,2015-01-09,2026-10-06,,TER_TERRITORY_RULE_CRITERIA,Staging / landing table for SALES_OPS.TER_TERRITORY_RULE_CRITERIA loads
STG_TER_ZIP_ALIGNMENT,ADMIN_PLATFORM,DATA,Territories,Sales Operations,STAGING,356,25,0.06,0,False,False,0,2014-11-03,2026-10-05,,TER_ZIP_ALIGNMENT,Staging / landing table for SALES_OPS.TER_ZIP_ALIGNMENT loads
STG_WFL_TASK,ADMIN_PLATFORM,SYSTEM,Workflow,Platform Engineering,STAGING,13375,35,3.32,0,False,False,0,2015-05-22,2026-10-05,,WFL_TASK,Staging / landing table for ADMIN_PLATFORM.WFL_TASK loads
STG_WFL_TASK_HISTORY,ADMIN_PLATFORM,SYSTEM,Workflow,Platform Engineering,STAGING,0,32,0.06,0,False,False,0,2013-08-22,2026-10-07,,WFL_TASK_HISTORY,Staging / landing table for ADMIN_PLATFORM.WFL_TASK_HISTORY loads (truncated after each load)
STG_WFL_WORKFLOW_DEF,ADMIN_PLATFORM,CONFIG,Workflow,Platform Engineering,STAGING,0,34,0.12,1,True,False,0,2013-10-26,2026-10-07,,WFL_WORKFLOW_DEF,Staging / landing table for ADMIN_PLATFORM.WFL_WORKFLOW_DEF loads
STG_WFL_WORKFLOW_INSTANCE,ADMIN_PLATFORM,SYSTEM,Workflow,Platform Engineering,STAGING,0,35,0.12,1,True,False,0,2014-11-05,2026-10-05,,WFL_WORKFLOW_INSTANCE,Staging / landing table for ADMIN_PLATFORM.WFL_WORKFLOW_INSTANCE loads (truncated after each load)
SYS_CACHE_INVALIDATION,ADMIN_PLATFORM,SYSTEM,Platform,DBA Team,BASE,2655707,12,474.72,4,True,False,26926,2013-06-14,2026-10-07,,,System/operational log of cache invalidation
SYS_CACHE_INVALIDATION_HIST,ADMIN_PLATFORM,SYSTEM,Platform,DBA Team,HISTORY,2085566,16,436.57,2,True,False,14235,2013-06-14,2026-10-07,,SYS_CACHE_INVALIDATION,Effective-dated history / audit trail of SYS_CACHE_INVALIDATION
SYS_CACHE_INVALIDATION_V2,ADMIN_PLATFORM,SYSTEM,Platform,DBA Team,VERSIONED,2052541,10,243.13,2,True,False,91408,2024-10-03,2026-10-06,,SYS_CACHE_INVALIDATION,Re-modelled version of SYS_CACHE_INVALIDATION (migration in progress)
SYS_EMAIL_OUTBOX,ADMIN_PLATFORM,SYSTEM,Platform,Platform Engineering,BASE,11141023,27,3151.94,2,True,False,123537,2013-08-25,2026-10-07,SYS_NOTIFICATION,,System/operational log of email outbox
SYS_EMAIL_OUTBOX_HIST,ADMIN_PLATFORM,SYSTEM,Platform,Platform Engineering,HISTORY,6978912,31,1645.56,1,False,False,83090,2013-08-25,2026-10-07,,SYS_EMAIL_OUTBOX,Effective-dated history / audit trail of SYS_EMAIL_OUTBOX
SYS_EMAIL_OUTBOX_V2,ADMIN_PLATFORM,SYSTEM,Platform,Platform Engineering,VERSIONED,11529425,25,4236.19,6,True,False,1267215,2025-09-06,2026-09-20,,SYS_EMAIL_OUTBOX,Re-modelled version of SYS_EMAIL_OUTBOX (migration in progress)
SYS_ERROR_LOG,ADMIN_PLATFORM,SYSTEM,Platform,Platform Engineering,BASE,100413289,12,10632.61,1,True,True,1225743,2014-10-05,2026-10-06,LKP_SEVERITY,,System/operational log of error log
SYS_ERROR_LOG_2021,ADMIN_PLATFORM,SYSTEM,Platform,Platform Engineering,YEARLY,15338249,12,2662.69,2,True,False,0,2020-12-25,2022-01-22,,SYS_ERROR_LOG,Fiscal-year 2021 split of SYS_ERROR_LOG
SYS_ERROR_LOG_2022,ADMIN_PLATFORM,SYSTEM,Platform,Platform Engineering,YEARLY,14733516,12,1815.53,2,True,False,0,2021-12-23,2023-03-02,,SYS_ERROR_LOG,Fiscal-year 2022 split of SYS_ERROR_LOG
SYS_ERROR_LOG_2023,ADMIN_PLATFORM,SYSTEM,Platform,Platform Engineering,YEARLY,13588476,12,1776.06,5,True,False,0,2022-12-26,2024-04-07,,SYS_ERROR_LOG,Fiscal-year 2023 split of SYS_ERROR_LOG
SYS_ERROR_LOG_2024,ADMIN_PLATFORM,SYSTEM,Platform,Platform Engineering,YEARLY,19171491,12,4006.37,6,True,False,0,2023-12-19,2025-01-30,,SYS_ERROR_LOG,Fiscal-year 2024 split of SYS_ERROR_LOG
SYS_ERROR_LOG_2025,ADMIN_PLATFORM,SYSTEM,Platform,Platform Engineering,YEARLY,21462557,12,4603.43,5,True,False,0,2024-12-23,2026-02-19,,SYS_ERROR_LOG,Fiscal-year 2025 split of SYS_ERROR_LOG
SYS_ERROR_LOG_2026,ADMIN_PLATFORM,SYSTEM,Platform,Platform Engineering,YEARLY,12935564,12,1826.38,6,True,False,2248732,2025-12-27,2026-10-07,,SYS_ERROR_LOG,Fiscal-year 2026 split of SYS_ERROR_LOG
SYS_ERROR_LOG_HIST,ADMIN_PLATFORM,SYSTEM,Platform,Platform Engineering,HISTORY,89932027,16,16911.82,1,True,False,957217,2014-10-05,2026-10-06,,SYS_ERROR_LOG,Effective-dated history / audit trail of SYS_ERROR_LOG
SYS_FEATURE_FLAG,ADMIN_PLATFORM,CONFIG,Platform,Platform Engineering,BASE,224,34,0.12,1,True,False,1,2019-01-26,2026-09-03,,,Configuration for feature flag
SYS_FEATURE_FLAG_HIST,ADMIN_PLATFORM,CONFIG,Platform,Platform Engineering,HISTORY,809,38,0.36,2,True,False,7,2019-01-26,2026-09-03,,SYS_FEATURE_FLAG,Effective-dated history / audit trail of SYS_FEATURE_FLAG
SYS_FEATURE_FLAG_V2,ADMIN_PLATFORM,CONFIG,Platform,Platform Engineering,VERSIONED,206,36,0.12,1,True,False,5,2024-06-04,2026-09-23,,SYS_FEATURE_FLAG,Re-modelled version of SYS_FEATURE_FLAG (migration in progress)
SYS_JOB_DEFINITION,ADMIN_PLATFORM,CONFIG,Jobs & Scheduling,Data Engineering,BASE,917,11,0.19,2,True,False,10,2021-07-25,2026-09-27,,,Configuration for job definition
SYS_JOB_DEFINITION_HIST,ADMIN_PLATFORM,CONFIG,Jobs & Scheduling,Data Engineering,HISTORY,1522,15,0.25,3,True,False,23,2021-07-25,2026-09-27,,SYS_JOB_DEFINITION,Effective-dated history / audit trail of SYS_JOB_DEFINITION
SYS_JOB_DEPENDENCY,ADMIN_PLATFORM,CONFIG,Jobs & Scheduling,Platform Engineering,BASE,3835,42,1.3,3,True,False,34,2020-09-08,2026-08-26,SYS_JOB_DEFINITION,,Configuration for job dependency
SYS_JOB_DEPENDENCY_HIST,ADMIN_PLATFORM,CONFIG,Jobs & Scheduling,Platform Engineering,HISTORY,24485,46,10.73,1,True,False,291,2020-09-08,2026-08-26,,SYS_JOB_DEPENDENCY,Effective-dated history / audit trail of SYS_JOB_DEPENDENCY
SYS_JOB_RUN_LOG,ADMIN_PLATFORM,SYSTEM,Jobs & Scheduling,Data Engineering,BASE,8019601,27,1835.35,1,True,False,114517,2015-03-01,2026-10-07,SYS_JOB_DEFINITION;LKP_JOB_STATUS,,System/operational log of job run log
SYS_JOB_RUN_LOG_HIST,ADMIN_PLATFORM,SYSTEM,Jobs & Scheduling,Data Engineering,HISTORY,2227822,31,902.41,4,True,False,27851,2015-03-01,2026-10-07,,SYS_JOB_RUN_LOG,Effective-dated history / audit trail of SYS_JOB_RUN_LOG
SYS_JOB_SCHEDULE,ADMIN_PLATFORM,CONFIG,Jobs & Scheduling,Unassigned,BASE,1121,31,0.45,2,True,False,4,2014-06-05,2026-09-29,SYS_JOB_DEFINITION,,Configuration for job schedule
SYS_JOB_SCHEDULE_APAC,ADMIN_PLATFORM,CONFIG,Jobs & Scheduling,Unassigned,REGIONAL,249,31,0.19,2,True,False,2,2016-05-25,2026-09-27,,SYS_JOB_SCHEDULE,Regional partition (APAC) of SYS_JOB_SCHEDULE
SYS_JOB_SCHEDULE_BKP_20190211,ADMIN_PLATFORM,CONFIG,Jobs & Scheduling,Unassigned,BACKUP,387,31,0.1,0,False,False,0,2019-02-11,2019-02-11,,SYS_JOB_SCHEDULE,Ad-hoc backup copy of SYS_JOB_SCHEDULE taken 2019-02-11
SYS_JOB_SCHEDULE_BKP_20200808,ADMIN_PLATFORM,CONFIG,Jobs & Scheduling,Unassigned,BACKUP,552,31,0.1,0,False,False,0,2020-08-08,2020-08-08,,SYS_JOB_SCHEDULE,Ad-hoc backup copy of SYS_JOB_SCHEDULE taken 2020-08-08
SYS_JOB_SCHEDULE_EMEA,ADMIN_PLATFORM,CONFIG,Jobs & Scheduling,Unassigned,REGIONAL,390,31,0.19,2,True,False,0,2016-02-03,2020-04-15,,SYS_JOB_SCHEDULE,Regional partition (EMEA) of SYS_JOB_SCHEDULE
SYS_JOB_SCHEDULE_HIST,ADMIN_PLATFORM,CONFIG,Jobs & Scheduling,Unassigned,HISTORY,7392,35,3.36,3,False,False,37,2014-06-05,2026-09-29,,SYS_JOB_SCHEDULE,Effective-dated history / audit trail of SYS_JOB_SCHEDULE
SYS_JOB_SCHEDULE_LATAM,ADMIN_PLATFORM,CONFIG,Jobs & Scheduling,Unassigned,REGIONAL,105,31,0.19,2,True,False,0,2016-05-05,2026-09-29,,SYS_JOB_SCHEDULE,Regional partition (LATAM) of SYS_JOB_SCHEDULE
SYS_JOB_SCHEDULE_NA,ADMIN_PLATFORM,CONFIG,Jobs & Scheduling,Unassigned,REGIONAL,528,31,0.17,1,True,False,5,2016-05-11,2026-09-26,,SYS_JOB_SCHEDULE,Regional partition (NA) of SYS_JOB_SCHEDULE
SYS_JOB_STEP_LOG,ADMIN_PLATFORM,SYSTEM,Jobs & Scheduling,Unassigned,BASE,519706476,29,177975.32,1,True,True,4776264,2013-08-09,2026-10-06,SYS_JOB_RUN_LOG,,System/operational log of job step log
SYS_JOB_STEP_LOG_HIST,ADMIN_PLATFORM,SYSTEM,Jobs & Scheduling,Unassigned,HISTORY,125601138,33,48659.05,5,True,True,1553356,2013-08-09,2026-10-06,,SYS_JOB_STEP_LOG,Effective-dated history / audit trail of SYS_JOB_STEP_LOG
SYS_LOCK,ADMIN_PLATFORM,SYSTEM,Platform,Platform Engineering,BASE,0,13,0.19,2,True,False,0,2015-09-03,2016-07-18,,,"System/operational log of lock (deprecated feature, no longer populated)"
SYS_LOCK_HIST,ADMIN_PLATFORM,SYSTEM,Platform,Platform Engineering,HISTORY,43,17,0.38,5,True,False,0,2015-09-03,2016-07-18,,SYS_LOCK,Effective-dated history / audit trail of SYS_LOCK
SYS_NOTIFICATION,ADMIN_PLATFORM,SYSTEM,Platform,DBA Team,BASE,22600455,32,9111.42,4,True,False,320187,2018-02-14,2026-10-07,SEC_USER;LKP_NOTIFICATION_TYPE,,System/operational log of notification
SYS_NOTIFICATION_HIST,ADMIN_PLATFORM,SYSTEM,Platform,DBA Team,HISTORY,19500868,36,9986.01,4,True,False,268759,2018-02-14,2026-10-07,,SYS_NOTIFICATION,Effective-dated history / audit trail of SYS_NOTIFICATION
SYS_PARAMETER,ADMIN_PLATFORM,CONFIG,Platform,Platform Engineering,BASE,296,19,0.31,4,True,False,2,2014-11-27,2026-08-25,,,Configuration for parameter
SYS_PARAMETER_APAC,ADMIN_PLATFORM,CONFIG,Platform,Platform Engineering,REGIONAL,0,19,0.19,2,True,False,0,2017-03-01,2026-08-22,,SYS_PARAMETER,Regional partition (APAC) of SYS_PARAMETER
SYS_PARAMETER_EMEA,ADMIN_PLATFORM,CONFIG,Platform,Platform Engineering,REGIONAL,89,19,0.12,1,True,False,0,2016-02-16,2026-08-23,,SYS_PARAMETER,Regional partition (EMEA) of SYS_PARAMETER
SYS_PARAMETER_HIST,ADMIN_PLATFORM,CONFIG,Platform,Platform Engineering,HISTORY,684,23,0.31,4,True,False,3,2014-11-27,2026-08-25,,SYS_PARAMETER,Effective-dated history / audit trail of SYS_PARAMETER
SYS_PARAMETER_LATAM,ADMIN_PLATFORM,CONFIG,Platform,Platform Engineering,REGIONAL,28,19,0.31,4,True,False,0,2017-05-08,2026-08-25,,SYS_PARAMETER,Regional partition (LATAM) of SYS_PARAMETER
SYS_PARAMETER_NA,ADMIN_PLATFORM,CONFIG,Platform,Platform Engineering,REGIONAL,148,19,0.19,2,True,False,0,2017-03-10,2018-05-18,,SYS_PARAMETER,Regional partition (NA) of SYS_PARAMETER
SYS_PURGE_LOG,ADMIN_PLATFORM,SYSTEM,Platform,DBA Team,BASE,86897,9,7.44,2,True,False,1572,2020-09-20,2026-10-06,,,System/operational log of purge log
SYS_PURGE_LOG_HIST,ADMIN_PLATFORM,SYSTEM,Platform,DBA Team,HISTORY,81962,13,12.96,6,True,False,1131,2020-09-20,2026-10-06,,SYS_PURGE_LOG,Effective-dated history / audit trail of SYS_PURGE_LOG
SYS_QUEUE_MESSAGE,ADMIN_PLATFORM,SYSTEM,Jobs & Scheduling,Platform Engineering,BASE,2919545,9,567.84,6,True,False,182206,2024-01-30,2026-10-06,,,System/operational log of queue message
SYS_QUEUE_MESSAGE_2019,ADMIN_PLATFORM,SYSTEM,Jobs & Scheduling,Platform Engineering,YEARLY,275513,9,43.94,4,True,False,0,2018-12-21,2020-02-08,,SYS_QUEUE_MESSAGE,Fiscal-year 2019 split of SYS_QUEUE_MESSAGE
SYS_QUEUE_MESSAGE_2020,ADMIN_PLATFORM,SYSTEM,Jobs & Scheduling,Platform Engineering,YEARLY,346121,9,42.0,3,False,False,0,2019-12-20,2021-04-24,,SYS_QUEUE_MESSAGE,Fiscal-year 2020 split of SYS_QUEUE_MESSAGE
SYS_QUEUE_MESSAGE_2021,ADMIN_PLATFORM,SYSTEM,Jobs & Scheduling,Platform Engineering,YEARLY,383530,9,46.17,3,True,False,0,2020-12-21,2022-04-02,,SYS_QUEUE_MESSAGE,Fiscal-year 2021 split of SYS_QUEUE_MESSAGE
SYS_QUEUE_MESSAGE_2022,ADMIN_PLATFORM,SYSTEM,Jobs & Scheduling,Platform Engineering,YEARLY,366048,9,66.4,6,True,False,0,2021-12-29,2023-03-06,,SYS_QUEUE_MESSAGE,Fiscal-year 2022 split of SYS_QUEUE_MESSAGE
SYS_QUEUE_MESSAGE_2023,ADMIN_PLATFORM,SYSTEM,Jobs & Scheduling,Platform Engineering,YEARLY,486097,9,47.23,2,True,False,0,2022-12-17,2024-04-05,,SYS_QUEUE_MESSAGE,Fiscal-year 2023 split of SYS_QUEUE_MESSAGE
SYS_QUEUE_MESSAGE_2024,ADMIN_PLATFORM,SYSTEM,Jobs & Scheduling,Platform Engineering,YEARLY,586184,9,92.71,3,True,False,0,2023-12-21,2025-03-24,,SYS_QUEUE_MESSAGE,Fiscal-year 2024 split of SYS_QUEUE_MESSAGE
SYS_QUEUE_MESSAGE_2025,ADMIN_PLATFORM,SYSTEM,Jobs & Scheduling,Platform Engineering,YEARLY,519501,9,46.11,1,True,False,0,2024-12-16,2026-03-17,,SYS_QUEUE_MESSAGE,Fiscal-year 2025 split of SYS_QUEUE_MESSAGE
SYS_QUEUE_MESSAGE_2026,ADMIN_PLATFORM,SYSTEM,Jobs & Scheduling,Platform Engineering,YEARLY,409619,9,54.38,5,True,False,57107,2025-12-14,2026-10-05,,SYS_QUEUE_MESSAGE,Fiscal-year 2026 split of SYS_QUEUE_MESSAGE
SYS_QUEUE_MESSAGE_HIST,ADMIN_PLATFORM,SYSTEM,Jobs & Scheduling,Platform Engineering,HISTORY,1601059,13,254.63,5,True,False,76277,2024-01-30,2026-10-06,,SYS_QUEUE_MESSAGE,Effective-dated history / audit trail of SYS_QUEUE_MESSAGE
SYS_REPORT_SUBSCRIPTION,ADMIN_PLATFORM,CONFIG,Platform,DBA Team,BASE,16179,38,7.03,3,True,False,0,2023-12-15,2026-01-19,SEC_USER,,Configuration for report subscription
SYS_REPORT_SUBSCRIPTION_BKP_20240305,ADMIN_PLATFORM,CONFIG,Platform,DBA Team,BACKUP,1194,38,0.32,0,False,False,0,2024-03-05,2024-03-05,,SYS_REPORT_SUBSCRIPTION,Ad-hoc backup copy of SYS_REPORT_SUBSCRIPTION taken 2024-03-05
SYS_REPORT_SUBSCRIPTION_BKP_20240524,ADMIN_PLATFORM,CONFIG,Platform,DBA Team,BACKUP,2463,38,0.86,0,False,False,0,2024-05-24,2024-05-24,,SYS_REPORT_SUBSCRIPTION,Ad-hoc backup copy of SYS_REPORT_SUBSCRIPTION taken 2024-05-24
SYS_REPORT_SUBSCRIPTION_HIST,ADMIN_PLATFORM,CONFIG,Platform,DBA Team,HISTORY,126740,42,71.22,3,True,False,0,2023-12-15,2026-01-19,,SYS_REPORT_SUBSCRIPTION,Effective-dated history / audit trail of SYS_REPORT_SUBSCRIPTION
SYS_REPORT_SUBSCRIPTION_V2,ADMIN_PLATFORM,CONFIG,Platform,DBA Team,VERSIONED,775,37,0.21,1,True,False,0,2025-12-16,2026-01-25,,SYS_REPORT_SUBSCRIPTION,Re-modelled version of SYS_REPORT_SUBSCRIPTION (abandoned migration)
SYS_SCHEMA_VERSION,ADMIN_PLATFORM,SYSTEM,Platform,Platform Engineering,BASE,872,13,0.19,2,True,False,6,2014-05-03,2026-10-07,,,System/operational log of schema version
SYS_SCHEMA_VERSION_2018,ADMIN_PLATFORM,SYSTEM,Platform,Platform Engineering,YEARLY,99,13,0.12,1,True,False,0,2017-12-31,2019-03-12,,SYS_SCHEMA_VERSION,Fiscal-year 2018 split of SYS_SCHEMA_VERSION
SYS_SCHEMA_VERSION_2019,ADMIN_PLATFORM,SYSTEM,Platform,Platform Engineering,YEARLY,93,13,0.19,2,False,False,0,2018-12-28,2020-01-25,,SYS_SCHEMA_VERSION,Fiscal-year 2019 split of SYS_SCHEMA_VERSION
SYS_SCHEMA_VERSION_2020,ADMIN_PLATFORM,SYSTEM,Platform,Platform Engineering,YEARLY,116,13,0.25,3,True,False,0,2019-12-19,2021-04-23,,SYS_SCHEMA_VERSION,Fiscal-year 2020 split of SYS_SCHEMA_VERSION
SYS_SCHEMA_VERSION_2021,ADMIN_PLATFORM,SYSTEM,Platform,Platform Engineering,YEARLY,109,13,0.44,6,True,False,0,2020-12-26,2022-04-25,,SYS_SCHEMA_VERSION,Fiscal-year 2021 split of SYS_SCHEMA_VERSION
SYS_SCHEMA_VERSION_2022,ADMIN_PLATFORM,SYSTEM,Platform,Platform Engineering,YEARLY,104,13,0.31,4,True,False,0,2021-12-14,2023-01-14,,SYS_SCHEMA_VERSION,Fiscal-year 2022 split of SYS_SCHEMA_VERSION
SYS_SCHEMA_VERSION_2023,ADMIN_PLATFORM,SYSTEM,Platform,Platform Engineering,YEARLY,124,13,0.19,2,False,False,0,2022-12-31,2024-03-19,,SYS_SCHEMA_VERSION,Fiscal-year 2023 split of SYS_SCHEMA_VERSION
SYS_SCHEMA_VERSION_2024,ADMIN_PLATFORM,SYSTEM,Platform,Platform Engineering,YEARLY,165,13,0.12,1,True,False,0,2023-12-24,2025-04-27,,SYS_SCHEMA_VERSION,Fiscal-year 2024 split of SYS_SCHEMA_VERSION
SYS_SCHEMA_VERSION_2025,ADMIN_PLATFORM,SYSTEM,Platform,Platform Engineering,YEARLY,149,13,0.44,6,True,False,0,2024-12-17,2026-02-20,,SYS_SCHEMA_VERSION,Fiscal-year 2025 split of SYS_SCHEMA_VERSION
SYS_SCHEMA_VERSION_2026,ADMIN_PLATFORM,SYSTEM,Platform,Platform Engineering,YEARLY,113,13,0.25,3,True,False,22,2025-12-25,2026-10-07,,SYS_SCHEMA_VERSION,Fiscal-year 2026 split of SYS_SCHEMA_VERSION
SYS_SCHEMA_VERSION_HIST,ADMIN_PLATFORM,SYSTEM,Platform,Platform Engineering,HISTORY,445,17,0.19,2,False,False,5,2014-05-03,2026-10-07,,SYS_SCHEMA_VERSION,Effective-dated history / audit trail of SYS_SCHEMA_VERSION
SYS_SEQUENCE_REGISTRY,ADMIN_PLATFORM,SYSTEM,Platform,Platform Engineering,BASE,994,8,0.19,2,False,False,8,2014-04-15,2026-10-06,,,System/operational log of sequence registry
SYS_SEQUENCE_REGISTRY_BKP_20220723,ADMIN_PLATFORM,SYSTEM,Platform,Platform Engineering,BACKUP,615,8,0.06,0,False,False,0,2022-07-23,2022-07-23,,SYS_SEQUENCE_REGISTRY,Ad-hoc backup copy of SYS_SEQUENCE_REGISTRY taken 2022-07-23
SYS_SEQUENCE_REGISTRY_BKP_20240104,ADMIN_PLATFORM,SYSTEM,Platform,Platform Engineering,BACKUP,714,8,0.07,0,False,False,0,2024-01-04,2024-01-04,,SYS_SEQUENCE_REGISTRY,Ad-hoc backup copy of SYS_SEQUENCE_REGISTRY taken 2024-01-04
SYS_SEQUENCE_REGISTRY_HIST,ADMIN_PLATFORM,SYSTEM,Platform,Platform Engineering,HISTORY,427,12,0.44,6,True,False,5,2014-04-15,2026-10-06,,SYS_SEQUENCE_REGISTRY,Effective-dated history / audit trail of SYS_SEQUENCE_REGISTRY
SYS_STATS_SNAPSHOT,ADMIN_PLATFORM,SYSTEM,Platform,Platform Engineering,BASE,1497262,30,729.52,6,False,False,12226,2014-02-24,2026-10-07,,,System/operational log of stats snapshot
SYS_STATS_SNAPSHOT_HIST,ADMIN_PLATFORM,SYSTEM,Platform,Platform Engineering,HISTORY,1292618,34,299.72,2,True,False,10763,2014-02-24,2026-10-07,,SYS_STATS_SNAPSHOT,Effective-dated history / audit trail of SYS_STATS_SNAPSHOT
SYS_TENANT,ADMIN_PLATFORM,CONFIG,Platform,DBA Team,BASE,4,27,0.19,2,True,False,0,2013-11-17,2026-09-24,,,Configuration for tenant
SYS_TENANT_HIST,ADMIN_PLATFORM,CONFIG,Platform,DBA Team,HISTORY,18,31,0.31,4,True,False,0,2013-11-17,2026-09-24,,SYS_TENANT,Effective-dated history / audit trail of SYS_TENANT
SYS_UI_PREFERENCE,ADMIN_PLATFORM,DATA,Platform,Platform Engineering,BASE,590329,54,353.16,6,True,False,3366,2013-10-31,2026-09-09,SEC_USER,,Master/reference data: UI preference
SYS_UI_PREFERENCE_BKP_20160904,ADMIN_PLATFORM,DATA,Platform,Platform Engineering,BACKUP,119987,54,41.81,0,False,False,0,2016-09-04,2016-09-04,,SYS_UI_PREFERENCE,Ad-hoc backup copy of SYS_UI_PREFERENCE taken 2016-09-04
SYS_UI_PREFERENCE_HIST,ADMIN_PLATFORM,DATA,Platform,Platform Engineering,HISTORY,1508213,58,1301.94,5,True,False,14660,2013-10-31,2026-09-09,,SYS_UI_PREFERENCE,Effective-dated history / audit trail of SYS_UI_PREFERENCE
SYS_UI_PREFERENCE_V2,ADMIN_PLATFORM,DATA,Platform,Platform Engineering,VERSIONED,596145,56,294.13,5,True,False,57869,2025-12-12,2026-09-18,,SYS_UI_PREFERENCE,Re-modelled version of SYS_UI_PREFERENCE (migration in progress)
TMP_SEC_LOGIN_HISTORY,ADMIN_PLATFORM,SYSTEM,Security,Platform Engineering,TEMP,460796,18,62.72,1,False,False,0,2025-03-28,2025-04-23,,SEC_LOGIN_HISTORY,Temporary work table derived from SEC_LOGIN_HISTORY
TMP_SEC_ROLE_PERMISSION,ADMIN_PLATFORM,CONFIG,Security,Security & IAM,TEMP,18,10,0.06,0,False,False,0,2021-11-29,2021-12-12,,SEC_ROLE_PERMISSION,Temporary work table derived from SEC_ROLE_PERMISSION
TMP_SYS_EMAIL_OUTBOX,ADMIN_PLATFORM,SYSTEM,Platform,Platform Engineering,TEMP,225337,27,76.44,1,False,False,0,2025-04-22,2025-05-06,,SYS_EMAIL_OUTBOX,Temporary work table derived from SYS_EMAIL_OUTBOX
TMP_SYS_JOB_RUN_LOG,ADMIN_PLATFORM,SYSTEM,Jobs & Scheduling,Data Engineering,TEMP,0,27,0.06,0,False,False,0,2023-02-25,2023-03-24,,SYS_JOB_RUN_LOG,Temporary work table derived from SYS_JOB_RUN_LOG
TMP_WFL_TASK,ADMIN_PLATFORM,SYSTEM,Workflow,Platform Engineering,TEMP,0,32,0.12,1,False,False,0,2022-09-24,2022-09-24,,WFL_TASK,Temporary work table derived from WFL_TASK
TMP_WFL_TASK_HISTORY,ADMIN_PLATFORM,SYSTEM,Workflow,Platform Engineering,TEMP,0,29,0.06,0,False,False,0,2024-06-27,2024-07-03,,WFL_TASK_HISTORY,Temporary work table derived from WFL_TASK_HISTORY
WFL_TASK,ADMIN_PLATFORM,SYSTEM,Workflow,Platform Engineering,BASE,20615711,32,9624.16,3,True,False,201179,2015-05-22,2026-10-06,WFL_WORKFLOW_INSTANCE,,System/operational log of task
WFL_TASK_2019,ADMIN_PLATFORM,SYSTEM,Workflow,Platform Engineering,YEARLY,2606741,32,886.93,2,True,False,0,2018-12-19,2020-02-25,,WFL_TASK,Fiscal-year 2019 split of WFL_TASK
WFL_TASK_2020,ADMIN_PLATFORM,SYSTEM,Workflow,Platform Engineering,YEARLY,2292183,32,853.31,5,True,False,0,2019-12-21,2021-03-06,,WFL_TASK,Fiscal-year 2020 split of WFL_TASK
WFL_TASK_2021,ADMIN_PLATFORM,SYSTEM,Workflow,Platform Engineering,YEARLY,2802929,32,775.51,3,True,False,0,2020-12-19,2022-02-18,,WFL_TASK,Fiscal-year 2021 split of WFL_TASK
WFL_TASK_2022,ADMIN_PLATFORM,SYSTEM,Workflow,Platform Engineering,YEARLY,2703357,32,1274.17,6,False,False,0,2021-12-23,2023-02-12,,WFL_TASK,Fiscal-year 2022 split of WFL_TASK
WFL_TASK_2023,ADMIN_PLATFORM,SYSTEM,Workflow,Platform Engineering,YEARLY,3507522,32,1262.7,2,True,False,0,2022-12-15,2024-03-14,,WFL_TASK,Fiscal-year 2023 split of WFL_TASK
WFL_TASK_2024,ADMIN_PLATFORM,SYSTEM,Workflow,Platform Engineering,YEARLY,3748743,32,737.17,1,True,False,0,2023-12-27,2025-03-29,,WFL_TASK,Fiscal-year 2024 split of WFL_TASK
WFL_TASK_2025,ADMIN_PLATFORM,SYSTEM,Workflow,Platform Engineering,YEARLY,3001129,32,1153.86,3,True,False,0,2024-12-15,2026-03-10,,WFL_TASK,Fiscal-year 2025 split of WFL_TASK
WFL_TASK_2026,ADMIN_PLATFORM,SYSTEM,Workflow,Platform Engineering,YEARLY,2899063,32,752.46,1,True,False,610425,2025-12-23,2026-10-05,,WFL_TASK,Fiscal-year 2026 split of WFL_TASK
WFL_TASK_HIST,ADMIN_PLATFORM,SYSTEM,Workflow,Platform Engineering,HISTORY,7051952,36,2079.35,2,True,False,77565,2015-05-22,2026-10-06,,WFL_TASK,Effective-dated history / audit trail of WFL_TASK
WFL_TASK_HISTORY,ADMIN_PLATFORM,SYSTEM,Workflow,Platform Engineering,BASE,41341396,29,22779.61,6,True,False,415005,2013-08-22,2026-10-07,WFL_TASK,,System/operational log of task history
WFL_TASK_HISTORY_HIST,ADMIN_PLATFORM,SYSTEM,Workflow,Platform Engineering,HISTORY,15951855,33,7317.33,6,True,False,136039,2013-08-22,2026-10-07,,WFL_TASK_HISTORY,Effective-dated history / audit trail of WFL_TASK_HISTORY
WFL_WORKFLOW_DEF,ADMIN_PLATFORM,CONFIG,Workflow,Platform Engineering,BASE,228,31,0.12,1,True,False,1,2013-10-26,2026-07-20,,,Configuration for workflow definitions
WFL_WORKFLOW_DEF_APAC,ADMIN_PLATFORM,CONFIG,Workflow,Platform Engineering,REGIONAL,48,31,0.12,1,True,False,0,2016-05-12,2022-09-17,,WFL_WORKFLOW_DEF,Regional partition (APAC) of WFL_WORKFLOW_DEF
WFL_WORKFLOW_DEF_EMEA,ADMIN_PLATFORM,CONFIG,Workflow,Platform Engineering,REGIONAL,69,31,0.31,4,True,False,1,2017-01-26,2026-07-18,,WFL_WORKFLOW_DEF,Regional partition (EMEA) of WFL_WORKFLOW_DEF
WFL_WORKFLOW_DEF_HIST,ADMIN_PLATFORM,CONFIG,Workflow,Platform Engineering,HISTORY,614,35,0.17,1,True,False,4,2013-10-26,2026-07-20,,WFL_WORKFLOW_DEF,Effective-dated history / audit trail of WFL_WORKFLOW_DEF
WFL_WORKFLOW_DEF_LATAM,ADMIN_PLATFORM,CONFIG,Workflow,Platform Engineering,REGIONAL,14,31,0.25,3,True,False,0,2016-01-07,2026-07-20,,WFL_WORKFLOW_DEF,Regional partition (LATAM) of WFL_WORKFLOW_DEF
WFL_WORKFLOW_DEF_NA,ADMIN_PLATFORM,CONFIG,Workflow,Platform Engineering,REGIONAL,125,31,0.12,1,True,False,1,2016-03-17,2026-07-19,,WFL_WORKFLOW_DEF,Regional partition (NA) of WFL_WORKFLOW_DEF
WFL_WORKFLOW_INSTANCE,ADMIN_PLATFORM,SYSTEM,Workflow,Platform Engineering,BASE,5843495,32,3562.02,6,True,False,69743,2014-11-05,2026-10-07,WFL_WORKFLOW_DEF;LKP_WORKFLOW_STATUS,,System/operational log of workflow instance
WFL_WORKFLOW_INSTANCE_HIST,ADMIN_PLATFORM,SYSTEM,Workflow,Platform Engineering,HISTORY,2573108,36,1070.69,3,True,False,21278,2014-11-05,2026-10-07,,WFL_WORKFLOW_INSTANCE,Effective-dated history / audit trail of WFL_WORKFLOW_INSTANCE
